seg_id,Subject_ID,Mask_F1,Mask_Precision,Mask_Recall,Mask_Prob_Mean,Mask_Prob_Max,Mask_True_Sparsity,Mask_Pred_Sparsity
0,25,0.11653914067087304,0.061874999999999965,0.9999999999999899,0.5653075896948576,0.681117057800293,0.061875,1.0
1,25,0.11653914067087304,0.061874999999999965,0.9999999999999899,0.5653595716133714,0.6691462993621826,0.061875,1.0
2,25,0.11653914067087304,0.061874999999999965,0.9999999999999899,0.5653128908202052,0.6589405536651611,0.061875,1.0
3,25,0.11653914067087304,0.061874999999999965,0.9999999999999899,0.5654257404059172,0.6542424559593201,0.061875,1.0
4,25,0.11653914067087304,0.061874999999999965,0.9999999999999899,0.5654110050573945,0.6485312581062317,0.061875,1.0
5,25,0.11653914067087304,0.061874999999999965,0.9999999999999899,0.565386565066874,0.6452187895774841,0.061875,1.0
6,25,0.10426540284350293,0.054999999999999966,0.9999999999999887,0.5654111753404141,0.6330792903900146,0.055,1.0
7,25,0.10426540284350293,0.054999999999999966,0.9999999999999887,0.5653526703640819,0.6344397664070129,0.055,1.0
8,25,0.11542991754995,0.061249999999999964,0.9999999999999899,0.5653767175972462,0.6316404938697815,0.06125,1.0
9,25,0.11653914067087304,0.061874999999999965,0.9999999999999899,0.5654259449616075,0.630448043346405,0.061875,1.0
10,25,0.11653914067087304,0.061874999999999965,0.9999999999999899,0.5650153508782387,0.6270192861557007,0.061875,1.0
11,25,0.11653914067087304,0.061874999999999965,0.9999999999999899,0.5651005408912897,0.6253877282142639,0.061875,1.0
12,25,0.11653914067087304,0.061874999999999965,0.9999999999999899,0.5651269263029098,0.625361979007721,0.061875,1.0
13,25,0.11653914067087304,0.061874999999999965,0.9999999999999899,0.5649855240434408,0.625646710395813,0.061875,1.0
14,25,0.11653914067087304,0.061874999999999965,0.9999999999999899,0.5650531502440572,0.6277275085449219,0.061875,1.0
15,25,0.11653914067087304,0.061874999999999965,0.9999999999999899,0.5651490092650056,0.628369927406311,0.061875,1.0
16,25,0.10538780343388464,0.055624999999999966,0.9999999999999888,0.565095326565206,0.6287028789520264,0.055625,1.0
17,25,0.11653914067087304,0.061874999999999965,0.9999999999999899,0.5648732185736298,0.6298633813858032,0.061875,1.0
18,25,0.11653914067087304,0.061874999999999965,0.9999999999999899,0.5652777842804789,0.6293489336967468,0.061875,1.0
19,25,0.11653914067087304,0.061874999999999965,0.9999999999999899,0.5650196340680123,0.6278770565986633,0.061875,1.0
20,25,0.11653914067087304,0.061874999999999965,0.9999999999999899,0.5649967669695616,0.6267586946487427,0.061875,1.0
21,25,0.11653914067087304,0.061874999999999965,0.9999999999999899,0.5651878126338125,0.6278024911880493,0.061875,1.0
22,25,0.11653914067087304,0.061874999999999965,0.9999999999999899,0.5650896200165153,0.6281129717826843,0.061875,1.0
23,25,0.11653914067087304,0.061874999999999965,0.9999999999999899,0.5648665849119425,0.6269180178642273,0.061875,1.0
24,25,0.12865497076011337,0.06874999999999996,0.999999999999991,0.564857155457139,0.6250940561294556,0.06875,1.0
25,25,0.11653914067087304,0.061874999999999965,0.9999999999999899,0.5650580738484859,0.6241852045059204,0.061875,1.0
26,25,0.11653914067087304,0.061874999999999965,0.9999999999999899,0.565008582957089,0.6286619305610657,0.061875,1.0
27,25,0.11653914067087304,0.061874999999999965,0.9999999999999899,0.5650522924214602,0.6294391751289368,0.061875,1.0
28,25,0.11653914067087304,0.061874999999999965,0.9999999999999899,0.5651816014200449,0.6271585822105408,0.061875,1.0
29,25,0.11653914067087304,0.061874999999999965,0.9999999999999899,0.565049467086792,0.6265038251876831,0.061875,1.0
30,25,0.11653914067087304,0.061874999999999965,0.9999999999999899,0.5650252080708742,0.6352018713951111,0.061875,1.0
31,25,0.11653914067087304,0.061874999999999965,0.9999999999999899,0.565043641962111,0.6371428966522217,0.061875,1.0
32,25,0.10426540284350293,0.054999999999999966,0.9999999999999887,0.565113784968853,0.6384963989257812,0.055,1.0
33,25,0.10426540284350293,0.054999999999999966,0.9999999999999887,0.5649354401230812,0.6392993330955505,0.055,1.0
34,25,0.10426540284350293,0.054999999999999966,0.9999999999999887,0.5650977410376072,0.6413876414299011,0.055,1.0
35,25,0.10426540284350293,0.054999999999999966,0.9999999999999887,0.5650313187018037,0.6413918733596802,0.055,1.0
36,25,0.11653914067087304,0.061874999999999965,0.9999999999999899,0.5648939976841212,0.643554151058197,0.061875,1.0
37,25,0.11653914067087304,0.061874999999999965,0.9999999999999899,0.5650544019043445,0.6415443420410156,0.061875,1.0
38,25,0.11653914067087304,0.061874999999999965,0.9999999999999899,0.5648892876133322,0.6390493512153625,0.061875,1.0
39,25,0.11653914067087304,0.061874999999999965,0.9999999999999899,0.5650351949781179,0.639550507068634,0.061875,1.0
40,25,0.11653914067087304,0.061874999999999965,0.9999999999999899,0.5650322768837214,0.6404725909233093,0.061875,1.0
41,25,0.11653914067087304,0.061874999999999965,0.9999999999999899,0.5650741418451071,0.6415292024612427,0.061875,1.0
42,25,0.11653914067087304,0.061874999999999965,0.9999999999999899,0.5651602853089571,0.6408900022506714,0.061875,1.0
43,25,0.11653914067087304,0.061874999999999965,0.9999999999999899,0.5652956926822662,0.6416447162628174,0.061875,1.0
44,25,0.10426540284350293,0.054999999999999966,0.9999999999999887,0.5653751144558191,0.640215277671814,0.055,1.0
45,25,0.10426540284350293,0.054999999999999966,0.9999999999999887,0.5652530942484737,0.6451070308685303,0.055,1.0
46,25,0.11653914067087304,0.061874999999999965,0.9999999999999899,0.5655340448766947,0.645968496799469,0.061875,1.0
47,25,0.11653914067087304,0.061874999999999965,0.9999999999999899,0.5653160690516233,0.6396676898002625,0.061875,1.0
48,25,0.11653914067087304,0.061874999999999965,0.9999999999999899,0.5653492679819465,0.637798011302948,0.061875,1.0
49,25,0.11653914067087304,0.061874999999999965,0.9999999999999899,0.5654400347545743,0.6377836465835571,0.061875,1.0
50,25,0.11653914067087304,0.061874999999999965,0.9999999999999899,0.5653793323412537,0.6403182148933411,0.061875,1.0
51,25,0.11653914067087304,0.061874999999999965,0.9999999999999899,0.5653330716118217,0.6432751417160034,0.061875,1.0
52,25,0.11653914067087304,0.061874999999999965,0.9999999999999899,0.5653945738449693,0.6461969017982483,0.061875,1.0
53,25,0.11653914067087304,0.061874999999999965,0.9999999999999899,0.565394109338522,0.6452838778495789,0.061875,1.0
54,25,0.10426540284350293,0.054999999999999966,0.9999999999999887,0.5653129811957478,0.6435484290122986,0.055,1.0
55,25,0.11653914067087304,0.061874999999999965,0.9999999999999899,0.5654160056263209,0.6485482454299927,0.061875,1.0
56,25,0.11653914067087304,0.061874999999999965,0.9999999999999899,0.5654512439295649,0.6322658658027649,0.061875,1.0
57,25,0.11653914067087304,0.061874999999999965,0.9999999999999899,0.5654373310133815,0.6398694515228271,0.061875,1.0
58,25,0.11653914067087304,0.061874999999999965,0.9999999999999899,0.5652725325897336,0.6384581923484802,0.061875,1.0
59,25,0.11653914067087304,0.061874999999999965,0.9999999999999899,0.5652973366901278,0.6387929320335388,0.061875,1.0
60,25,0.11653914067087304,0.061874999999999965,0.9999999999999899,0.5652710007503629,0.6391091346740723,0.061875,1.0
61,25,0.11653914067087304,0.061874999999999965,0.9999999999999899,0.5652326408401132,0.6378166675567627,0.061875,1.0
62,25,0.11653914067087304,0.061874999999999965,0.9999999999999899,0.5652206845581531,0.6366226077079773,0.061875,1.0
63,25,0.11653914067087304,0.061874999999999965,0.9999999999999899,0.5652921831235289,0.6375183463096619,0.061875,1.0
64,25,0.11653914067087304,0.061874999999999965,0.9999999999999899,0.565129732452333,0.6407233476638794,0.061875,1.0
65,25,0.11653914067087304,0.061874999999999965,0.9999999999999899,0.5650769620016217,0.6434202194213867,0.061875,1.0
66,25,0.11653914067087304,0.061874999999999965,0.9999999999999899,0.5649488220363855,0.6409693360328674,0.061875,1.0
67,25,0.11653914067087304,0.061874999999999965,0.9999999999999899,0.564909394159913,0.6360601186752319,0.061875,1.0
68,25,0.11653914067087304,0.061874999999999965,0.9999999999999899,0.5650339881330728,0.6358410716056824,0.061875,1.0
69,25,0.11653914067087304,0.061874999999999965,0.9999999999999899,0.565024179071188,0.6357459425926208,0.061875,1.0
70,25,0.12865497076011337,0.06874999999999996,0.999999999999991,0.5650457240268588,0.6371597051620483,0.06875,1.0
71,25,0.11653914067087304,0.061874999999999965,0.9999999999999899,0.5653077349066734,0.6371162533760071,0.061875,1.0
72,25,0.11653914067087304,0.061874999999999965,0.9999999999999899,0.5651994656771422,0.6368114948272705,0.061875,1.0
73,25,0.11653914067087304,0.061874999999999965,0.9999999999999899,0.5651648385077714,0.6372851729393005,0.061875,1.0
74,25,0.11653914067087304,0.061874999999999965,0.9999999999999899,0.5651955999806524,0.6379297971725464,0.061875,1.0
75,25,0.11653914067087304,0.061874999999999965,0.9999999999999899,0.5650672704726457,0.6380611658096313,0.061875,1.0
76,25,0.12865497076011337,0.06874999999999996,0.999999999999991,0.5651350089907646,0.6323833465576172,0.06875,1.0
77,25,0.12865497076011337,0.06874999999999996,0.999999999999991,0.5652788030728698,0.6344923377037048,0.06875,1.0
78,25,0.11653914067087304,0.061874999999999965,0.9999999999999899,0.5650924725085497,0.6330177187919617,0.061875,1.0
79,25,0.11653914067087304,0.061874999999999965,0.9999999999999899,0.5648427257314325,0.6331154108047485,0.061875,1.0
80,25,0.11653914067087304,0.061874999999999965,0.9999999999999899,0.5648764201253652,0.634644627571106,0.061875,1.0
81,25,0.11653914067087304,0.061874999999999965,0.9999999999999899,0.5649283899739385,0.6339249014854431,0.061875,1.0
82,25,0.11653914067087304,0.061874999999999965,0.9999999999999899,0.5648859261348843,0.6341126561164856,0.061875,1.0
83,25,0.12865497076011337,0.06874999999999996,0.999999999999991,0.5648170981928706,0.6329978704452515,0.06875,1.0
84,25,0.11653914067087304,0.061874999999999965,0.9999999999999899,0.5647933737933636,0.630479097366333,0.061875,1.0
85,25,0.11653914067087304,0.061874999999999965,0.9999999999999899,0.5647070940583945,0.628890335559845,0.061875,1.0
86,25,0.11653914067087304,0.061874999999999965,0.9999999999999899,0.5647562336176634,0.6303303241729736,0.061875,1.0
87,25,0.11653914067087304,0.061874999999999965,0.9999999999999899,0.5648703458532691,0.630169689655304,0.061875,1.0
88,25,0.11653914067087304,0.061874999999999965,0.9999999999999899,0.5648575589805841,0.6290592551231384,0.061875,1.0
89,25,0.11653914067087304,0.061874999999999965,0.9999999999999899,0.564808677956462,0.6293979287147522,0.061875,1.0
90,25,0.11653914067087304,0.061874999999999965,0.9999999999999899,0.5650099926441908,0.6309995651245117,0.061875,1.0
91,25,0.11653914067087304,0.061874999999999965,0.9999999999999899,0.5651399188861251,0.6346936225891113,0.061875,1.0
92,25,0.11653914067087304,0.061874999999999965,0.9999999999999899,0.5651147810742259,0.6349767446517944,0.061875,1.0
93,25,0.11653914067087304,0.061874999999999965,0.9999999999999899,0.5646932109072804,0.6299883127212524,0.061875,1.0
94,25,0.11653914067087304,0.061874999999999965,0.9999999999999899,0.5648072907328605,0.627887487411499,0.061875,1.0
95,25,0.11653914067087304,0.061874999999999965,0.9999999999999899,0.5649209444224834,0.6323351860046387,0.061875,1.0
96,25,0.11653914067087304,0.061874999999999965,0.9999999999999899,0.5648694341629743,0.6419495344161987,0.061875,1.0
97,25,0.11653914067087304,0.061874999999999965,0.9999999999999899,0.5649148739129305,0.6422855854034424,0.061875,1.0
98,25,0.11653914067087304,0.061874999999999965,0.9999999999999899,0.5649385546892881,0.6420769691467285,0.061875,1.0
99,25,0.11653914067087304,0.061874999999999965,0.9999999999999899,0.564867798872292,0.6432017683982849,0.061875,1.0
100,25,0.11653914067087304,0.061874999999999965,0.9999999999999899,0.5651739228144288,0.6460332274436951,0.061875,1.0
101,25,0.11653914067087304,0.061874999999999965,0.9999999999999899,0.565385714545846,0.6459140181541443,0.061875,1.0
102,25,0.11653914067087304,0.061874999999999965,0.9999999999999899,0.5655185972154141,0.6470271944999695,0.061875,1.0
103,25,0.11653914067087304,0.061874999999999965,0.9999999999999899,0.5655335364490748,0.6456999778747559,0.061875,1.0
104,25,0.11653914067087304,0.061874999999999965,0.9999999999999899,0.5655095244199038,0.6484394073486328,0.061875,1.0
105,25,0.11653914067087304,0.061874999999999965,0.9999999999999899,0.5655480116233229,0.6494324803352356,0.061875,1.0
106,25,0.11653914067087304,0.061874999999999965,0.9999999999999899,0.5654347994178534,0.6483340263366699,0.061875,1.0
107,25,0.10426540284350293,0.054999999999999966,0.9999999999999887,0.5653609918057918,0.6461267471313477,0.055,1.0
108,25,0.11653914067087304,0.061874999999999965,0.9999999999999899,0.5649219150468707,0.6414718627929688,0.061875,1.0
109,25,0.11653914067087304,0.061874999999999965,0.9999999999999899,0.5649627420678734,0.6402595043182373,0.061875,1.0
110,25,0.11653914067087304,0.061874999999999965,0.9999999999999899,0.5649341821670533,0.6396558284759521,0.061875,1.0
111,25,0.11653914067087304,0.061874999999999965,0.9999999999999899,0.5648865412175655,0.6360803246498108,0.061875,1.0
112,25,0.11653914067087304,0.061874999999999965,0.9999999999999899,0.5648836785927415,0.6368476152420044,0.061875,1.0
113,25,0.11653914067087304,0.061874999999999965,0.9999999999999899,0.5647351215407252,0.6356636881828308,0.061875,1.0
114,25,0.11653914067087304,0.061874999999999965,0.9999999999999899,0.5647679812088608,0.6342083215713501,0.061875,1.0
115,25,0.11653914067087304,0.061874999999999965,0.9999999999999899,0.564717551805079,0.6321663856506348,0.061875,1.0
116,25,0.10426540284350293,0.054999999999999966,0.9999999999999887,0.5648758444190025,0.6354190707206726,0.055,1.0
117,25,0.1109799291616424,0.05874999999999997,0.9999999999999895,0.5649549658969044,0.6407837271690369,0.05875,1.0
118,25,0.11653914067087304,0.061874999999999965,0.9999999999999899,0.5649561773613095,0.6432374715805054,0.061875,1.0
119,25,0.11653914067087304,0.061874999999999965,0.9999999999999899,0.5649709093943238,0.6401169300079346,0.061875,1.0
120,25,0.11653914067087304,0.061874999999999965,0.9999999999999899,0.5650871960818767,0.6403080224990845,0.061875,1.0
121,25,0.12865497076011337,0.06874999999999996,0.999999999999991,0.5654181250929833,0.6382423639297485,0.06875,1.0
122,25,0.12865497076011337,0.06874999999999996,0.999999999999991,0.5652735549584031,0.6339893937110901,0.06875,1.0
123,25,0.12865497076011337,0.06874999999999996,0.999999999999991,0.5655200156569481,0.636307954788208,0.06875,1.0
124,25,0.12865497076011337,0.06874999999999996,0.999999999999991,0.5654694379121065,0.6366469860076904,0.06875,1.0
125,25,0.12206572769941575,0.06499999999999996,0.9999999999999905,0.565420911833644,0.6382505893707275,0.065,1.0
126,25,0.11653914067087304,0.061874999999999965,0.9999999999999899,0.5650656205415726,0.633604884147644,0.061875,1.0
127,25,0.12865497076011337,0.06874999999999996,0.999999999999991,0.5652545017749071,0.6352837681770325,0.06875,1.0
128,25,0.12865497076011337,0.06874999999999996,0.999999999999991,0.5652559057995677,0.6306970715522766,0.06875,1.0
129,25,0.11653914067087304,0.061874999999999965,0.9999999999999899,0.5651387824118137,0.6300644874572754,0.061875,1.0
130,25,0.11653914067087304,0.061874999999999965,0.9999999999999899,0.565186375156045,0.6358607411384583,0.061875,1.0
131,25,0.11653914067087304,0.061874999999999965,0.9999999999999899,0.5650014944002032,0.6256335377693176,0.061875,1.0
132,25,0.11653914067087304,0.061874999999999965,0.9999999999999899,0.564914589971304,0.6229974031448364,0.061875,1.0
133,25,0.11653914067087304,0.061874999999999965,0.9999999999999899,0.5650599161908031,0.6299251914024353,0.061875,1.0
134,25,0.11653914067087304,0.061874999999999965,0.9999999999999899,0.5652807788178325,0.6329842805862427,0.061875,1.0
135,25,0.11542991754995,0.061249999999999964,0.9999999999999899,0.5650930174440145,0.6345234513282776,0.06125,1.0
136,25,0.11653914067087304,0.061874999999999965,0.9999999999999899,0.5651266372948885,0.6378659009933472,0.061875,1.0
137,25,0.11653914067087304,0.061874999999999965,0.9999999999999899,0.5649467592686415,0.6358133554458618,0.061875,1.0
138,25,0.11653914067087304,0.061874999999999965,0.9999999999999899,0.5638644913583994,0.6343550086021423,0.061875,1.0
139,25,0.11653914067087304,0.061874999999999965,0.9999999999999899,0.5639784037694335,0.6238002181053162,0.061875,1.0
140,25,0.11653914067087304,0.061874999999999965,0.9999999999999899,0.5639419676363469,0.625525951385498,0.061875,1.0
141,25,0.11653914067087304,0.061874999999999965,0.9999999999999899,0.5639539838954807,0.6267328262329102,0.061875,1.0
142,25,0.11653914067087304,0.061874999999999965,0.9999999999999899,0.5638941877707839,0.6276426911354065,0.061875,1.0
143,25,0.10538780343388464,0.055624999999999966,0.9999999999999888,0.5638815263286233,0.626404345035553,0.055625,1.0
144,25,0.10426540284350293,0.054999999999999966,0.9999999999999887,0.5637144466862083,0.6243405342102051,0.055,1.0
145,25,0.10426540284350293,0.054999999999999966,0.9999999999999887,0.5637634289637208,0.6253477931022644,0.055,1.0
146,25,0.10426540284350293,0.054999999999999966,0.9999999999999887,0.5647553888708353,0.6301885843276978,0.055,1.0
147,25,0.10426540284350293,0.054999999999999966,0.9999999999999887,0.5647797643393279,0.6362228393554688,0.055,1.0
148,25,0.10426540284350293,0.054999999999999966,0.9999999999999887,0.5648500820621848,0.6396165490150452,0.055,1.0
149,25,0.10874704491715471,0.05749999999999997,0.9999999999999892,0.5646831046417355,0.6391921639442444,0.0575,1.0
150,25,0.11653914067087304,0.061874999999999965,0.9999999999999899,0.5646966147050262,0.6361823081970215,0.061875,1.0
151,25,0.11653914067087304,0.061874999999999965,0.9999999999999899,0.5648628201708198,0.6350944638252258,0.061875,1.0
152,25,0.11653914067087304,0.061874999999999965,0.9999999999999899,0.5652800413966179,0.638357400894165,0.061875,1.0
153,25,0.11653914067087304,0.061874999999999965,0.9999999999999899,0.5650615694001317,0.6414856910705566,0.061875,1.0
154,25,0.11653914067087304,0.061874999999999965,0.9999999999999899,0.5650859263911844,0.6377320885658264,0.061875,1.0
155,25,0.11653914067087304,0.061874999999999965,0.9999999999999899,0.5649031749367714,0.6328639984130859,0.061875,1.0
156,25,0.11653914067087304,0.061874999999999965,0.9999999999999899,0.5649945908039808,0.6296026110649109,0.061875,1.0
157,25,0.11209439528013006,0.05937499999999997,0.9999999999999896,0.5650412278622389,0.6298080682754517,0.059375,1.0
158,25,0.10426540284350293,0.054999999999999966,0.9999999999999887,0.5649818266183138,0.6323767900466919,0.055,1.0
159,25,0.10426540284350293,0.054999999999999966,0.9999999999999887,0.564762934781611,0.6325322985649109,0.055,1.0
160,25,0.10426540284350293,0.054999999999999966,0.9999999999999887,0.5646549663692713,0.6286301612854004,0.055,1.0
161,25,0.11542991754995,0.061249999999999964,0.9999999999999899,0.5648905321955681,0.6313144564628601,0.06125,1.0
162,25,0.11653914067087304,0.061874999999999965,0.9999999999999899,0.5648664486035705,0.6325837969779968,0.061875,1.0
163,25,0.11653914067087304,0.061874999999999965,0.9999999999999899,0.5653627283126116,0.6343708634376526,0.061875,1.0
164,25,0.11653914067087304,0.061874999999999965,0.9999999999999899,0.5651066760718823,0.6340829730033875,0.061875,1.0
165,25,0.11653914067087304,0.061874999999999965,0.9999999999999899,0.5651436987146735,0.6359633207321167,0.061875,1.0
166,25,0.11653914067087304,0.061874999999999965,0.9999999999999899,0.5651748963817954,0.6346536874771118,0.061875,1.0
167,25,0.11653914067087304,0.061874999999999965,0.9999999999999899,0.5652395233511924,0.6325371861457825,0.061875,1.0
168,25,0.11653914067087304,0.061874999999999965,0.9999999999999899,0.5652295245602726,0.6326159834861755,0.061875,1.0
169,25,0.10538780343388464,0.055624999999999966,0.9999999999999888,0.5651643210276961,0.6353276371955872,0.055625,1.0
170,25,0.11209439528013006,0.05937499999999997,0.9999999999999896,0.5650302755832672,0.6356836557388306,0.059375,1.0
171,25,0.11653914067087304,0.061874999999999965,0.9999999999999899,0.564749422930181,0.6386846303939819,0.061875,1.0
172,25,0.11653914067087304,0.061874999999999965,0.9999999999999899,0.5651960824802518,0.6435900926589966,0.061875,1.0
173,25,0.11653914067087304,0.061874999999999965,0.9999999999999899,0.5648987044766546,0.6397666931152344,0.061875,1.0
174,25,0.11653914067087304,0.061874999999999965,0.9999999999999899,0.5648302528634668,0.6363822817802429,0.061875,1.0
175,25,0.11653914067087304,0.061874999999999965,0.9999999999999899,0.564934823140502,0.6375392079353333,0.061875,1.0
176,25,0.11653914067087304,0.061874999999999965,0.9999999999999899,0.5649249857664108,0.6384164094924927,0.061875,1.0
177,25,0.12426729191078599,0.06624999999999996,0.9999999999999906,0.5650144660845399,0.6389588117599487,0.06625,1.0
178,25,0.12096300645907586,0.06437499999999996,0.9999999999999903,0.5650730699673295,0.633465588092804,0.064375,1.0
179,25,0.11653914067087304,0.061874999999999965,0.9999999999999899,0.5648577670380474,0.6298307180404663,0.061875,1.0
180,25,0.11653914067087304,0.061874999999999965,0.9999999999999899,0.564787153750658,0.6301004886627197,0.061875,1.0
181,25,0.11653914067087304,0.061874999999999965,0.9999999999999899,0.564952706694603,0.6320226788520813,0.061875,1.0
182,25,0.11653914067087304,0.061874999999999965,0.9999999999999899,0.5653230995684863,0.6265732645988464,0.061875,1.0
183,25,0.11653914067087304,0.061874999999999965,0.9999999999999899,0.5650895588845014,0.6471346020698547,0.061875,1.0
184,25,0.11653914067087304,0.061874999999999965,0.9999999999999899,0.5652245219796896,0.6476350426673889,0.061875,1.0
185,25,0.10874704491715471,0.05749999999999997,0.9999999999999892,0.5651607937738299,0.6446678042411804,0.0575,1.0
186,25,0.11653914067087304,0.061874999999999965,0.9999999999999899,0.5651388117671012,0.6483668684959412,0.061875,1.0
187,25,0.11653914067087304,0.061874999999999965,0.9999999999999899,0.565409413203597,0.6423368453979492,0.061875,1.0
188,25,0.11653914067087304,0.061874999999999965,0.9999999999999899,0.5653229843080044,0.637198269367218,0.061875,1.0
189,25,0.11653914067087304,0.061874999999999965,0.9999999999999899,0.5653539745509625,0.6374781131744385,0.061875,1.0
190,25,0.11653914067087304,0.061874999999999965,0.9999999999999899,0.5650152672827243,0.630481481552124,0.061875,1.0
191,25,0.12755997659438012,0.06812499999999996,0.9999999999999909,0.5648797503113747,0.6292060017585754,0.068125,1.0
192,25,0.12865497076011337,0.06874999999999996,0.999999999999991,0.5648339917883277,0.629859447479248,0.06875,1.0
193,25,0.11653914067087304,0.061874999999999965,0.9999999999999899,0.5649608414620161,0.626435399055481,0.061875,1.0
194,25,0.11653914067087304,0.061874999999999965,0.9999999999999899,0.5645513169839979,0.6210606694221497,0.061875,1.0
195,25,0.11653914067087304,0.061874999999999965,0.9999999999999899,0.5644742141664029,0.6233909726142883,0.061875,1.0
196,25,0.11653914067087304,0.061874999999999965,0.9999999999999899,0.5644576001912356,0.6227045655250549,0.061875,1.0
197,25,0.11653914067087304,0.061874999999999965,0.9999999999999899,0.5647038343921303,0.6260058283805847,0.061875,1.0
198,25,0.11653914067087304,0.061874999999999965,0.9999999999999899,0.5647770251706242,0.6280001997947693,0.061875,1.0
199,25,0.10538780343388464,0.055624999999999966,0.9999999999999888,0.5647132305055856,0.6262302994728088,0.055625,1.0
200,25,0.10762862211698851,0.05687499999999997,0.9999999999999891,0.564702701754868,0.627379298210144,0.056875,1.0
201,25,0.11653914067087304,0.061874999999999965,0.9999999999999899,0.5646562084183097,0.6319453120231628,0.061875,1.0
202,25,0.11653914067087304,0.061874999999999965,0.9999999999999899,0.5653605247288942,0.6410067677497864,0.061875,1.0
203,25,0.11653914067087304,0.061874999999999965,0.9999999999999899,0.5651084733009338,0.6393660306930542,0.061875,1.0
204,25,0.11653914067087304,0.061874999999999965,0.9999999999999899,0.5651875487342477,0.6382355093955994,0.061875,1.0
205,25,0.11653914067087304,0.061874999999999965,0.9999999999999899,0.5652698304131627,0.6402835249900818,0.061875,1.0
206,25,0.11653914067087304,0.061874999999999965,0.9999999999999899,0.5651852721348405,0.6309675574302673,0.061875,1.0
207,25,0.11653914067087304,0.061874999999999965,0.9999999999999899,0.5652935563400387,0.6300269365310669,0.061875,1.0
208,25,0.11320754716970438,0.05999999999999996,0.9999999999999897,0.5654142210632562,0.6308147311210632,0.06,1.0
209,25,0.11653914067087304,0.061874999999999965,0.9999999999999899,0.5652556889504194,0.6321895718574524,0.061875,1.0
210,25,0.11653914067087304,0.061874999999999965,0.9999999999999899,0.5653132246434689,0.6297035813331604,0.061875,1.0
211,25,0.11653914067087304,0.061874999999999965,0.9999999999999899,0.5653120191022754,0.6271963119506836,0.061875,1.0
212,25,0.11653914067087304,0.061874999999999965,0.9999999999999899,0.5647469945997,0.6496317982673645,0.061875,1.0
213,25,0.11653914067087304,0.061874999999999965,0.9999999999999899,0.5646436156705021,0.6508956551551819,0.061875,1.0
214,25,0.12865497076011337,0.06874999999999996,0.999999999999991,0.5647104724869132,0.6523674726486206,0.06875,1.0
215,25,0.12865497076011337,0.06874999999999996,0.999999999999991,0.5645578909665346,0.65597003698349,0.06875,1.0
216,25,0.12865497076011337,0.06874999999999996,0.999999999999991,0.5644875784963369,0.6559996008872986,0.06875,1.0
217,25,0.11653914067087304,0.061874999999999965,0.9999999999999899,0.5645975430682302,0.6519412398338318,0.061875,1.0
218,25,0.11653914067087304,0.061874999999999965,0.9999999999999899,0.5645213301852345,0.6549591422080994,0.061875,1.0
219,25,0.11653914067087304,0.061874999999999965,0.9999999999999899,0.5647325172647834,0.6611728668212891,0.061875,1.0
220,25,0.118753674309118,0.06312499999999996,0.9999999999999901,0.5656099117174744,0.6722089052200317,0.063125,1.0
221,25,0.12865497076011337,0.06874999999999996,0.999999999999991,0.5658948256447911,0.6696383357048035,0.06875,1.0
222,25,0.11653914067087304,0.061874999999999965,0.9999999999999899,0.5656059433147311,0.6641040444374084,0.061875,1.0
223,25,0.11653914067087304,0.061874999999999965,0.9999999999999899,0.5657919998839498,0.6601771116256714,0.061875,1.0
224,25,0.11653914067087304,0.061874999999999965,0.9999999999999899,0.5657672732695938,0.6591625213623047,0.061875,1.0
225,25,0.11653914067087304,0.061874999999999965,0.9999999999999899,0.5654780090972781,0.6251286864280701,0.061875,1.0
226,25,0.11653914067087304,0.061874999999999965,0.9999999999999899,0.5652046228572726,0.6317496299743652,0.061875,1.0
227,25,0.12865497076011337,0.06874999999999996,0.999999999999991,0.56519730579108,0.6523932218551636,0.06875,1.0
228,25,0.1264637002340734,0.06749999999999996,0.9999999999999908,0.5652692053467036,0.6526739597320557,0.0675,1.0
229,25,0.11653914067087304,0.061874999999999965,0.9999999999999899,0.565191192664206,0.6534660458564758,0.061875,1.0
230,25,0.11653914067087304,0.061874999999999965,0.9999999999999899,0.5653224128484726,0.6501354575157166,0.061875,1.0
231,25,0.11653914067087304,0.061874999999999965,0.9999999999999899,0.5654521870613098,0.6485169529914856,0.061875,1.0
232,25,0.11653914067087304,0.061874999999999965,0.9999999999999899,0.5655014337599278,0.6483956575393677,0.061875,1.0
233,25,0.11653914067087304,0.061874999999999965,0.9999999999999899,0.5656947737932205,0.6493756175041199,0.061875,1.0
234,25,0.1264637002340734,0.06749999999999996,0.9999999999999908,0.5658199886605143,0.6500715613365173,0.0675,1.0
235,25,0.11653914067087304,0.061874999999999965,0.9999999999999899,0.5660604793578387,0.6357347369194031,0.061875,1.0
236,25,0.11653914067087304,0.061874999999999965,0.9999999999999899,0.5657370997592807,0.6347265243530273,0.061875,1.0
237,25,0.11653914067087304,0.061874999999999965,0.9999999999999899,0.5656792318820953,0.6343313455581665,0.061875,1.0
238,25,0.11653914067087304,0.061874999999999965,0.9999999999999899,0.5657760186120868,0.6350473165512085,0.061875,1.0
239,25,0.11653914067087304,0.061874999999999965,0.9999999999999899,0.5657150151580572,0.6362718343734741,0.061875,1.0
240,25,0.11653914067087304,0.061874999999999965,0.9999999999999899,0.5658265051618219,0.6373056173324585,0.061875,1.0
241,25,0.11653914067087304,0.061874999999999965,0.9999999999999899,0.5660781487450004,0.6375964879989624,0.061875,1.0
242,25,0.10650887573954401,0.05624999999999997,0.9999999999999889,0.5662811499089002,0.6404117941856384,0.05625,1.0
243,25,0.10426540284350293,0.054999999999999966,0.9999999999999887,0.5660400602594018,0.6440247297286987,0.055,1.0
244,25,0.10426540284350293,0.054999999999999966,0.9999999999999887,0.566231507025659,0.6458492875099182,0.055,1.0
245,25,0.10426540284350293,0.054999999999999966,0.9999999999999887,0.5659576769545674,0.6448943018913269,0.055,1.0
246,25,0.11653914067087304,0.061874999999999965,0.9999999999999899,0.565932618752122,0.6398727893829346,0.061875,1.0
247,25,0.11653914067087304,0.061874999999999965,0.9999999999999899,0.5659792902693153,0.638289749622345,0.061875,1.0
248,25,0.11653914067087304,0.061874999999999965,0.9999999999999899,0.5657777209952474,0.6369206309318542,0.061875,1.0
249,25,0.11653914067087304,0.061874999999999965,0.9999999999999899,0.5656389535591007,0.6357479691505432,0.061875,1.0
250,25,0.11653914067087304,0.061874999999999965,0.9999999999999899,0.5655229421705008,0.6320925951004028,0.061875,1.0
251,25,0.11653914067087304,0.061874999999999965,0.9999999999999899,0.5654316169396043,0.6323760151863098,0.061875,1.0
252,25,0.11653914067087304,0.061874999999999965,0.9999999999999899,0.5655263574048877,0.6297236680984497,0.061875,1.0
253,25,0.11653914067087304,0.061874999999999965,0.9999999999999899,0.5657049744203687,0.6297591328620911,0.061875,1.0
254,25,0.10426540284350293,0.054999999999999966,0.9999999999999887,0.5654837747290731,0.6310775876045227,0.055,1.0
255,25,0.10426540284350293,0.054999999999999966,0.9999999999999887,0.565185498520732,0.629102885723114,0.055,1.0
256,25,0.1143193871536929,0.060624999999999964,0.9999999999999898,0.5652676450088621,0.6270326375961304,0.060625,1.0
257,25,0.11653914067087304,0.061874999999999965,0.9999999999999899,0.5651481514796615,0.6374660134315491,0.061875,1.0
258,25,0.11653914067087304,0.061874999999999965,0.9999999999999899,0.5651164647564292,0.6364838480949402,0.061875,1.0
259,25,0.11653914067087304,0.061874999999999965,0.9999999999999899,0.5653767408803105,0.6357667446136475,0.061875,1.0
260,25,0.11653914067087304,0.061874999999999965,0.9999999999999899,0.5644237160310149,0.6397103071212769,0.061875,1.0
261,25,0.11653914067087304,0.061874999999999965,0.9999999999999899,0.5644230132550001,0.6398442983627319,0.061875,1.0
262,25,0.11653914067087304,0.061874999999999965,0.9999999999999899,0.5645203614979982,0.6371302604675293,0.061875,1.0
263,25,0.11653914067087304,0.061874999999999965,0.9999999999999899,0.5647250657901168,0.6360209584236145,0.061875,1.0
264,25,0.10650887573954401,0.05624999999999997,0.9999999999999889,0.5647858120501041,0.6386164426803589,0.05625,1.0
265,25,0.10426540284350293,0.054999999999999966,0.9999999999999887,0.5646825723350049,0.6377304196357727,0.055,1.0
266,25,0.10426540284350293,0.054999999999999966,0.9999999999999887,0.5646656736359,0.635972261428833,0.055,1.0
267,25,0.11542991754995,0.061249999999999964,0.9999999999999899,0.5645670842006802,0.6345608234405518,0.06125,1.0
268,25,0.11653914067087304,0.061874999999999965,0.9999999999999899,0.5655185851082206,0.6409662961959839,0.061875,1.0
269,25,0.11653914067087304,0.061874999999999965,0.9999999999999899,0.5652617833018303,0.6384209990501404,0.061875,1.0
270,25,0.11653914067087304,0.061874999999999965,0.9999999999999899,0.5654082512855529,0.6397322416305542,0.061875,1.0
271,25,0.11653914067087304,0.061874999999999965,0.9999999999999899,0.5653963308036327,0.6403105854988098,0.061875,1.0
272,25,0.11653914067087304,0.061874999999999965,0.9999999999999899,0.5654427473247051,0.6384676694869995,0.061875,1.0
273,25,0.11653914067087304,0.061874999999999965,0.9999999999999899,0.5656901036947966,0.6391492486000061,0.061875,1.0
274,25,0.11653914067087304,0.061874999999999965,0.9999999999999899,0.565794679261744,0.6319647431373596,0.061875,1.0
275,25,0.11764705882341854,0.062499999999999965,0.99999999999999,0.5659150425344706,0.6260362863540649,0.0625,1.0
276,25,0.11653914067087304,0.061874999999999965,0.9999999999999899,0.5656187214702367,0.6380928158760071,0.061875,1.0
277,25,0.11653914067087304,0.061874999999999965,0.9999999999999899,0.5659482379257679,0.64161217212677,0.061875,1.0
278,25,0.11653914067087304,0.061874999999999965,0.9999999999999899,0.565831839516759,0.6416928768157959,0.061875,1.0
279,25,0.11653914067087304,0.061874999999999965,0.9999999999999899,0.565806883238256,0.643118143081665,0.061875,1.0
280,25,0.11653914067087304,0.061874999999999965,0.9999999999999899,0.5658898701146245,0.6450173258781433,0.061875,1.0
281,25,0.12206572769941575,0.06499999999999996,0.9999999999999905,0.5656319602578879,0.6453130841255188,0.065,1.0
282,25,0.12865497076011337,0.06874999999999996,0.999999999999991,0.5654698323458434,0.6350258588790894,0.06875,1.0
283,25,0.12865497076011337,0.06874999999999996,0.999999999999991,0.565366682857275,0.6565529704093933,0.06875,1.0
284,25,0.12865497076011337,0.06874999999999996,0.999999999999991,0.5654483243450522,0.6475879549980164,0.06875,1.0
285,25,0.12206572769941575,0.06499999999999996,0.9999999999999905,0.5654544398188591,0.6425648331642151,0.065,1.0
286,25,0.11653914067087304,0.061874999999999965,0.9999999999999899,0.5651522573456168,0.6441161632537842,0.061875,1.0
287,25,0.11653914067087304,0.061874999999999965,0.9999999999999899,0.5651875034719706,0.6481495499610901,0.061875,1.0
288,25,0.11653914067087304,0.061874999999999965,0.9999999999999899,0.5652373986691237,0.646281361579895,0.061875,1.0
289,25,0.11653914067087304,0.061874999999999965,0.9999999999999899,0.5652211199700833,0.6452451348304749,0.061875,1.0
290,25,0.12865497076011337,0.06874999999999996,0.999999999999991,0.5651358893141151,0.6471515893936157,0.06875,1.0
291,25,0.11653914067087304,0.061874999999999965,0.9999999999999899,0.5652275756746531,0.6488462090492249,0.061875,1.0
292,25,0.11653914067087304,0.061874999999999965,0.9999999999999899,0.5652494341135025,0.6405192613601685,0.061875,1.0
293,25,0.11653914067087304,0.061874999999999965,0.9999999999999899,0.5652500049769879,0.6421946287155151,0.061875,1.0
294,25,0.11653914067087304,0.061874999999999965,0.9999999999999899,0.565190381705761,0.6420061588287354,0.061875,1.0
295,25,0.11653914067087304,0.061874999999999965,0.9999999999999899,0.5650255743414163,0.6420772075653076,0.061875,1.0
296,25,0.11653914067087304,0.061874999999999965,0.9999999999999899,0.5649801287800074,0.6407774090766907,0.061875,1.0
297,25,0.11653914067087304,0.061874999999999965,0.9999999999999899,0.5649744499474764,0.6341915130615234,0.061875,1.0
298,25,0.10426540284350293,0.054999999999999966,0.9999999999999887,0.5648561348021031,0.6352894902229309,0.055,1.0
299,25,0.10426540284350293,0.054999999999999966,0.9999999999999887,0.56481659732759,0.6382938027381897,0.055,1.0
300,25,0.11653914067087304,0.061874999999999965,0.9999999999999899,0.564723904877901,0.6410818099975586,0.061875,1.0
301,25,0.11653914067087304,0.061874999999999965,0.9999999999999899,0.5646326060965657,0.6358374357223511,0.061875,1.0
302,25,0.11653914067087304,0.061874999999999965,0.9999999999999899,0.5642467515915632,0.6288573145866394,0.061875,1.0
303,25,0.11653914067087304,0.061874999999999965,0.9999999999999899,0.5643985362723469,0.627021074295044,0.061875,1.0
304,25,0.11653914067087304,0.061874999999999965,0.9999999999999899,0.5645980306342244,0.6314502358436584,0.061875,1.0
305,25,0.11653914067087304,0.061874999999999965,0.9999999999999899,0.5646202312409878,0.6339589357376099,0.061875,1.0
306,25,0.11653914067087304,0.061874999999999965,0.9999999999999899,0.5645167833939194,0.6319931149482727,0.061875,1.0
307,25,0.12206572769941575,0.06499999999999996,0.9999999999999905,0.5644226860627533,0.6323074102401733,0.065,1.0
308,25,0.11653914067087304,0.061874999999999965,0.9999999999999899,0.5642503821104765,0.6424760818481445,0.061875,1.0
309,25,0.11653914067087304,0.061874999999999965,0.9999999999999899,0.5641141674295068,0.6431213617324829,0.061875,1.0
310,25,0.12865497076011337,0.06874999999999996,0.999999999999991,0.564591522552073,0.6440608501434326,0.06875,1.0
311,25,0.12865497076011337,0.06874999999999996,0.999999999999991,0.5647123462334275,0.6431416869163513,0.06875,1.0
312,25,0.12865497076011337,0.06874999999999996,0.999999999999991,0.5644532119855284,0.6425206065177917,0.06875,1.0
313,25,0.12865497076011337,0.06874999999999996,0.999999999999991,0.5644196921214462,0.6378546953201294,0.06875,1.0
314,25,0.12865497076011337,0.06874999999999996,0.999999999999991,0.5647936561331153,0.6365280151367188,0.06875,1.0
315,25,0.1231671554251042,0.06562499999999996,0.9999999999999906,0.5649821589142084,0.6372826099395752,0.065625,1.0
316,25,0.11653914067087304,0.061874999999999965,0.9999999999999899,0.5652595125511288,0.6446349620819092,0.061875,1.0
317,25,0.11653914067087304,0.061874999999999965,0.9999999999999899,0.5654436682537198,0.6466156244277954,0.061875,1.0
318,25,0.10426540284350293,0.054999999999999966,0.9999999999999887,0.5654617821797728,0.6479177474975586,0.055,1.0
319,25,0.11653914067087304,0.061874999999999965,0.9999999999999899,0.5652528320252895,0.6500334739685059,0.061875,1.0
320,25,0.11653914067087304,0.061874999999999965,0.9999999999999899,0.5654657534882426,0.6507635116577148,0.061875,1.0
321,25,0.11653914067087304,0.061874999999999965,0.9999999999999899,0.5654304588213563,0.652193009853363,0.061875,1.0
322,25,0.11653914067087304,0.061874999999999965,0.9999999999999899,0.5652583196014166,0.6544895172119141,0.061875,1.0
323,25,0.11653914067087304,0.061874999999999965,0.9999999999999899,0.5652396011725068,0.6361638307571411,0.061875,1.0
324,25,0.11653914067087304,0.061874999999999965,0.9999999999999899,0.5651594560220837,0.6368697881698608,0.061875,1.0
325,25,0.11653914067087304,0.061874999999999965,0.9999999999999899,0.564755579829216,0.6366042494773865,0.061875,1.0
326,25,0.12865497076011337,0.06874999999999996,0.999999999999991,0.5645232866704464,0.6311125755310059,0.06875,1.0
327,25,0.11653914067087304,0.061874999999999965,0.9999999999999899,0.5645695204660296,0.6318985819816589,0.061875,1.0
328,25,0.11653914067087304,0.061874999999999965,0.9999999999999899,0.56462068926543,0.6331954002380371,0.061875,1.0
329,25,0.11653914067087304,0.061874999999999965,0.9999999999999899,0.564307125248015,0.6278466582298279,0.061875,1.0
330,25,0.11653914067087304,0.061874999999999965,0.9999999999999899,0.5643567480519414,0.6299079060554504,0.061875,1.0
331,25,0.11653914067087304,0.061874999999999965,0.9999999999999899,0.5644908746704459,0.6279819011688232,0.061875,1.0
332,25,0.11653914067087304,0.061874999999999965,0.9999999999999899,0.5644910052046179,0.6280399560928345,0.061875,1.0
333,25,0.11653914067087304,0.061874999999999965,0.9999999999999899,0.5645897684246302,0.6273969411849976,0.061875,1.0
334,25,0.10426540284350293,0.054999999999999966,0.9999999999999887,0.5645549460873007,0.6271156668663025,0.055,1.0
335,25,0.11653914067087304,0.061874999999999965,0.9999999999999899,0.5650506280362606,0.6241841316223145,0.061875,1.0
336,25,0.11653914067087304,0.061874999999999965,0.9999999999999899,0.5650583930313587,0.6260919570922852,0.061875,1.0
337,25,0.11653914067087304,0.061874999999999965,0.9999999999999899,0.5654252215474844,0.6308231353759766,0.061875,1.0
338,25,0.11985898942409398,0.06374999999999996,0.9999999999999902,0.5650700410827995,0.631921112537384,0.06375,1.0
339,25,0.12865497076011337,0.06874999999999996,0.999999999999991,0.5648340279981494,0.6319320797920227,0.06875,1.0
340,25,0.12865497076011337,0.06874999999999996,0.999999999999991,0.5648522412031889,0.6280377507209778,0.06875,1.0
341,25,0.12865497076011337,0.06874999999999996,0.999999999999991,0.5646937382221222,0.6287319660186768,0.06875,1.0
342,25,0.12865497076011337,0.06874999999999996,0.999999999999991,0.5646674728393555,0.6292487382888794,0.06875,1.0
343,25,0.11653914067087304,0.061874999999999965,0.9999999999999899,0.5642135954648256,0.6318545937538147,0.061875,1.0
344,25,0.11653914067087304,0.061874999999999965,0.9999999999999899,0.5641198476031423,0.6342852711677551,0.061875,1.0
345,25,0.11653914067087304,0.061874999999999965,0.9999999999999899,0.5639777681976557,0.6341466903686523,0.061875,1.0
346,25,0.1253661394257757,0.06687499999999996,0.9999999999999907,0.5641864253580571,0.6331003308296204,0.066875,1.0
347,25,0.11653914067087304,0.061874999999999965,0.9999999999999899,0.5641442372277379,0.6307612657546997,0.061875,1.0
348,25,0.11653914067087304,0.061874999999999965,0.9999999999999899,0.5642114146053792,0.6255869269371033,0.061875,1.0
349,25,0.11653914067087304,0.061874999999999965,0.9999999999999899,0.5641618144139647,0.6244070529937744,0.061875,1.0
350,25,0.11653914067087304,0.061874999999999965,0.9999999999999899,0.5643336262553931,0.6218870878219604,0.061875,1.0
351,25,0.11653914067087304,0.061874999999999965,0.9999999999999899,0.5643817941099405,0.6280184984207153,0.061875,1.0
352,25,0.12865497076011337,0.06874999999999996,0.999999999999991,0.5643095016106963,0.6280080676078796,0.06875,1.0
353,25,0.12865497076011337,0.06874999999999996,0.999999999999991,0.5645016233623028,0.6282697916030884,0.06875,1.0
354,25,0.11653914067087304,0.061874999999999965,0.9999999999999899,0.5644271355122328,0.6276211142539978,0.061875,1.0
355,25,0.11653914067087304,0.061874999999999965,0.9999999999999899,0.5646381975337863,0.631335437297821,0.061875,1.0
356,25,0.11653914067087304,0.061874999999999965,0.9999999999999899,0.5647029659897089,0.6316919326782227,0.061875,1.0
357,25,0.11653914067087304,0.061874999999999965,0.9999999999999899,0.5646520529314876,0.6325478553771973,0.061875,1.0
358,25,0.11653914067087304,0.061874999999999965,0.9999999999999899,0.5645473450422287,0.6330037713050842,0.061875,1.0
359,25,0.11653914067087304,0.061874999999999965,0.9999999999999899,0.5644973770156503,0.6280415654182434,0.061875,1.0
360,25,0.11653914067087304,0.061874999999999965,0.9999999999999899,0.5649376717954874,0.627740204334259,0.061875,1.0
361,25,0.11653914067087304,0.061874999999999965,0.9999999999999899,0.5647293181344867,0.6332250833511353,0.061875,1.0
362,25,0.11653914067087304,0.061874999999999965,0.9999999999999899,0.5650273161754013,0.6344429850578308,0.061875,1.0
363,25,0.11653914067087304,0.061874999999999965,0.9999999999999899,0.5648888444527984,0.6348395943641663,0.061875,1.0
364,25,0.11653914067087304,0.061874999999999965,0.9999999999999899,0.5649603689089417,0.6354925036430359,0.061875,1.0
365,25,0.11653914067087304,0.061874999999999965,0.9999999999999899,0.565299797616899,0.6371203064918518,0.061875,1.0
366,25,0.1231671554251042,0.06562499999999996,0.9999999999999906,0.5654401557520032,0.640121579170227,0.065625,1.0
367,25,0.12865497076011337,0.06874999999999996,0.999999999999991,0.5653438901528716,0.6424540877342224,0.06875,1.0
368,25,0.11653914067087304,0.061874999999999965,0.9999999999999899,0.5650563125684858,0.6425737738609314,0.061875,1.0
369,25,0.11653914067087304,0.061874999999999965,0.9999999999999899,0.5649998988956213,0.642572820186615,0.061875,1.0
370,25,0.11653914067087304,0.061874999999999965,0.9999999999999899,0.5647472038865089,0.6447505354881287,0.061875,1.0
371,25,0.11653914067087304,0.061874999999999965,0.9999999999999899,0.564651915691793,0.6442040801048279,0.061875,1.0
372,25,0.11653914067087304,0.061874999999999965,0.9999999999999899,0.5646852566674352,0.6413967609405518,0.061875,1.0
373,25,0.11653914067087304,0.061874999999999965,0.9999999999999899,0.5646383917331695,0.639857828617096,0.061875,1.0
374,25,0.11653914067087304,0.061874999999999965,0.9999999999999899,0.5646735537424683,0.6297517418861389,0.061875,1.0
375,25,0.11653914067087304,0.061874999999999965,0.9999999999999899,0.5646082960441708,0.6304872632026672,0.061875,1.0
376,25,0.11653914067087304,0.061874999999999965,0.9999999999999899,0.5650899614021182,0.6319819092750549,0.061875,1.0
377,25,0.11653914067087304,0.061874999999999965,0.9999999999999899,0.5650153689086437,0.6305221915245056,0.061875,1.0
378,25,0.11653914067087304,0.061874999999999965,0.9999999999999899,0.5651103842630982,0.6301681399345398,0.061875,1.0
379,25,0.11653914067087304,0.061874999999999965,0.9999999999999899,0.5651908625662326,0.6320209503173828,0.061875,1.0
380,25,0.11653914067087304,0.061874999999999965,0.9999999999999899,0.5652190660685301,0.6274452805519104,0.061875,1.0
381,25,0.11653914067087304,0.061874999999999965,0.9999999999999899,0.5651734205707908,0.6258524060249329,0.061875,1.0
382,25,0.10426540284350293,0.054999999999999966,0.9999999999999887,0.5652202758565545,0.6264675855636597,0.055,1.0
383,25,0.10874704491715471,0.05749999999999997,0.9999999999999892,0.5651420766115188,0.627324640750885,0.0575,1.0
384,25,0.11653914067087304,0.061874999999999965,0.9999999999999899,0.5649237386509776,0.6277841925621033,0.061875,1.0
385,25,0.11653914067087304,0.061874999999999965,0.9999999999999899,0.5654004278033972,0.6297875642776489,0.061875,1.0
386,25,0.11653914067087304,0.061874999999999965,0.9999999999999899,0.565061938650906,0.6284063458442688,0.061875,1.0
387,25,0.11653914067087304,0.061874999999999965,0.9999999999999899,0.5646493225544691,0.6240993738174438,0.061875,1.0
388,25,0.11653914067087304,0.061874999999999965,0.9999999999999899,0.564804604537785,0.6248195171356201,0.061875,1.0
389,25,0.11653914067087304,0.061874999999999965,0.9999999999999899,0.564987364076078,0.6287849545478821,0.061875,1.0
390,25,0.11653914067087304,0.061874999999999965,0.9999999999999899,0.5650055288523436,0.6295410394668579,0.061875,1.0
391,25,0.11542991754995,0.061249999999999964,0.9999999999999899,0.5648848223686218,0.6301062107086182,0.06125,1.0
392,25,0.11653914067087304,0.061874999999999965,0.9999999999999899,0.5649258772283793,0.6309351325035095,0.061875,1.0
393,25,0.11653914067087304,0.061874999999999965,0.9999999999999899,0.5648651399090886,0.6305575370788574,0.061875,1.0
394,25,0.11653914067087304,0.061874999999999965,0.9999999999999899,0.5650554117932916,0.6316748857498169,0.061875,1.0
395,25,0.11653914067087304,0.061874999999999965,0.9999999999999899,0.5654401120916009,0.6368840336799622,0.061875,1.0
396,25,0.11653914067087304,0.061874999999999965,0.9999999999999899,0.5653307251632214,0.6361998319625854,0.061875,1.0
397,25,0.11653914067087304,0.061874999999999965,0.9999999999999899,0.5651695330813528,0.6371118426322937,0.061875,1.0
398,25,0.11653914067087304,0.061874999999999965,0.9999999999999899,0.5652379066497087,0.6285117268562317,0.061875,1.0
399,25,0.11320754716970438,0.05999999999999996,0.9999999999999897,0.5654049069061875,0.6290732026100159,0.06,1.0
400,25,0.11653914067087304,0.061874999999999965,0.9999999999999899,0.5651707023754716,0.6260777115821838,0.061875,1.0
401,25,0.11653914067087304,0.061874999999999965,0.9999999999999899,0.5647846229746938,0.6382643580436707,0.061875,1.0
402,25,0.11653914067087304,0.061874999999999965,0.9999999999999899,0.5648331823945045,0.6364472508430481,0.061875,1.0
403,25,0.11653914067087304,0.061874999999999965,0.9999999999999899,0.5649030942842365,0.6342885494232178,0.061875,1.0
404,25,0.11653914067087304,0.061874999999999965,0.9999999999999899,0.5649192272126675,0.6371711492538452,0.061875,1.0
405,25,0.11653914067087304,0.061874999999999965,0.9999999999999899,0.5649867594987154,0.6373615860939026,0.061875,1.0
406,25,0.11653914067087304,0.061874999999999965,0.9999999999999899,0.5649704803153872,0.636967658996582,0.061875,1.0
407,25,0.11653914067087304,0.061874999999999965,0.9999999999999899,0.5650868351757526,0.635257363319397,0.061875,1.0
408,25,0.10426540284350293,0.054999999999999966,0.9999999999999887,0.5654534518718719,0.6365077495574951,0.055,1.0
409,25,0.10426540284350293,0.054999999999999966,0.9999999999999887,0.5655927382782102,0.6446779370307922,0.055,1.0
410,25,0.10426540284350293,0.054999999999999966,0.9999999999999887,0.5657739351689816,0.6499113440513611,0.055,1.0
411,25,0.11320754716970438,0.05999999999999996,0.9999999999999897,0.5657590960711241,0.6517307758331299,0.06,1.0
412,25,0.11653914067087304,0.061874999999999965,0.9999999999999899,0.5660262766107916,0.6373695731163025,0.061875,1.0
413,25,0.11653914067087304,0.061874999999999965,0.9999999999999899,0.5659539273008705,0.6365438103675842,0.061875,1.0
414,25,0.11653914067087304,0.061874999999999965,0.9999999999999899,0.566072396337986,0.6370935440063477,0.061875,1.0
415,25,0.11653914067087304,0.061874999999999965,0.9999999999999899,0.5661147895082831,0.639252245426178,0.061875,1.0
416,25,0.11653914067087304,0.061874999999999965,0.9999999999999899,0.5661856206133962,0.6408431529998779,0.061875,1.0
417,25,0.11653914067087304,0.061874999999999965,0.9999999999999899,0.5661680118367076,0.6408516764640808,0.061875,1.0
418,25,0.11653914067087304,0.061874999999999965,0.9999999999999899,0.5660873483493924,0.6400842070579529,0.061875,1.0
419,25,0.10762862211698851,0.05687499999999997,0.9999999999999891,0.5661823959648609,0.6427146196365356,0.056875,1.0
420,25,0.10426540284350293,0.054999999999999966,0.9999999999999887,0.5660195108130575,0.6260516047477722,0.055,1.0
421,25,0.11653914067087304,0.061874999999999965,0.9999999999999899,0.5660896365344524,0.6267461776733398,0.061875,1.0
422,25,0.11653914067087304,0.061874999999999965,0.9999999999999899,0.5656082800775767,0.6462281942367554,0.061875,1.0
423,25,0.10426540284350293,0.054999999999999966,0.9999999999999887,0.5654086059331894,0.6756496429443359,0.055,1.0
424,25,0.10426540284350293,0.054999999999999966,0.9999999999999887,0.5652813633531332,0.6635546684265137,0.055,1.0
425,25,0.10426540284350293,0.054999999999999966,0.9999999999999887,0.5652239492535591,0.6543096303939819,0.055,1.0
426,25,0.11320754716970438,0.05999999999999996,0.9999999999999897,0.5649929359555245,0.650060772895813,0.06,1.0
427,25,0.11653914067087304,0.061874999999999965,0.9999999999999899,0.5649338176101446,0.645024299621582,0.061875,1.0
428,25,0.11653914067087304,0.061874999999999965,0.9999999999999899,0.5648901670426131,0.6426087021827698,0.061875,1.0
429,25,0.11653914067087304,0.061874999999999965,0.9999999999999899,0.5649113461375237,0.6412563920021057,0.061875,1.0
430,25,0.11653914067087304,0.061874999999999965,0.9999999999999899,0.5649501546472311,0.641452431678772,0.061875,1.0
431,25,0.11653914067087304,0.061874999999999965,0.9999999999999899,0.5651282778382302,0.642065167427063,0.061875,1.0
432,25,0.11653914067087304,0.061874999999999965,0.9999999999999899,0.5651385609060526,0.6450981497764587,0.061875,1.0
433,25,0.11653914067087304,0.061874999999999965,0.9999999999999899,0.5653131528198719,0.6493234038352966,0.061875,1.0
434,25,0.10762862211698851,0.05687499999999997,0.9999999999999891,0.5653498739004135,0.6481004357337952,0.056875,1.0
435,25,0.10426540284350293,0.054999999999999966,0.9999999999999887,0.5653318813815713,0.6505361795425415,0.055,1.0
436,25,0.11653914067087304,0.061874999999999965,0.9999999999999899,0.5654370380192995,0.6303654909133911,0.061875,1.0
437,25,0.11653914067087304,0.061874999999999965,0.9999999999999899,0.5656162302196026,0.6214439272880554,0.061875,1.0
438,25,0.11653914067087304,0.061874999999999965,0.9999999999999899,0.5654304519668222,0.6222307085990906,0.061875,1.0
439,25,0.11653914067087304,0.061874999999999965,0.9999999999999899,0.5654054959863424,0.6236240863800049,0.061875,1.0
440,25,0.11653914067087304,0.061874999999999965,0.9999999999999899,0.565276361964643,0.6223344206809998,0.061875,1.0
441,25,0.11653914067087304,0.061874999999999965,0.9999999999999899,0.5653222361579537,0.6224357485771179,0.061875,1.0
442,25,0.12865497076011337,0.06874999999999996,0.999999999999991,0.5656807234510779,0.6244547963142395,0.06875,1.0
443,25,0.12865497076011337,0.06874999999999996,0.999999999999991,0.5651350492984056,0.6171010732650757,0.06875,1.0
444,25,0.11653914067087304,0.061874999999999965,0.9999999999999899,0.5648639179766178,0.6237972974777222,0.061875,1.0
445,25,0.11653914067087304,0.061874999999999965,0.9999999999999899,0.5647385643050075,0.6339653730392456,0.061875,1.0
446,25,0.11653914067087304,0.061874999999999965,0.9999999999999899,0.5647145988792182,0.6350625157356262,0.061875,1.0
447,25,0.12865497076011337,0.06874999999999996,0.999999999999991,0.5644502076134086,0.6309598088264465,0.06875,1.0
448,25,0.12865497076011337,0.06874999999999996,0.999999999999991,0.5643472149595619,0.6261227130889893,0.06875,1.0
449,25,0.12865497076011337,0.06874999999999996,0.999999999999991,0.564274681545794,0.6233570575714111,0.06875,1.0
450,25,0.11653914067087304,0.061874999999999965,0.9999999999999899,0.564264180213213,0.6228891015052795,0.061875,1.0
451,25,0.11653914067087304,0.061874999999999965,0.9999999999999899,0.5643923696875572,0.6273869276046753,0.061875,1.0
452,25,0.12865497076011337,0.06874999999999996,0.999999999999991,0.564272980876267,0.6302399039268494,0.06875,1.0
453,25,0.12865497076011337,0.06874999999999996,0.999999999999991,0.5643274908512831,0.6231861710548401,0.06875,1.0
454,25,0.12865497076011337,0.06874999999999996,0.999999999999991,0.564372836984694,0.6216443181037903,0.06875,1.0
455,25,0.11653914067087304,0.061874999999999965,0.9999999999999899,0.5645197338983416,0.6241218447685242,0.061875,1.0
456,25,0.11653914067087304,0.061874999999999965,0.9999999999999899,0.564458840303123,0.6291202902793884,0.061875,1.0
457,25,0.11653914067087304,0.061874999999999965,0.9999999999999899,0.5645049761608243,0.6315032839775085,0.061875,1.0
458,25,0.11653914067087304,0.061874999999999965,0.9999999999999899,0.5643719026446342,0.6329507827758789,0.061875,1.0
459,25,0.11653914067087304,0.061874999999999965,0.9999999999999899,0.5642918006330728,0.6323580741882324,0.061875,1.0
460,25,0.11653914067087304,0.061874999999999965,0.9999999999999899,0.5643708911538124,0.6314597129821777,0.061875,1.0
461,25,0.11653914067087304,0.061874999999999965,0.9999999999999899,0.5642453809082508,0.6166768074035645,0.061875,1.0
462,25,0.11653914067087304,0.061874999999999965,0.9999999999999899,0.5642172861099243,0.618541955947876,0.061875,1.0
463,25,0.11653914067087304,0.061874999999999965,0.9999999999999899,0.5642878308147192,0.6178290247917175,0.061875,1.0
464,25,0.11653914067087304,0.061874999999999965,0.9999999999999899,0.5644261989369989,0.6185861825942993,0.061875,1.0
465,25,0.11653914067087304,0.061874999999999965,0.9999999999999899,0.5644827263057232,0.6206009387969971,0.061875,1.0
466,25,0.11653914067087304,0.061874999999999965,0.9999999999999899,0.5644150054082274,0.6188985705375671,0.061875,1.0
467,25,0.12865497076011337,0.06874999999999996,0.999999999999991,0.5642695428058505,0.6186772584915161,0.06875,1.0
468,25,0.11653914067087304,0.061874999999999965,0.9999999999999899,0.5644686974957586,0.6182850003242493,0.061875,1.0
469,25,0.11653914067087304,0.061874999999999965,0.9999999999999899,0.5646833345293999,0.6220229864120483,0.061875,1.0
470,25,0.11653914067087304,0.061874999999999965,0.9999999999999899,0.5646724383160472,0.6212600469589233,0.061875,1.0
471,25,0.11653914067087304,0.061874999999999965,0.9999999999999899,0.5646870382875204,0.6199876070022583,0.061875,1.0
472,25,0.1264637002340734,0.06749999999999996,0.9999999999999908,0.5644217654690147,0.618685781955719,0.0675,1.0
473,25,0.12865497076011337,0.06874999999999996,0.999999999999991,0.5642607581987977,0.6313791275024414,0.06875,1.0
474,25,0.12865497076011337,0.06874999999999996,0.999999999999991,0.5641212554275989,0.6268163323402405,0.06875,1.0
475,25,0.11653914067087304,0.061874999999999965,0.9999999999999899,0.5644702941179276,0.636907696723938,0.061875,1.0
476,25,0.11653914067087304,0.061874999999999965,0.9999999999999899,0.5644129467755556,0.6386594176292419,0.061875,1.0
477,25,0.11653914067087304,0.061874999999999965,0.9999999999999899,0.5642438565194606,0.6387706398963928,0.061875,1.0
478,25,0.11653914067087304,0.061874999999999965,0.9999999999999899,0.5643065800145268,0.6388006210327148,0.061875,1.0
479,25,0.11653914067087304,0.061874999999999965,0.9999999999999899,0.5643790118768811,0.6406638026237488,0.061875,1.0
480,25,0.1098641464854247,0.05812499999999997,0.9999999999999893,0.5644792245700956,0.6407405734062195,0.058125,1.0
481,25,0.11653914067087304,0.061874999999999965,0.9999999999999899,0.564530824534595,0.6487703323364258,0.061875,1.0
482,25,0.11653914067087304,0.061874999999999965,0.9999999999999899,0.5651993960887194,0.6548981070518494,0.061875,1.0
483,25,0.11653914067087304,0.061874999999999965,0.9999999999999899,0.56535002309829,0.6358879208564758,0.061875,1.0
484,25,0.11653914067087304,0.061874999999999965,0.9999999999999899,0.5653416192531586,0.6351210474967957,0.061875,1.0
485,25,0.11653914067087304,0.061874999999999965,0.9999999999999899,0.5653347615897656,0.635624349117279,0.061875,1.0
486,25,0.12865497076011337,0.06874999999999996,0.999999999999991,0.5653156124055385,0.6352605819702148,0.06875,1.0
487,25,0.12865497076011337,0.06874999999999996,0.999999999999991,0.5651471788436174,0.6335026025772095,0.06875,1.0
488,25,0.1253661394257757,0.06687499999999996,0.9999999999999907,0.5653007854148746,0.6332745552062988,0.066875,1.0
489,25,0.11653914067087304,0.061874999999999965,0.9999999999999899,0.5652948310226202,0.6328989863395691,0.061875,1.0
490,25,0.11653914067087304,0.061874999999999965,0.9999999999999899,0.5653190751746296,0.6343178749084473,0.061875,1.0
491,25,0.12865497076011337,0.06874999999999996,0.999999999999991,0.565402143895626,0.6347473859786987,0.06875,1.0
492,25,0.12865497076011337,0.06874999999999996,0.999999999999991,0.5652167306095361,0.6339960098266602,0.06875,1.0
493,25,0.12865497076011337,0.06874999999999996,0.999999999999991,0.5653099090605974,0.633212685585022,0.06875,1.0
494,25,0.11653914067087304,0.061874999999999965,0.9999999999999899,0.5651967464014888,0.6338158249855042,0.061875,1.0
495,25,0.11653914067087304,0.061874999999999965,0.9999999999999899,0.5653299885243177,0.6361992955207825,0.061875,1.0
496,25,0.11653914067087304,0.061874999999999965,0.9999999999999899,0.5654336090385914,0.6348286271095276,0.061875,1.0
497,25,0.11653914067087304,0.061874999999999965,0.9999999999999899,0.5653331781551242,0.6266323328018188,0.061875,1.0
498,25,0.12865497076011337,0.06874999999999996,0.999999999999991,0.5651763694733382,0.6252488493919373,0.06875,1.0
499,25,0.11653914067087304,0.061874999999999965,0.9999999999999899,0.5648071029409766,0.6223642230033875,0.061875,1.0
500,25,0.11653914067087304,0.061874999999999965,0.9999999999999899,0.5648383215814828,0.6259300112724304,0.061875,1.0
501,25,0.11653914067087304,0.061874999999999965,0.9999999999999899,0.5649148144945503,0.6317636370658875,0.061875,1.0
502,25,0.11653914067087304,0.061874999999999965,0.9999999999999899,0.5649789569899439,0.638525128364563,0.061875,1.0
503,25,0.11653914067087304,0.061874999999999965,0.9999999999999899,0.5649945107474923,0.6388266682624817,0.061875,1.0
504,25,0.11653914067087304,0.061874999999999965,0.9999999999999899,0.564987675845623,0.6391197443008423,0.061875,1.0
505,25,0.11653914067087304,0.061874999999999965,0.9999999999999899,0.565192601531744,0.6369665265083313,0.061875,1.0
506,25,0.11653914067087304,0.061874999999999965,0.9999999999999899,0.5653378904238343,0.6372320652008057,0.061875,1.0
507,25,0.11653914067087304,0.061874999999999965,0.9999999999999899,0.5656745924055576,0.6413316130638123,0.061875,1.0
508,25,0.11653914067087304,0.061874999999999965,0.9999999999999899,0.5654876472428441,0.640691339969635,0.061875,1.0
509,25,0.11653914067087304,0.061874999999999965,0.9999999999999899,0.5655032414570451,0.6415994167327881,0.061875,1.0
510,25,0.11653914067087304,0.061874999999999965,0.9999999999999899,0.5657248155027628,0.640160322189331,0.061875,1.0
511,25,0.11653914067087304,0.061874999999999965,0.9999999999999899,0.5656974859163165,0.6394042372703552,0.061875,1.0
512,25,0.12865497076011337,0.06874999999999996,0.999999999999991,0.5654226410388946,0.6313539743423462,0.06875,1.0
513,25,0.12865497076011337,0.06874999999999996,0.999999999999991,0.5651528020575642,0.6288414597511292,0.06875,1.0
514,25,0.11653914067087304,0.061874999999999965,0.9999999999999899,0.565384766086936,0.6277569532394409,0.061875,1.0
515,25,0.11653914067087304,0.061874999999999965,0.9999999999999899,0.5653143690526485,0.6280370354652405,0.061875,1.0
516,25,0.11653914067087304,0.061874999999999965,0.9999999999999899,0.5653413591906429,0.6277920007705688,0.061875,1.0
517,25,0.12865497076011337,0.06874999999999996,0.999999999999991,0.5653965464234352,0.6268132328987122,0.06875,1.0
518,25,0.12865497076011337,0.06874999999999996,0.999999999999991,0.5650425583869219,0.6245364546775818,0.06875,1.0
519,25,0.12865497076011337,0.06874999999999996,0.999999999999991,0.5651463631540536,0.6228266358375549,0.06875,1.0
520,25,0.11653914067087304,0.061874999999999965,0.9999999999999899,0.5652791497856379,0.6271565556526184,0.061875,1.0
521,25,0.12865497076011337,0.06874999999999996,0.999999999999991,0.5654227363690734,0.6342946887016296,0.06875,1.0
522,25,0.12865497076011337,0.06874999999999996,0.999999999999991,0.5648550434783101,0.6271255612373352,0.06875,1.0
523,25,0.12865497076011337,0.06874999999999996,0.999999999999991,0.5646970586106181,0.6341540813446045,0.06875,1.0
524,25,0.12865497076011337,0.06874999999999996,0.999999999999991,0.5648332165181636,0.6334190964698792,0.06875,1.0
525,25,0.11653914067087304,0.061874999999999965,0.9999999999999899,0.5645583762601017,0.6341025829315186,0.061875,1.0
526,25,0.12865497076011337,0.06874999999999996,0.999999999999991,0.5647750755771994,0.6379947066307068,0.06875,1.0
527,25,0.12865497076011337,0.06874999999999996,0.999999999999991,0.564647751674056,0.6361032724380493,0.06875,1.0
528,25,0.12865497076011337,0.06874999999999996,0.999999999999991,0.5646545239537955,0.6355634927749634,0.06875,1.0
529,25,0.11653914067087304,0.061874999999999965,0.9999999999999899,0.5647362778335809,0.6358328461647034,0.061875,1.0
530,25,0.11653914067087304,0.061874999999999965,0.9999999999999899,0.5649997667968273,0.640828013420105,0.061875,1.0
531,25,0.12865497076011337,0.06874999999999996,0.999999999999991,0.5650220388919115,0.6440218687057495,0.06875,1.0
532,25,0.12865497076011337,0.06874999999999996,0.999999999999991,0.5648996359109879,0.6294878721237183,0.06875,1.0
533,25,0.12865497076011337,0.06874999999999996,0.999999999999991,0.5649593355879188,0.6467490196228027,0.06875,1.0
534,25,0.11653914067087304,0.061874999999999965,0.9999999999999899,0.5650681279599666,0.6458411812782288,0.061875,1.0
535,25,0.11653914067087304,0.061874999999999965,0.9999999999999899,0.5650767615810036,0.6502894759178162,0.061875,1.0
536,25,0.11653914067087304,0.061874999999999965,0.9999999999999899,0.5650434248521924,0.6502428650856018,0.061875,1.0
537,25,0.11653914067087304,0.061874999999999965,0.9999999999999899,0.5649463846161962,0.6502141356468201,0.061875,1.0
538,25,0.11653914067087304,0.061874999999999965,0.9999999999999899,0.5648864149302244,0.6494264006614685,0.061875,1.0
539,25,0.11653914067087304,0.061874999999999965,0.9999999999999899,0.5649416360631585,0.643011748790741,0.061875,1.0
540,25,0.11653914067087304,0.061874999999999965,0.9999999999999899,0.5650499422848224,0.6428108215332031,0.061875,1.0
541,25,0.11653914067087304,0.061874999999999965,0.9999999999999899,0.5650117918103933,0.6389356851577759,0.061875,1.0
542,25,0.11653914067087304,0.061874999999999965,0.9999999999999899,0.5647166765108704,0.6371176242828369,0.061875,1.0
543,25,0.11653914067087304,0.061874999999999965,0.9999999999999899,0.5647185996174813,0.6353839039802551,0.061875,1.0
544,25,0.12865497076011337,0.06874999999999996,0.999999999999991,0.5645416443794966,0.638811469078064,0.06875,1.0
545,25,0.12865497076011337,0.06874999999999996,0.999999999999991,0.564415710195899,0.6402359008789062,0.06875,1.0
546,25,0.12865497076011337,0.06874999999999996,0.999999999999991,0.5644193086773157,0.6390555500984192,0.06875,1.0
547,25,0.11653914067087304,0.061874999999999965,0.9999999999999899,0.5645063873380423,0.6512100100517273,0.061875,1.0
548,25,0.11653914067087304,0.061874999999999965,0.9999999999999899,0.5646593985334039,0.6585426330566406,0.061875,1.0
549,25,0.11653914067087304,0.061874999999999965,0.9999999999999899,0.5645836599171161,0.6600247025489807,0.061875,1.0
550,25,0.11653914067087304,0.061874999999999965,0.9999999999999899,0.5648420358449221,0.6651304960250854,0.061875,1.0
551,25,0.12865497076011337,0.06874999999999996,0.999999999999991,0.5651405759900808,0.6679195761680603,0.06875,1.0
552,25,0.11653914067087304,0.061874999999999965,0.9999999999999899,0.5654200549051166,0.6598230600357056,0.061875,1.0
553,25,0.11653914067087304,0.061874999999999965,0.9999999999999899,0.5654429057613015,0.6566534042358398,0.061875,1.0
554,25,0.11653914067087304,0.061874999999999965,0.9999999999999899,0.5652290707081556,0.6531863808631897,0.061875,1.0
555,25,0.11653914067087304,0.061874999999999965,0.9999999999999899,0.564680101312697,0.6359608173370361,0.061875,1.0
556,25,0.11653914067087304,0.061874999999999965,0.9999999999999899,0.5645615929737687,0.6396881341934204,0.061875,1.0
557,25,0.12865497076011337,0.06874999999999996,0.999999999999991,0.5645576870068908,0.6409164667129517,0.06875,1.0
558,25,0.12865497076011337,0.06874999999999996,0.999999999999991,0.564670387469232,0.6392548680305481,0.06875,1.0
559,25,0.11653914067087304,0.061874999999999965,0.9999999999999899,0.5645924929156899,0.6495764851570129,0.061875,1.0
560,25,0.11653914067087304,0.061874999999999965,0.9999999999999899,0.5643048418685794,0.6513503193855286,0.061875,1.0
561,25,0.11653914067087304,0.061874999999999965,0.9999999999999899,0.5644421948119998,0.6530017256736755,0.061875,1.0
562,25,0.11653914067087304,0.061874999999999965,0.9999999999999899,0.5647063374519348,0.6592857241630554,0.061875,1.0
563,25,0.11653914067087304,0.061874999999999965,0.9999999999999899,0.5653625591099263,0.675643801689148,0.061875,1.0
564,25,0.11653914067087304,0.061874999999999965,0.9999999999999899,0.5648904884234071,0.6598384380340576,0.061875,1.0
565,25,0.11653914067087304,0.061874999999999965,0.9999999999999899,0.5648049308359623,0.6614219546318054,0.061875,1.0
566,25,0.11653914067087304,0.061874999999999965,0.9999999999999899,0.5643727912753821,0.6649494171142578,0.061875,1.0
567,25,0.11653914067087304,0.061874999999999965,0.9999999999999899,0.5644138034060597,0.6572942733764648,0.061875,1.0
568,25,0.11653914067087304,0.061874999999999965,0.9999999999999899,0.5646242336183787,0.6570451259613037,0.061875,1.0
569,25,0.11653914067087304,0.061874999999999965,0.9999999999999899,0.5646406226232648,0.6568905115127563,0.061875,1.0
570,25,0.11653914067087304,0.061874999999999965,0.9999999999999899,0.5647184418141842,0.6564071774482727,0.061875,1.0
571,25,0.11653914067087304,0.061874999999999965,0.9999999999999899,0.5648166215792298,0.6591511368751526,0.061875,1.0
572,25,0.11653914067087304,0.061874999999999965,0.9999999999999899,0.5654988071322441,0.6735047101974487,0.061875,1.0
573,25,0.1143193871536929,0.060624999999999964,0.9999999999999898,0.5655197666212917,0.6687771081924438,0.060625,1.0
574,25,0.11653914067087304,0.061874999999999965,0.9999999999999899,0.5658695581927895,0.6650928258895874,0.061875,1.0
575,25,0.11653914067087304,0.061874999999999965,0.9999999999999899,0.5658958886191249,0.6358832716941833,0.061875,1.0
576,25,0.11653914067087304,0.061874999999999965,0.9999999999999899,0.565954964980483,0.6186454892158508,0.061875,1.0
577,25,0.11653914067087304,0.061874999999999965,0.9999999999999899,0.5657525293529033,0.6140924692153931,0.061875,1.0
578,25,0.11653914067087304,0.061874999999999965,0.9999999999999899,0.5654176862165332,0.6157494783401489,0.061875,1.0
579,25,0.11653914067087304,0.061874999999999965,0.9999999999999899,0.564743151590228,0.644568145275116,0.061875,1.0
580,25,0.11653914067087304,0.061874999999999965,0.9999999999999899,0.5646176503226161,0.6457273364067078,0.061875,1.0
581,27,0.10426540284350293,0.054999999999999966,0.9999999999999887,0.5644304709136486,0.6770792007446289,0.055,1.0
582,27,0.10426540284350293,0.054999999999999966,0.9999999999999887,0.5648826348036528,0.6868500113487244,0.055,1.0
583,27,0.10426540284350293,0.054999999999999966,0.9999999999999887,0.5655631805583835,0.6098930239677429,0.055,1.0
584,27,0.10426540284350293,0.054999999999999966,0.9999999999999887,0.5653015475347638,0.6197041869163513,0.055,1.0
585,27,0.10426540284350293,0.054999999999999966,0.9999999999999887,0.5654170436412096,0.6211798191070557,0.055,1.0
586,27,0.10426540284350293,0.054999999999999966,0.9999999999999887,0.5654354812204838,0.6218392848968506,0.055,1.0
587,27,0.10426540284350293,0.054999999999999966,0.9999999999999887,0.5654464602097868,0.6387523412704468,0.055,1.0
588,27,0.10426540284350293,0.054999999999999966,0.9999999999999887,0.5653786742314696,0.6207765340805054,0.055,1.0
589,27,0.10426540284350293,0.054999999999999966,0.9999999999999887,0.5650752408057451,0.6286479234695435,0.055,1.0
590,27,0.10426540284350293,0.054999999999999966,0.9999999999999887,0.5649316469952465,0.6290384531021118,0.055,1.0
591,27,0.10426540284350293,0.054999999999999966,0.9999999999999887,0.5650408447906375,0.6294201016426086,0.055,1.0
592,27,0.10426540284350293,0.054999999999999966,0.9999999999999887,0.5652705534920096,0.6298196911811829,0.055,1.0
593,27,0.10426540284350293,0.054999999999999966,0.9999999999999887,0.565140343606472,0.628125786781311,0.055,1.0
594,27,0.10426540284350293,0.054999999999999966,0.9999999999999887,0.5651014467701316,0.6277968883514404,0.055,1.0
595,27,0.10426540284350293,0.054999999999999966,0.9999999999999887,0.5650833204016089,0.6274378895759583,0.055,1.0
596,27,0.10426540284350293,0.054999999999999966,0.9999999999999887,0.5651111483201384,0.6281313896179199,0.055,1.0
597,27,0.10426540284350293,0.054999999999999966,0.9999999999999887,0.5653395793959498,0.6151905059814453,0.055,1.0
598,27,0.10426540284350293,0.054999999999999966,0.9999999999999887,0.5654727932065725,0.6154355406761169,0.055,1.0
599,27,0.10426540284350293,0.054999999999999966,0.9999999999999887,0.5653397136554122,0.6223908066749573,0.055,1.0
600,27,0.10426540284350293,0.054999999999999966,0.9999999999999887,0.5652046455070376,0.623100757598877,0.055,1.0
601,27,0.10426540284350293,0.054999999999999966,0.9999999999999887,0.5653582625836134,0.6242220401763916,0.055,1.0
602,27,0.10426540284350293,0.054999999999999966,0.9999999999999887,0.5651992312073708,0.6251957416534424,0.055,1.0
603,27,0.09183064997009713,0.04812499999999997,0.9999999999999871,0.5653764719516039,0.6270472407341003,0.048125,1.0
604,27,0.09183064997009713,0.04812499999999997,0.9999999999999871,0.5654474602267147,0.6263906359672546,0.048125,1.0
605,27,0.09523809523800442,0.049999999999999975,0.9999999999999876,0.5651560074463486,0.6257615089416504,0.05,1.0
606,27,0.09863339275094592,0.05187499999999997,0.999999999999988,0.5650127779692411,0.6245191693305969,0.051875,1.0
607,27,0.09296781883185402,0.048749999999999974,0.9999999999999872,0.5650207006558776,0.6232030987739563,0.04875,1.0
608,27,0.09183064997009713,0.04812499999999997,0.9999999999999871,0.5651373241469264,0.6224145293235779,0.048125,1.0
609,27,0.09183064997009713,0.04812499999999997,0.9999999999999871,0.5651578837260604,0.6215540766716003,0.048125,1.0
610,27,0.09183064997009713,0.04812499999999997,0.9999999999999871,0.5651950269564986,0.6204974055290222,0.048125,1.0
611,27,0.10426540284350293,0.054999999999999966,0.9999999999999887,0.5650741313770413,0.6190773844718933,0.055,1.0
612,27,0.10426540284350293,0.054999999999999966,0.9999999999999887,0.5650954210758209,0.6193700432777405,0.055,1.0
613,27,0.10089020771503761,0.05312499999999997,0.9999999999999883,0.5653743794932962,0.619757354259491,0.053125,1.0
614,27,0.09750297265151237,0.05124999999999997,0.9999999999999879,0.5654696336761117,0.6160272359848022,0.05125,1.0
615,27,0.10314167160630396,0.05437499999999997,0.9999999999999886,0.5653033944964408,0.6155813932418823,0.054375,1.0
616,27,0.10426540284350293,0.054999999999999966,0.9999999999999887,0.5652572073414922,0.6157901883125305,0.055,1.0
617,27,0.10426540284350293,0.054999999999999966,0.9999999999999887,0.5652136459946633,0.6163403391838074,0.055,1.0
618,27,0.10426540284350293,0.054999999999999966,0.9999999999999887,0.5654942541569471,0.6171484589576721,0.055,1.0
619,27,0.10426540284350293,0.054999999999999966,0.9999999999999887,0.5654018144682049,0.622239351272583,0.055,1.0
620,27,0.10426540284350293,0.054999999999999966,0.9999999999999887,0.5652372900396585,0.6150426268577576,0.055,1.0
621,27,0.10426540284350293,0.054999999999999966,0.9999999999999887,0.5652627111971378,0.6231304407119751,0.055,1.0
622,27,0.10426540284350293,0.054999999999999966,0.9999999999999887,0.5653346872329712,0.6234270930290222,0.055,1.0
623,27,0.10426540284350293,0.054999999999999966,0.9999999999999887,0.5655920140817762,0.6245390176773071,0.055,1.0
624,27,0.10426540284350293,0.054999999999999966,0.9999999999999887,0.5656118673086167,0.6269794702529907,0.055,1.0
625,27,0.10426540284350293,0.054999999999999966,0.9999999999999887,0.5655209362134337,0.6253091096878052,0.055,1.0
626,27,0.10426540284350293,0.054999999999999966,0.9999999999999887,0.5653163957223296,0.6246726512908936,0.055,1.0
627,27,0.10426540284350293,0.054999999999999966,0.9999999999999887,0.5653122529387474,0.6257409453392029,0.055,1.0
628,27,0.10426540284350293,0.054999999999999966,0.9999999999999887,0.5655566667020321,0.6281793117523193,0.055,1.0
629,27,0.10426540284350293,0.054999999999999966,0.9999999999999887,0.5655147337168455,0.617952287197113,0.055,1.0
630,27,0.10426540284350293,0.054999999999999966,0.9999999999999887,0.5654060672968626,0.6174312233924866,0.055,1.0
631,27,0.10426540284350293,0.054999999999999966,0.9999999999999887,0.5652575096488,0.6166722178459167,0.055,1.0
632,27,0.10426540284350293,0.054999999999999966,0.9999999999999887,0.5650845649838447,0.6342277526855469,0.055,1.0
633,27,0.10426540284350293,0.054999999999999966,0.9999999999999887,0.5651735062524677,0.6156862378120422,0.055,1.0
634,27,0.10426540284350293,0.054999999999999966,0.9999999999999887,0.5654093457385898,0.6137168407440186,0.055,1.0
635,27,0.10426540284350293,0.054999999999999966,0.9999999999999887,0.565431951507926,0.6139894127845764,0.055,1.0
636,27,0.10426540284350293,0.054999999999999966,0.9999999999999887,0.5652247332036495,0.6121273040771484,0.055,1.0
637,27,0.10426540284350293,0.054999999999999966,0.9999999999999887,0.5649396712705493,0.6147016286849976,0.055,1.0
638,27,0.10426540284350293,0.054999999999999966,0.9999999999999887,0.5647685904800892,0.6152762174606323,0.055,1.0
639,27,0.10426540284350293,0.054999999999999966,0.9999999999999887,0.5649347275495529,0.6154008507728577,0.055,1.0
640,27,0.10426540284350293,0.054999999999999966,0.9999999999999887,0.5651855651661754,0.6171019673347473,0.055,1.0
641,27,0.10426540284350293,0.054999999999999966,0.9999999999999887,0.5651088668778539,0.6172110438346863,0.055,1.0
642,27,0.10426540284350293,0.054999999999999966,0.9999999999999887,0.5649765446037054,0.6153217554092407,0.055,1.0
643,27,0.10426540284350293,0.054999999999999966,0.9999999999999887,0.5649142791330815,0.6143875122070312,0.055,1.0
644,27,0.10426540284350293,0.054999999999999966,0.9999999999999887,0.5650018035247922,0.614748477935791,0.055,1.0
645,27,0.10426540284350293,0.054999999999999966,0.9999999999999887,0.5653139253333211,0.6137723326683044,0.055,1.0
646,27,0.10426540284350293,0.054999999999999966,0.9999999999999887,0.5655548955872655,0.6168026924133301,0.055,1.0
647,27,0.10426540284350293,0.054999999999999966,0.9999999999999887,0.5653389155119658,0.6382036209106445,0.055,1.0
648,27,0.10426540284350293,0.054999999999999966,0.9999999999999887,0.5651862223818899,0.6198523640632629,0.055,1.0
649,27,0.10426540284350293,0.054999999999999966,0.9999999999999887,0.5652057849988341,0.6244272589683533,0.055,1.0
650,27,0.10426540284350293,0.054999999999999966,0.9999999999999887,0.5652874237298966,0.619759202003479,0.055,1.0
651,27,0.10426540284350293,0.054999999999999966,0.9999999999999887,0.5653646750375628,0.6227302551269531,0.055,1.0
652,27,0.10426540284350293,0.054999999999999966,0.9999999999999887,0.5652555724978447,0.6251658797264099,0.055,1.0
653,27,0.10426540284350293,0.054999999999999966,0.9999999999999887,0.5649896934255958,0.6233124136924744,0.055,1.0
654,27,0.10426540284350293,0.054999999999999966,0.9999999999999887,0.5649123349040747,0.6221676468849182,0.055,1.0
655,27,0.10426540284350293,0.054999999999999966,0.9999999999999887,0.5650368009135127,0.623661994934082,0.055,1.0
656,27,0.10426540284350293,0.054999999999999966,0.9999999999999887,0.5651418322324753,0.6240009069442749,0.055,1.0
657,27,0.10426540284350293,0.054999999999999966,0.9999999999999887,0.5652730675786733,0.6202172040939331,0.055,1.0
658,27,0.10426540284350293,0.054999999999999966,0.9999999999999887,0.5652682289481163,0.6242415904998779,0.055,1.0
659,27,0.10426540284350293,0.054999999999999966,0.9999999999999887,0.5653529620915652,0.6241858005523682,0.055,1.0
660,27,0.10426540284350293,0.054999999999999966,0.9999999999999887,0.5652836263179779,0.6210159659385681,0.055,1.0
661,27,0.10426540284350293,0.054999999999999966,0.9999999999999887,0.5653650065883994,0.6271060109138489,0.055,1.0
662,27,0.10426540284350293,0.054999999999999966,0.9999999999999887,0.5653088418021798,0.6273182034492493,0.055,1.0
663,27,0.10314167160630396,0.05437499999999997,0.9999999999999886,0.5653195598348976,0.6288862228393555,0.054375,1.0
664,27,0.09183064997009713,0.04812499999999997,0.9999999999999871,0.5652555741742253,0.6314565539360046,0.048125,1.0
665,27,0.09183064997009713,0.04812499999999997,0.9999999999999871,0.565232558362186,0.628947377204895,0.048125,1.0
666,27,0.09183064997009713,0.04812499999999997,0.9999999999999871,0.5649783550575376,0.6232150793075562,0.048125,1.0
667,27,0.09183064997009713,0.04812499999999997,0.9999999999999871,0.5646440386772156,0.6223183870315552,0.048125,1.0
668,27,0.09183064997009713,0.04812499999999997,0.9999999999999871,0.5648627095669508,0.6228790283203125,0.048125,1.0
669,27,0.09183064997009713,0.04812499999999997,0.9999999999999871,0.5649893206357955,0.6215395331382751,0.048125,1.0
670,27,0.09183064997009713,0.04812499999999997,0.9999999999999871,0.5651970338076353,0.6232553124427795,0.048125,1.0
671,27,0.09296781883185402,0.048749999999999974,0.9999999999999872,0.5651850489154459,0.6185193061828613,0.04875,1.0
672,27,0.10426540284350293,0.054999999999999966,0.9999999999999887,0.5651976914703846,0.6155373454093933,0.055,1.0
673,27,0.10426540284350293,0.054999999999999966,0.9999999999999887,0.5652383207902312,0.6155500411987305,0.055,1.0
674,27,0.10426540284350293,0.054999999999999966,0.9999999999999887,0.5655461092665791,0.6209810972213745,0.055,1.0
675,27,0.10426540284350293,0.054999999999999966,0.9999999999999887,0.5658391338214278,0.6205756664276123,0.055,1.0
676,27,0.10426540284350293,0.054999999999999966,0.9999999999999887,0.5658028913289308,0.620638370513916,0.055,1.0
677,27,0.10426540284350293,0.054999999999999966,0.9999999999999887,0.5656233371421695,0.6190767288208008,0.055,1.0
678,27,0.10426540284350293,0.054999999999999966,0.9999999999999887,0.5654149295762181,0.6175394654273987,0.055,1.0
679,27,0.10426540284350293,0.054999999999999966,0.9999999999999887,0.5655072130635381,0.6188674569129944,0.055,1.0
680,27,0.10426540284350293,0.054999999999999966,0.9999999999999887,0.5656670516729355,0.623083770275116,0.055,1.0
681,27,0.10426540284350293,0.054999999999999966,0.9999999999999887,0.5656467116251588,0.6213966012001038,0.055,1.0
682,27,0.10426540284350293,0.054999999999999966,0.9999999999999887,0.5653353017941117,0.6195067167282104,0.055,1.0
683,27,0.10426540284350293,0.054999999999999966,0.9999999999999887,0.5651092825829983,0.6192717552185059,0.055,1.0
684,27,0.10426540284350293,0.054999999999999966,0.9999999999999887,0.5649145218357444,0.6195472478866577,0.055,1.0
685,27,0.10426540284350293,0.054999999999999966,0.9999999999999887,0.5649861722439528,0.6387602090835571,0.055,1.0
686,27,0.10426540284350293,0.054999999999999966,0.9999999999999887,0.5651680587232113,0.6169362664222717,0.055,1.0
687,27,0.10426540284350293,0.054999999999999966,0.9999999999999887,0.5652207707986235,0.6167011260986328,0.055,1.0
688,27,0.10426540284350293,0.054999999999999966,0.9999999999999887,0.5650811075791716,0.6145622134208679,0.055,1.0
689,27,0.10426540284350293,0.054999999999999966,0.9999999999999887,0.5649069179221988,0.6134510636329651,0.055,1.0
690,27,0.10426540284350293,0.054999999999999966,0.9999999999999887,0.5650182631984353,0.6145063042640686,0.055,1.0
691,27,0.10426540284350293,0.054999999999999966,0.9999999999999887,0.5652740790322422,0.6124008297920227,0.055,1.0
692,27,0.10426540284350293,0.054999999999999966,0.9999999999999887,0.565383208617568,0.6124510765075684,0.055,1.0
693,27,0.10426540284350293,0.054999999999999966,0.9999999999999887,0.5653369998931885,0.6123863458633423,0.055,1.0
694,27,0.10426540284350293,0.054999999999999966,0.9999999999999887,0.5651218096539378,0.611668050289154,0.055,1.0
695,27,0.10426540284350293,0.054999999999999966,0.9999999999999887,0.5648737860098482,0.6117292046546936,0.055,1.0
696,27,0.10426540284350293,0.054999999999999966,0.9999999999999887,0.5650433486327529,0.6132569313049316,0.055,1.0
697,27,0.10426540284350293,0.054999999999999966,0.9999999999999887,0.5652584080770612,0.613106906414032,0.055,1.0
698,27,0.10426540284350293,0.054999999999999966,0.9999999999999887,0.5652435651421547,0.6120853424072266,0.055,1.0
699,27,0.10426540284350293,0.054999999999999966,0.9999999999999887,0.5649923723191023,0.6115720868110657,0.055,1.0
700,27,0.10426540284350293,0.054999999999999966,0.9999999999999887,0.5648547679185867,0.6120172142982483,0.055,1.0
701,27,0.10426540284350293,0.054999999999999966,0.9999999999999887,0.5649486152082681,0.6139996647834778,0.055,1.0
702,27,0.10426540284350293,0.054999999999999966,0.9999999999999887,0.5648995107039809,0.6188863515853882,0.055,1.0
703,27,0.10426540284350293,0.054999999999999966,0.9999999999999887,0.5651156773045659,0.6148000359535217,0.055,1.0
704,27,0.10426540284350293,0.054999999999999966,0.9999999999999887,0.5649115876480937,0.6147512793540955,0.055,1.0
705,27,0.10426540284350293,0.054999999999999966,0.9999999999999887,0.5649800016358495,0.6156104207038879,0.055,1.0
706,27,0.10426540284350293,0.054999999999999966,0.9999999999999887,0.5648680571466684,0.6155123114585876,0.055,1.0
707,27,0.10426540284350293,0.054999999999999966,0.9999999999999887,0.5649919939786195,0.6178850531578064,0.055,1.0
708,27,0.10426540284350293,0.054999999999999966,0.9999999999999887,0.5648622117191553,0.6158974170684814,0.055,1.0
709,27,0.10426540284350293,0.054999999999999966,0.9999999999999887,0.5646977203711867,0.6139094233512878,0.055,1.0
710,27,0.10426540284350293,0.054999999999999966,0.9999999999999887,0.5648155898600816,0.6208720803260803,0.055,1.0
711,27,0.10426540284350293,0.054999999999999966,0.9999999999999887,0.5648354967311024,0.6156028509140015,0.055,1.0
712,27,0.10426540284350293,0.054999999999999966,0.9999999999999887,0.5649870976433158,0.613727331161499,0.055,1.0
713,27,0.10426540284350293,0.054999999999999966,0.9999999999999887,0.5650264044851064,0.612541913986206,0.055,1.0
714,27,0.10426540284350293,0.054999999999999966,0.9999999999999887,0.5651962570846081,0.6135386824607849,0.055,1.0
715,27,0.10426540284350293,0.054999999999999966,0.9999999999999887,0.5652378299087286,0.6113765835762024,0.055,1.0
716,27,0.10426540284350293,0.054999999999999966,0.9999999999999887,0.5653351714834571,0.6121238470077515,0.055,1.0
717,27,0.10426540284350293,0.054999999999999966,0.9999999999999887,0.5654015075415373,0.613436222076416,0.055,1.0
718,27,0.10426540284350293,0.054999999999999966,0.9999999999999887,0.5654208280146122,0.6139940619468689,0.055,1.0
719,27,0.10426540284350293,0.054999999999999966,0.9999999999999887,0.5652632984519005,0.6148979663848877,0.055,1.0
720,27,0.10426540284350293,0.054999999999999966,0.9999999999999887,0.5651952781155706,0.6147825121879578,0.055,1.0
721,27,0.10426540284350293,0.054999999999999966,0.9999999999999887,0.5649577870965004,0.614349365234375,0.055,1.0
722,27,0.09637120761442332,0.05062499999999997,0.9999999999999877,0.5651768263056874,0.6170547604560852,0.050625,1.0
723,27,0.09183064997009713,0.04812499999999997,0.9999999999999871,0.5653197386488319,0.6176619529724121,0.048125,1.0
724,27,0.09183064997009713,0.04812499999999997,0.9999999999999871,0.5651322383061052,0.6221464276313782,0.048125,1.0
725,27,0.09183064997009713,0.04812499999999997,0.9999999999999871,0.5650404597446322,0.6223109364509583,0.048125,1.0
726,27,0.09183064997009713,0.04812499999999997,0.9999999999999871,0.5651444055885076,0.6211835741996765,0.048125,1.0
727,27,0.09183064997009713,0.04812499999999997,0.9999999999999871,0.5653776535019278,0.6229351758956909,0.048125,1.0
728,27,0.09183064997009713,0.04812499999999997,0.9999999999999871,0.5655903362482786,0.6237738728523254,0.048125,1.0
729,27,0.09183064997009713,0.04812499999999997,0.9999999999999871,0.5657662063837051,0.6247779726982117,0.048125,1.0
730,27,0.0997624703086937,0.05249999999999997,0.9999999999999881,0.5655361214280128,0.6223691701889038,0.0525,1.0
731,27,0.10426540284350293,0.054999999999999966,0.9999999999999887,0.5652614697441458,0.6220452785491943,0.055,1.0
732,27,0.10426540284350293,0.054999999999999966,0.9999999999999887,0.5654082959145308,0.6226764917373657,0.055,1.0
733,27,0.10426540284350293,0.054999999999999966,0.9999999999999887,0.5656311583146453,0.6220348477363586,0.055,1.0
734,27,0.10426540284350293,0.054999999999999966,0.9999999999999887,0.5655178943276405,0.6234732270240784,0.055,1.0
735,27,0.10426540284350293,0.054999999999999966,0.9999999999999887,0.5654091328755021,0.622377336025238,0.055,1.0
736,27,0.10426540284350293,0.054999999999999966,0.9999999999999887,0.56502885799855,0.6199366450309753,0.055,1.0
737,27,0.10426540284350293,0.054999999999999966,0.9999999999999887,0.5647589977830648,0.6186497807502747,0.055,1.0
738,27,0.10426540284350293,0.054999999999999966,0.9999999999999887,0.5649475135281682,0.6103715300559998,0.055,1.0
739,27,0.10426540284350293,0.054999999999999966,0.9999999999999887,0.5651954355835914,0.61220383644104,0.055,1.0
740,27,0.10426540284350293,0.054999999999999966,0.9999999999999887,0.5652192426845432,0.6127974987030029,0.055,1.0
741,27,0.10426540284350293,0.054999999999999966,0.9999999999999887,0.5649306235834957,0.6197925209999084,0.055,1.0
742,27,0.10426540284350293,0.054999999999999966,0.9999999999999887,0.5646586678549648,0.6179649829864502,0.055,1.0
743,27,0.10426540284350293,0.054999999999999966,0.9999999999999887,0.5644929922372103,0.6175718307495117,0.055,1.0
744,27,0.10426540284350293,0.054999999999999966,0.9999999999999887,0.5647718737274409,0.6186776161193848,0.055,1.0
745,27,0.10426540284350293,0.054999999999999966,0.9999999999999887,0.5650569053739309,0.6206660270690918,0.055,1.0
746,27,0.10426540284350293,0.054999999999999966,0.9999999999999887,0.5650144178792834,0.6204721331596375,0.055,1.0
747,27,0.10426540284350293,0.054999999999999966,0.9999999999999887,0.5647350035235286,0.6171006560325623,0.055,1.0
748,27,0.10426540284350293,0.054999999999999966,0.9999999999999887,0.5646013120934367,0.6169320940971375,0.055,1.0
749,27,0.10426540284350293,0.054999999999999966,0.9999999999999887,0.564805417470634,0.6124908328056335,0.055,1.0
750,27,0.10426540284350293,0.054999999999999966,0.9999999999999887,0.5650504335761071,0.6139771342277527,0.055,1.0
751,27,0.10426540284350293,0.054999999999999966,0.9999999999999887,0.5653070592880249,0.6161829829216003,0.055,1.0
752,27,0.10426540284350293,0.054999999999999966,0.9999999999999887,0.5652624591439962,0.6175603866577148,0.055,1.0
753,27,0.10426540284350293,0.054999999999999966,0.9999999999999887,0.5652302395552397,0.6177745461463928,0.055,1.0
754,27,0.10426540284350293,0.054999999999999966,0.9999999999999887,0.5652080268040299,0.6190558671951294,0.055,1.0
755,27,0.10426540284350293,0.054999999999999966,0.9999999999999887,0.5653114645555616,0.6239390969276428,0.055,1.0
756,27,0.10426540284350293,0.054999999999999966,0.9999999999999887,0.565405567921698,0.6153320074081421,0.055,1.0
757,27,0.10426540284350293,0.054999999999999966,0.9999999999999887,0.5652816732227802,0.6179139614105225,0.055,1.0
758,27,0.10426540284350293,0.054999999999999966,0.9999999999999887,0.5652409455180168,0.6183337569236755,0.055,1.0
759,27,0.10426540284350293,0.054999999999999966,0.9999999999999887,0.5651511116325856,0.6192135810852051,0.055,1.0
760,27,0.10426540284350293,0.054999999999999966,0.9999999999999887,0.565036922544241,0.6206573247909546,0.055,1.0
761,27,0.10426540284350293,0.054999999999999966,0.9999999999999887,0.5647041445598007,0.6187562346458435,0.055,1.0
762,27,0.10426540284350293,0.054999999999999966,0.9999999999999887,0.5646217538043856,0.6172903776168823,0.055,1.0
763,27,0.10426540284350293,0.054999999999999966,0.9999999999999887,0.5646228378266096,0.6182517409324646,0.055,1.0
764,27,0.10426540284350293,0.054999999999999966,0.9999999999999887,0.5647494146227836,0.6188485026359558,0.055,1.0
765,27,0.10426540284350293,0.054999999999999966,0.9999999999999887,0.5648730336129666,0.6218514442443848,0.055,1.0
766,27,0.10426540284350293,0.054999999999999966,0.9999999999999887,0.564890982247889,0.6237297058105469,0.055,1.0
767,27,0.10426540284350293,0.054999999999999966,0.9999999999999887,0.5649846640974283,0.6242005228996277,0.055,1.0
768,27,0.10426540284350293,0.054999999999999966,0.9999999999999887,0.5650948525220155,0.6239085793495178,0.055,1.0
769,27,0.10426540284350293,0.054999999999999966,0.9999999999999887,0.5650178967788816,0.6208989024162292,0.055,1.0
770,27,0.10426540284350293,0.054999999999999966,0.9999999999999887,0.5647210927680135,0.6201568245887756,0.055,1.0
771,27,0.10426540284350293,0.054999999999999966,0.9999999999999887,0.5647449798882007,0.6199305653572083,0.055,1.0
772,27,0.10426540284350293,0.054999999999999966,0.9999999999999887,0.5647628582268953,0.6215488314628601,0.055,1.0
773,27,0.10426540284350293,0.054999999999999966,0.9999999999999887,0.5649627308920026,0.6219385862350464,0.055,1.0
774,27,0.10426540284350293,0.054999999999999966,0.9999999999999887,0.5648663036897779,0.6204053163528442,0.055,1.0
775,27,0.10426540284350293,0.054999999999999966,0.9999999999999887,0.5647352405264974,0.618274450302124,0.055,1.0
776,27,0.09863339275094592,0.05187499999999997,0.999999999999988,0.5643166488781571,0.6180155277252197,0.051875,1.0
777,27,0.09183064997009713,0.04812499999999997,0.9999999999999871,0.5643820860236883,0.6187639832496643,0.048125,1.0
778,27,0.09183064997009713,0.04812499999999997,0.9999999999999871,0.5647350301966071,0.6198139786720276,0.048125,1.0
779,27,0.09183064997009713,0.04812499999999997,0.9999999999999871,0.564811440706253,0.6214677691459656,0.048125,1.0
780,27,0.09183064997009713,0.04812499999999997,0.9999999999999871,0.5648756890371441,0.6217073798179626,0.048125,1.0
781,27,0.09183064997009713,0.04812499999999997,0.9999999999999871,0.5646735843643547,0.6205222606658936,0.048125,1.0
782,27,0.09183064997009713,0.04812499999999997,0.9999999999999871,0.5646271906048059,0.6166162490844727,0.048125,1.0
783,27,0.09183064997009713,0.04812499999999997,0.9999999999999871,0.5648161438107491,0.6145059466362,0.048125,1.0
784,27,0.09750297265151237,0.05124999999999997,0.9999999999999879,0.5650546339526773,0.6164311170578003,0.05125,1.0
785,27,0.10426540284350293,0.054999999999999966,0.9999999999999887,0.5653289811313152,0.6202675104141235,0.055,1.0
786,27,0.10426540284350293,0.054999999999999966,0.9999999999999887,0.5653186630085111,0.6244122982025146,0.055,1.0
787,27,0.10426540284350293,0.054999999999999966,0.9999999999999887,0.565254720672965,0.6264042854309082,0.055,1.0
788,27,0.10426540284350293,0.054999999999999966,0.9999999999999887,0.5650741375982762,0.6274614930152893,0.055,1.0
789,27,0.10426540284350293,0.054999999999999966,0.9999999999999887,0.5648469309136271,0.622998058795929,0.055,1.0
790,27,0.10426540284350293,0.054999999999999966,0.9999999999999887,0.5647404301166534,0.6245141625404358,0.055,1.0
791,27,0.10426540284350293,0.054999999999999966,0.9999999999999887,0.5645353672280907,0.625190019607544,0.055,1.0
792,27,0.10426540284350293,0.054999999999999966,0.9999999999999887,0.5645512085780502,0.6264512538909912,0.055,1.0
793,27,0.10426540284350293,0.054999999999999966,0.9999999999999887,0.5645594280958176,0.6269935369491577,0.055,1.0
794,27,0.10426540284350293,0.054999999999999966,0.9999999999999887,0.5645111751183868,0.6270579099655151,0.055,1.0
795,27,0.10426540284350293,0.054999999999999966,0.9999999999999887,0.5645297052711249,0.626667320728302,0.055,1.0
796,27,0.10426540284350293,0.054999999999999966,0.9999999999999887,0.5645182873681187,0.621950089931488,0.055,1.0
797,27,0.10426540284350293,0.054999999999999966,0.9999999999999887,0.5642687483131885,0.6155628561973572,0.055,1.0
798,27,0.10426540284350293,0.054999999999999966,0.9999999999999887,0.5644033298641443,0.6160990595817566,0.055,1.0
799,27,0.10426540284350293,0.054999999999999966,0.9999999999999887,0.5645521069690586,0.6178727746009827,0.055,1.0
800,27,0.10426540284350293,0.054999999999999966,0.9999999999999887,0.5644546480849385,0.6201391220092773,0.055,1.0
801,27,0.10426540284350293,0.054999999999999966,0.9999999999999887,0.5643844472244381,0.6208998560905457,0.055,1.0
802,27,0.10426540284350293,0.054999999999999966,0.9999999999999887,0.5643478243425488,0.619834840297699,0.055,1.0
803,27,0.10426540284350293,0.054999999999999966,0.9999999999999887,0.5641249265521765,0.6148783564567566,0.055,1.0
804,27,0.10426540284350293,0.054999999999999966,0.9999999999999887,0.5641717620566488,0.6149698495864868,0.055,1.0
805,27,0.10426540284350293,0.054999999999999966,0.9999999999999887,0.5645654195174575,0.6189644932746887,0.055,1.0
806,27,0.10426540284350293,0.054999999999999966,0.9999999999999887,0.5645841389149427,0.6228446364402771,0.055,1.0
807,27,0.10426540284350293,0.054999999999999966,0.9999999999999887,0.5645955545827747,0.6243617534637451,0.055,1.0
808,27,0.10426540284350293,0.054999999999999966,0.9999999999999887,0.5645514434948563,0.6245663166046143,0.055,1.0
809,27,0.10426540284350293,0.054999999999999966,0.9999999999999887,0.5645495448261499,0.6200843453407288,0.055,1.0
810,27,0.10426540284350293,0.054999999999999966,0.9999999999999887,0.5644459611549973,0.6164397597312927,0.055,1.0
811,27,0.10426540284350293,0.054999999999999966,0.9999999999999887,0.564796839877963,0.6201395392417908,0.055,1.0
812,27,0.10426540284350293,0.054999999999999966,0.9999999999999887,0.5648675302043558,0.6230934262275696,0.055,1.0
813,27,0.10426540284350293,0.054999999999999966,0.9999999999999887,0.5648129933327436,0.6256710290908813,0.055,1.0
814,27,0.10426540284350293,0.054999999999999966,0.9999999999999887,0.5647852258011699,0.6237795352935791,0.055,1.0
815,27,0.10426540284350293,0.054999999999999966,0.9999999999999887,0.564681192971766,0.6179062724113464,0.055,1.0
816,27,0.10426540284350293,0.054999999999999966,0.9999999999999887,0.5649179491773247,0.6159703731536865,0.055,1.0
817,27,0.10426540284350293,0.054999999999999966,0.9999999999999887,0.5648582547158003,0.6194309592247009,0.055,1.0
818,27,0.10426540284350293,0.054999999999999966,0.9999999999999887,0.5652385346964002,0.6264048218727112,0.055,1.0
819,27,0.10426540284350293,0.054999999999999966,0.9999999999999887,0.5651331209763885,0.6283472180366516,0.055,1.0
820,27,0.10426540284350293,0.054999999999999966,0.9999999999999887,0.5650113902986049,0.6267013549804688,0.055,1.0
821,27,0.10426540284350293,0.054999999999999966,0.9999999999999887,0.5649915773048997,0.623984158039093,0.055,1.0
822,27,0.10426540284350293,0.054999999999999966,0.9999999999999887,0.5650651329383254,0.6251704096794128,0.055,1.0
823,27,0.10426540284350293,0.054999999999999966,0.9999999999999887,0.5651173877343535,0.6293121576309204,0.055,1.0
824,27,0.10426540284350293,0.054999999999999966,0.9999999999999887,0.5649533549696207,0.6317476034164429,0.055,1.0
825,27,0.10426540284350293,0.054999999999999966,0.9999999999999887,0.5648937620967627,0.6297168731689453,0.055,1.0
826,27,0.10426540284350293,0.054999999999999966,0.9999999999999887,0.5647928851470351,0.624895453453064,0.055,1.0
827,27,0.10426540284350293,0.054999999999999966,0.9999999999999887,0.5648413401842117,0.6236907839775085,0.055,1.0
828,27,0.10426540284350293,0.054999999999999966,0.9999999999999887,0.5649026953056455,0.629172682762146,0.055,1.0
829,27,0.10426540284350293,0.054999999999999966,0.9999999999999887,0.565036210976541,0.6374523639678955,0.055,1.0
830,27,0.10426540284350293,0.054999999999999966,0.9999999999999887,0.5651138622686267,0.6386167407035828,0.055,1.0
831,27,0.10426540284350293,0.054999999999999966,0.9999999999999887,0.56512441996485,0.6377097964286804,0.055,1.0
832,27,0.10426540284350293,0.054999999999999966,0.9999999999999887,0.5648569030687213,0.629074215888977,0.055,1.0
833,27,0.10426540284350293,0.054999999999999966,0.9999999999999887,0.5646724691614509,0.6258498430252075,0.055,1.0
834,27,0.10426540284350293,0.054999999999999966,0.9999999999999887,0.564688507169485,0.6259467005729675,0.055,1.0
835,27,0.10426540284350293,0.054999999999999966,0.9999999999999887,0.5646672793850303,0.628487229347229,0.055,1.0
836,27,0.10426540284350293,0.054999999999999966,0.9999999999999887,0.5648336431384087,0.6425824761390686,0.055,1.0
837,27,0.10426540284350293,0.054999999999999966,0.9999999999999887,0.5647951588779688,0.6359296441078186,0.055,1.0
838,27,0.10426540284350293,0.054999999999999966,0.9999999999999887,0.5646023816615343,0.6338131427764893,0.055,1.0
839,27,0.10426540284350293,0.054999999999999966,0.9999999999999887,0.5645070064067841,0.6350859999656677,0.055,1.0
840,27,0.10426540284350293,0.054999999999999966,0.9999999999999887,0.5646953582391143,0.6423932909965515,0.055,1.0
841,27,0.10426540284350293,0.054999999999999966,0.9999999999999887,0.5650800301507115,0.6453378796577454,0.055,1.0
842,27,0.10426540284350293,0.054999999999999966,0.9999999999999887,0.5649337941780687,0.6362558007240295,0.055,1.0
843,27,0.10426540284350293,0.054999999999999966,0.9999999999999887,0.5648991259932518,0.6320320963859558,0.055,1.0
844,27,0.10426540284350293,0.054999999999999966,0.9999999999999887,0.5646502736210823,0.6266646981239319,0.055,1.0
845,27,0.10426540284350293,0.054999999999999966,0.9999999999999887,0.5647222705930471,0.632066011428833,0.055,1.0
846,27,0.10426540284350293,0.054999999999999966,0.9999999999999887,0.5648716998845339,0.6333624124526978,0.055,1.0
847,27,0.10426540284350293,0.054999999999999966,0.9999999999999887,0.5649836788326502,0.6297370791435242,0.055,1.0
848,27,0.10426540284350293,0.054999999999999966,0.9999999999999887,0.5648167929053307,0.6221550703048706,0.055,1.0
849,27,0.10426540284350293,0.054999999999999966,0.9999999999999887,0.5643580220639706,0.6204313039779663,0.055,1.0
850,27,0.10426540284350293,0.054999999999999966,0.9999999999999887,0.5643926548585295,0.626447319984436,0.055,1.0
851,27,0.09183064997009713,0.04812499999999997,0.9999999999999871,0.5645850619673729,0.6308947205543518,0.048125,1.0
852,27,0.10426540284350293,0.054999999999999966,0.9999999999999887,0.5648222848773002,0.6297779083251953,0.055,1.0
853,27,0.10426540284350293,0.054999999999999966,0.9999999999999887,0.564693092443049,0.6235454678535461,0.055,1.0
854,27,0.10426540284350293,0.054999999999999966,0.9999999999999887,0.5645142246782779,0.6217435598373413,0.055,1.0
855,27,0.10426540284350293,0.054999999999999966,0.9999999999999887,0.5643951827287674,0.6202385425567627,0.055,1.0
856,27,0.10426540284350293,0.054999999999999966,0.9999999999999887,0.5645146232843399,0.6292867660522461,0.055,1.0
857,27,0.10426540284350293,0.054999999999999966,0.9999999999999887,0.5649081818014383,0.6340832114219666,0.055,1.0
858,27,0.10426540284350293,0.054999999999999966,0.9999999999999887,0.5648768674209714,0.6295667290687561,0.055,1.0
859,27,0.11653914067087304,0.061874999999999965,0.9999999999999899,0.564779043905437,0.6289485692977905,0.061875,1.0
860,27,0.10426540284350293,0.054999999999999966,0.9999999999999887,0.5645870102569461,0.6301937103271484,0.055,1.0
861,27,0.10089020771503761,0.05312499999999997,0.9999999999999883,0.5647600377723575,0.6307891607284546,0.053125,1.0
862,27,0.09523809523800442,0.049999999999999975,0.9999999999999876,0.5650536216422916,0.6358522772789001,0.05,1.0
863,27,0.09183064997009713,0.04812499999999997,0.9999999999999871,0.5651392947137356,0.635841965675354,0.048125,1.0
864,27,0.09183064997009713,0.04812499999999997,0.9999999999999871,0.5651923085004091,0.6350373029708862,0.048125,1.0
865,27,0.09183064997009713,0.04812499999999997,0.9999999999999871,0.565279568247497,0.6359805464744568,0.048125,1.0
866,27,0.10426540284350293,0.054999999999999966,0.9999999999999887,0.5652466464787722,0.6282922029495239,0.055,1.0
867,27,0.10426540284350293,0.054999999999999966,0.9999999999999887,0.565395080447197,0.6304904818534851,0.055,1.0
868,27,0.10426540284350293,0.054999999999999966,0.9999999999999887,0.5652938057109713,0.6291908621788025,0.055,1.0
869,27,0.10426540284350293,0.054999999999999966,0.9999999999999887,0.5651470126211643,0.6259997487068176,0.055,1.0
870,27,0.10426540284350293,0.054999999999999966,0.9999999999999887,0.5652268827334046,0.6275836229324341,0.055,1.0
871,27,0.10426540284350293,0.054999999999999966,0.9999999999999887,0.5649732178449631,0.6258552074432373,0.055,1.0
872,27,0.10426540284350293,0.054999999999999966,0.9999999999999887,0.5650022371485829,0.6230019330978394,0.055,1.0
873,27,0.10426540284350293,0.054999999999999966,0.9999999999999887,0.5649499694257974,0.622063934803009,0.055,1.0
874,27,0.10426540284350293,0.054999999999999966,0.9999999999999887,0.5651732546463609,0.6112298369407654,0.055,1.0
875,27,0.10426540284350293,0.054999999999999966,0.9999999999999887,0.565234188772738,0.6100537776947021,0.055,1.0
876,27,0.10426540284350293,0.054999999999999966,0.9999999999999887,0.5652054423838854,0.6091232895851135,0.055,1.0
877,27,0.10426540284350293,0.054999999999999966,0.9999999999999887,0.5652907440438867,0.6102132797241211,0.055,1.0
878,27,0.10426540284350293,0.054999999999999966,0.9999999999999887,0.565222352296114,0.6305317282676697,0.055,1.0
879,27,0.10426540284350293,0.054999999999999966,0.9999999999999887,0.5651505920663475,0.6296280026435852,0.055,1.0
880,27,0.10426540284350293,0.054999999999999966,0.9999999999999887,0.5650953949987888,0.6338502168655396,0.055,1.0
881,27,0.10426540284350293,0.054999999999999966,0.9999999999999887,0.5651696654409171,0.6332542896270752,0.055,1.0
882,27,0.10201660735458871,0.05374999999999997,0.9999999999999885,0.5650381148234009,0.6328311562538147,0.05375,1.0
883,27,0.09410363311485959,0.049374999999999974,0.9999999999999875,0.5648743396252394,0.6355440616607666,0.049375,1.0
884,27,0.09296781883185402,0.048749999999999974,0.9999999999999872,0.564555358402431,0.6297714114189148,0.04875,1.0
885,27,0.09183064997009713,0.04812499999999997,0.9999999999999871,0.5645587309077382,0.6266362071037292,0.048125,1.0
886,27,0.09183064997009713,0.04812499999999997,0.9999999999999871,0.5645576782897115,0.6253529787063599,0.048125,1.0
887,27,0.09183064997009713,0.04812499999999997,0.9999999999999871,0.5649678907170892,0.6271981596946716,0.048125,1.0
888,27,0.09183064997009713,0.04812499999999997,0.9999999999999871,0.5648904285207391,0.6269441246986389,0.048125,1.0
889,27,0.09183064997009713,0.04812499999999997,0.9999999999999871,0.5647455299645663,0.6247637271881104,0.048125,1.0
890,27,0.09410363311485959,0.049374999999999974,0.9999999999999875,0.5646966598182916,0.627302348613739,0.049375,1.0
891,27,0.10201660735458871,0.05374999999999997,0.9999999999999885,0.5647710127010942,0.6275185942649841,0.05375,1.0
892,27,0.10314167160630396,0.05437499999999997,0.9999999999999886,0.5650661877170206,0.6337394118309021,0.054375,1.0
893,27,0.10426540284350293,0.054999999999999966,0.9999999999999887,0.5651737316697836,0.6381743550300598,0.055,1.0
894,27,0.10426540284350293,0.054999999999999966,0.9999999999999887,0.5648894039541483,0.6360921859741211,0.055,1.0
895,27,0.10426540284350293,0.054999999999999966,0.9999999999999887,0.5646612324565649,0.6332155466079712,0.055,1.0
896,27,0.10426540284350293,0.054999999999999966,0.9999999999999887,0.5647914401814341,0.6334362626075745,0.055,1.0
897,27,0.10426540284350293,0.054999999999999966,0.9999999999999887,0.5650281171500683,0.6357367634773254,0.055,1.0
898,27,0.10426540284350293,0.054999999999999966,0.9999999999999887,0.5650748934969306,0.6220718026161194,0.055,1.0
899,27,0.10426540284350293,0.054999999999999966,0.9999999999999887,0.5651823872327805,0.6211557388305664,0.055,1.0
900,27,0.10426540284350293,0.054999999999999966,0.9999999999999887,0.565111287496984,0.6211243271827698,0.055,1.0
901,27,0.10426540284350293,0.054999999999999966,0.9999999999999887,0.5651551438495517,0.6211756467819214,0.055,1.0
902,27,0.10426540284350293,0.054999999999999966,0.9999999999999887,0.5653344773873686,0.6216896772384644,0.055,1.0
903,27,0.10426540284350293,0.054999999999999966,0.9999999999999887,0.5653277503326535,0.6104084849357605,0.055,1.0
904,27,0.11653914067087304,0.061874999999999965,0.9999999999999899,0.5652318293228745,0.6100466251373291,0.061875,1.0
905,27,0.10426540284350293,0.054999999999999966,0.9999999999999887,0.5649922190234065,0.615184485912323,0.055,1.0
906,27,0.10426540284350293,0.054999999999999966,0.9999999999999887,0.5652088653668761,0.6148168444633484,0.055,1.0
907,27,0.10538780343388464,0.055624999999999966,0.9999999999999888,0.5653931186720729,0.6150872111320496,0.055625,1.0
908,27,0.11653914067087304,0.061874999999999965,0.9999999999999899,0.5652604696899652,0.6155446767807007,0.061875,1.0
909,27,0.11653914067087304,0.061874999999999965,0.9999999999999899,0.5652794114872813,0.614410400390625,0.061875,1.0
910,27,0.11653914067087304,0.061874999999999965,0.9999999999999899,0.565632799603045,0.6167440414428711,0.061875,1.0
911,27,0.11653914067087304,0.061874999999999965,0.9999999999999899,0.5656751423329115,0.6084787845611572,0.061875,1.0
912,27,0.11653914067087304,0.061874999999999965,0.9999999999999899,0.5654219734668732,0.6062214970588684,0.061875,1.0
913,27,0.11653914067087304,0.061874999999999965,0.9999999999999899,0.5653337227925658,0.6069507598876953,0.061875,1.0
914,27,0.11653914067087304,0.061874999999999965,0.9999999999999899,0.5652864867448807,0.6066755056381226,0.061875,1.0
915,27,0.11542991754995,0.061249999999999964,0.9999999999999899,0.5652999630197882,0.6108705997467041,0.06125,1.0
916,27,0.10426540284350293,0.054999999999999966,0.9999999999999887,0.565287385135889,0.6100610494613647,0.055,1.0
917,27,0.10426540284350293,0.054999999999999966,0.9999999999999887,0.5651721101999283,0.6095419526100159,0.055,1.0
918,27,0.10426540284350293,0.054999999999999966,0.9999999999999887,0.5651219061389565,0.6104971766471863,0.055,1.0
919,27,0.10426540284350293,0.054999999999999966,0.9999999999999887,0.5649910147860646,0.61005699634552,0.055,1.0
920,27,0.10426540284350293,0.054999999999999966,0.9999999999999887,0.5650481827557087,0.6127176284790039,0.055,1.0
921,27,0.10426540284350293,0.054999999999999966,0.9999999999999887,0.5651286233961582,0.6111698150634766,0.055,1.0
922,27,0.10538780343388464,0.055624999999999966,0.9999999999999888,0.5648604317009449,0.629727840423584,0.055625,1.0
923,27,0.1098641464854247,0.05812499999999997,0.9999999999999893,0.5649400531873107,0.631617546081543,0.058125,1.0
924,27,0.11320754716970438,0.05999999999999996,0.9999999999999897,0.5648661988973618,0.6281554698944092,0.06,1.0
925,27,0.11653914067087304,0.061874999999999965,0.9999999999999899,0.5649395602196455,0.6283716559410095,0.061875,1.0
926,27,0.12865497076011337,0.06874999999999996,0.999999999999991,0.5651209007203579,0.6274247169494629,0.06875,1.0
927,27,0.12865497076011337,0.06874999999999996,0.999999999999991,0.5649763410165906,0.626990556716919,0.06875,1.0
928,27,0.12865497076011337,0.06874999999999996,0.999999999999991,0.5649597649276257,0.625318706035614,0.06875,1.0
929,27,0.12865497076011337,0.06874999999999996,0.999999999999991,0.5652808772400022,0.6280606985092163,0.06875,1.0
930,27,0.12755997659438012,0.06812499999999996,0.9999999999999909,0.5652714220061898,0.6196869611740112,0.068125,1.0
931,27,0.1231671554251042,0.06562499999999996,0.9999999999999906,0.5653079629316926,0.6185338497161865,0.065625,1.0
932,27,0.11985898942409398,0.06374999999999996,0.9999999999999902,0.565255724415183,0.6113074421882629,0.06375,1.0
933,27,0.11653914067087304,0.061874999999999965,0.9999999999999899,0.5652941086515785,0.610546350479126,0.061875,1.0
934,27,0.10426540284350293,0.054999999999999966,0.9999999999999887,0.5650155802071094,0.6126887798309326,0.055,1.0
935,27,0.10426540284350293,0.054999999999999966,0.9999999999999887,0.565170517526567,0.6245041489601135,0.055,1.0
936,27,0.10426540284350293,0.054999999999999966,0.9999999999999887,0.5653766442835331,0.6247616410255432,0.055,1.0
937,27,0.10426540284350293,0.054999999999999966,0.9999999999999887,0.5654751646891236,0.6278257966041565,0.055,1.0
938,27,0.10426540284350293,0.054999999999999966,0.9999999999999887,0.5654421359673143,0.6289348006248474,0.055,1.0
939,27,0.10426540284350293,0.054999999999999966,0.9999999999999887,0.565518181398511,0.6303043365478516,0.055,1.0
940,27,0.10426540284350293,0.054999999999999966,0.9999999999999887,0.5655137728899717,0.6283884644508362,0.055,1.0
941,27,0.10426540284350293,0.054999999999999966,0.9999999999999887,0.5652625589445234,0.6248303651809692,0.055,1.0
942,27,0.10426540284350293,0.054999999999999966,0.9999999999999887,0.5653490296378731,0.6258891820907593,0.055,1.0
943,27,0.10426540284350293,0.054999999999999966,0.9999999999999887,0.5654870802536607,0.6261914968490601,0.055,1.0
944,27,0.10426540284350293,0.054999999999999966,0.9999999999999887,0.5654094977304339,0.6275730729103088,0.055,1.0
945,27,0.10426540284350293,0.054999999999999966,0.9999999999999887,0.5650138637796044,0.6246964931488037,0.055,1.0
946,27,0.10426540284350293,0.054999999999999966,0.9999999999999887,0.5649098439514637,0.6318005323410034,0.055,1.0
947,27,0.10426540284350293,0.054999999999999966,0.9999999999999887,0.564937855899334,0.6324766278266907,0.055,1.0
948,27,0.10426540284350293,0.054999999999999966,0.9999999999999887,0.565062508173287,0.6319211721420288,0.055,1.0
949,27,0.10426540284350293,0.054999999999999966,0.9999999999999887,0.5651627085357904,0.6337339878082275,0.055,1.0
950,27,0.10426540284350293,0.054999999999999966,0.9999999999999887,0.5650186903402209,0.6334109902381897,0.055,1.0
951,27,0.11209439528013006,0.05937499999999997,0.9999999999999896,0.5650735333561897,0.6309167146682739,0.059375,1.0
952,27,0.11653914067087304,0.061874999999999965,0.9999999999999899,0.5650844728574157,0.6307265758514404,0.061875,1.0
953,27,0.11653914067087304,0.061874999999999965,0.9999999999999899,0.5652396911010146,0.6322000622749329,0.061875,1.0
954,27,0.11653914067087304,0.061874999999999965,0.9999999999999899,0.5653092500567436,0.6261330842971802,0.061875,1.0
955,27,0.11653914067087304,0.061874999999999965,0.9999999999999899,0.5651697597652674,0.624876081943512,0.061875,1.0
956,27,0.11653914067087304,0.061874999999999965,0.9999999999999899,0.5651921460032463,0.6252046227455139,0.061875,1.0
957,27,0.11653914067087304,0.061874999999999965,0.9999999999999899,0.5650984910875558,0.6261436343193054,0.061875,1.0
958,27,0.11653914067087304,0.061874999999999965,0.9999999999999899,0.5651637734472752,0.6262770891189575,0.061875,1.0
959,27,0.10874704491715471,0.05749999999999997,0.9999999999999892,0.5649704436957836,0.6173204183578491,0.0575,1.0
960,27,0.10426540284350293,0.054999999999999966,0.9999999999999887,0.5649978279694915,0.6171558499336243,0.055,1.0
961,27,0.10426540284350293,0.054999999999999966,0.9999999999999887,0.5651220711693168,0.6162060499191284,0.055,1.0
962,27,0.10426540284350293,0.054999999999999966,0.9999999999999887,0.5650934618711472,0.6180015802383423,0.055,1.0
963,27,0.10426540284350293,0.054999999999999966,0.9999999999999887,0.5652078158780932,0.6182218790054321,0.055,1.0
964,27,0.10426540284350293,0.054999999999999966,0.9999999999999887,0.5651521150767803,0.6176027655601501,0.055,1.0
965,27,0.10426540284350293,0.054999999999999966,0.9999999999999887,0.5652731524035335,0.6184991598129272,0.055,1.0
966,27,0.10426540284350293,0.054999999999999966,0.9999999999999887,0.5653409586846828,0.6328622698783875,0.055,1.0
967,27,0.10426540284350293,0.054999999999999966,0.9999999999999887,0.5653682341054082,0.632001519203186,0.055,1.0
968,27,0.10426540284350293,0.054999999999999966,0.9999999999999887,0.5651489963755012,0.6353090405464172,0.055,1.0
969,27,0.10426540284350293,0.054999999999999966,0.9999999999999887,0.5652676522359252,0.6356990337371826,0.055,1.0
970,27,0.10426540284350293,0.054999999999999966,0.9999999999999887,0.5651763483509421,0.636080265045166,0.055,1.0
971,27,0.10426540284350293,0.054999999999999966,0.9999999999999887,0.5652438646554947,0.6394979357719421,0.055,1.0
972,27,0.10426540284350293,0.054999999999999966,0.9999999999999887,0.5646883039921522,0.6299121975898743,0.055,1.0
973,27,0.10426540284350293,0.054999999999999966,0.9999999999999887,0.5644821811839938,0.63436359167099,0.055,1.0
974,27,0.10426540284350293,0.054999999999999966,0.9999999999999887,0.5645015695691109,0.6245888471603394,0.055,1.0
975,27,0.10426540284350293,0.054999999999999966,0.9999999999999887,0.5645944828912616,0.6255797147750854,0.055,1.0
976,27,0.10426540284350293,0.054999999999999966,0.9999999999999887,0.564576461687684,0.6162751317024231,0.055,1.0
977,27,0.10426540284350293,0.054999999999999966,0.9999999999999887,0.5645882713794709,0.6165264248847961,0.055,1.0
978,27,0.10426540284350293,0.054999999999999966,0.9999999999999887,0.5645075749233365,0.6161470413208008,0.055,1.0
979,27,0.10426540284350293,0.054999999999999966,0.9999999999999887,0.5643927839398384,0.618843138217926,0.055,1.0
980,27,0.10426540284350293,0.054999999999999966,0.9999999999999887,0.5643898783624173,0.6179300546646118,0.055,1.0
981,27,0.10426540284350293,0.054999999999999966,0.9999999999999887,0.5646439478173852,0.62015700340271,0.055,1.0
982,27,0.10426540284350293,0.054999999999999966,0.9999999999999887,0.5646989013627172,0.6207396984100342,0.055,1.0
983,27,0.10426540284350293,0.054999999999999966,0.9999999999999887,0.5646581863984466,0.6192310452461243,0.055,1.0
984,27,0.10426540284350293,0.054999999999999966,0.9999999999999887,0.5647001926600933,0.6280697584152222,0.055,1.0
985,27,0.10426540284350293,0.054999999999999966,0.9999999999999887,0.5648222687840462,0.6281666159629822,0.055,1.0
986,27,0.10426540284350293,0.054999999999999966,0.9999999999999887,0.5648305852338672,0.6288023591041565,0.055,1.0
987,27,0.10426540284350293,0.054999999999999966,0.9999999999999887,0.5649711285531521,0.6315889358520508,0.055,1.0
988,27,0.10426540284350293,0.054999999999999966,0.9999999999999887,0.5649777482822538,0.6296225786209106,0.055,1.0
989,27,0.10426540284350293,0.054999999999999966,0.9999999999999887,0.5650889655575156,0.6306188702583313,0.055,1.0
990,27,0.10426540284350293,0.054999999999999966,0.9999999999999887,0.5649537238106132,0.6304807662963867,0.055,1.0
991,27,0.10426540284350293,0.054999999999999966,0.9999999999999887,0.5647779142484068,0.6304728984832764,0.055,1.0
992,27,0.10426540284350293,0.054999999999999966,0.9999999999999887,0.5649001248925924,0.6218556761741638,0.055,1.0
993,27,0.09183064997009713,0.04812499999999997,0.9999999999999871,0.5647763173282146,0.6211230158805847,0.048125,1.0
994,27,0.09183064997009713,0.04812499999999997,0.9999999999999871,0.5649901462346315,0.6209271550178528,0.048125,1.0
995,27,0.09183064997009713,0.04812499999999997,0.9999999999999871,0.5649612969905138,0.6224456429481506,0.048125,1.0
996,27,0.09183064997009713,0.04812499999999997,0.9999999999999871,0.5648514519631863,0.623596727848053,0.048125,1.0
997,27,0.09183064997009713,0.04812499999999997,0.9999999999999871,0.5648157257214188,0.6231203079223633,0.048125,1.0
998,27,0.09183064997009713,0.04812499999999997,0.9999999999999871,0.5649868429452181,0.6213303208351135,0.048125,1.0
999,27,0.10426540284350293,0.054999999999999966,0.9999999999999887,0.5651600016653537,0.6210294365882874,0.055,1.0
1000,27,0.10426540284350293,0.054999999999999966,0.9999999999999887,0.5651485902071,0.620727002620697,0.055,1.0
1001,27,0.10426540284350293,0.054999999999999966,0.9999999999999887,0.5649553754553199,0.6237929463386536,0.055,1.0
1002,27,0.10426540284350293,0.054999999999999966,0.9999999999999887,0.5650978531688452,0.6250622868537903,0.055,1.0
1003,27,0.10426540284350293,0.054999999999999966,0.9999999999999887,0.5652875962853432,0.6303953528404236,0.055,1.0
1004,27,0.10426540284350293,0.054999999999999966,0.9999999999999887,0.5652078905329109,0.6284691095352173,0.055,1.0
1005,27,0.10426540284350293,0.054999999999999966,0.9999999999999887,0.5649507483839988,0.6277192831039429,0.055,1.0
1006,27,0.10426540284350293,0.054999999999999966,0.9999999999999887,0.5646767673641443,0.6303221583366394,0.055,1.0
1007,27,0.10426540284350293,0.054999999999999966,0.9999999999999887,0.5648248374834657,0.6301866173744202,0.055,1.0
1008,27,0.10426540284350293,0.054999999999999966,0.9999999999999887,0.5649580534920097,0.6368312835693359,0.055,1.0
1009,27,0.10426540284350293,0.054999999999999966,0.9999999999999887,0.5649801578745246,0.6367011666297913,0.055,1.0
1010,27,0.10426540284350293,0.054999999999999966,0.9999999999999887,0.5649252359569072,0.634753406047821,0.055,1.0
1011,27,0.10426540284350293,0.054999999999999966,0.9999999999999887,0.5644940481707453,0.6297243237495422,0.055,1.0
1012,27,0.10426540284350293,0.054999999999999966,0.9999999999999887,0.5644453623145819,0.6248999238014221,0.055,1.0
1013,27,0.10426540284350293,0.054999999999999966,0.9999999999999887,0.5645714589953422,0.626245379447937,0.055,1.0
1014,27,0.10426540284350293,0.054999999999999966,0.9999999999999887,0.5646423429250718,0.6334506273269653,0.055,1.0
1015,27,0.10426540284350293,0.054999999999999966,0.9999999999999887,0.5647188737615942,0.6196543574333191,0.055,1.0
1016,27,0.10426540284350293,0.054999999999999966,0.9999999999999887,0.5646603533998131,0.618527352809906,0.055,1.0
1017,27,0.10426540284350293,0.054999999999999966,0.9999999999999887,0.5644737355411052,0.6221866607666016,0.055,1.0
1018,27,0.10426540284350293,0.054999999999999966,0.9999999999999887,0.5646142718195916,0.6214125752449036,0.055,1.0
1019,27,0.10426540284350293,0.054999999999999966,0.9999999999999887,0.5647773205116391,0.654879093170166,0.055,1.0
1020,27,0.10426540284350293,0.054999999999999966,0.9999999999999887,0.5648095681890846,0.628017246723175,0.055,1.0
1021,27,0.10426540284350293,0.054999999999999966,0.9999999999999887,0.5648475931957364,0.622769296169281,0.055,1.0
1022,27,0.10426540284350293,0.054999999999999966,0.9999999999999887,0.5648268550634384,0.6215773820877075,0.055,1.0
1023,27,0.10426540284350293,0.054999999999999966,0.9999999999999887,0.5646265658736229,0.6211726069450378,0.055,1.0
1024,27,0.10426540284350293,0.054999999999999966,0.9999999999999887,0.5647899771109224,0.6181427836418152,0.055,1.0
1025,27,0.10426540284350293,0.054999999999999966,0.9999999999999887,0.5650745455920696,0.620509922504425,0.055,1.0
1026,27,0.10426540284350293,0.054999999999999966,0.9999999999999887,0.5650341219455004,0.6206335425376892,0.055,1.0
1027,27,0.10426540284350293,0.054999999999999966,0.9999999999999887,0.5652259372174739,0.623252809047699,0.055,1.0
1028,27,0.10426540284350293,0.054999999999999966,0.9999999999999887,0.5650719253346324,0.6198943257331848,0.055,1.0
1029,27,0.10426540284350293,0.054999999999999966,0.9999999999999887,0.5648020684346556,0.6264857053756714,0.055,1.0
1030,27,0.10426540284350293,0.054999999999999966,0.9999999999999887,0.5648643406480551,0.6278910636901855,0.055,1.0
1031,27,0.10426540284350293,0.054999999999999966,0.9999999999999887,0.564945487715304,0.6316730380058289,0.055,1.0
1032,27,0.10426540284350293,0.054999999999999966,0.9999999999999887,0.5649626752361655,0.6366128325462341,0.055,1.0
1033,27,0.10426540284350293,0.054999999999999966,0.9999999999999887,0.5647865745425225,0.6363095641136169,0.055,1.0
1034,27,0.10426540284350293,0.054999999999999966,0.9999999999999887,0.5640527449920774,0.6329429149627686,0.055,1.0
1035,27,0.10426540284350293,0.054999999999999966,0.9999999999999887,0.5640810273960233,0.6277416944503784,0.055,1.0
1036,27,0.10426540284350293,0.054999999999999966,0.9999999999999887,0.5642734755575657,0.6340793967247009,0.055,1.0
1037,27,0.10426540284350293,0.054999999999999966,0.9999999999999887,0.5642255945876241,0.63873291015625,0.055,1.0
1038,27,0.10426540284350293,0.054999999999999966,0.9999999999999887,0.5643166446685791,0.6366111040115356,0.055,1.0
1039,27,0.10426540284350293,0.054999999999999966,0.9999999999999887,0.5643303407356143,0.6358096599578857,0.055,1.0
1040,27,0.10426540284350293,0.054999999999999966,0.9999999999999887,0.5642340572923422,0.6351156830787659,0.055,1.0
1041,27,0.10426540284350293,0.054999999999999966,0.9999999999999887,0.564206095635891,0.634440004825592,0.055,1.0
1042,27,0.10426540284350293,0.054999999999999966,0.9999999999999887,0.5649244610592723,0.6257718801498413,0.055,1.0
1043,27,0.10426540284350293,0.054999999999999966,0.9999999999999887,0.5650319333747029,0.620404839515686,0.055,1.0
1044,27,0.10426540284350293,0.054999999999999966,0.9999999999999887,0.5649186234176159,0.6199533939361572,0.055,1.0
1045,27,0.10426540284350293,0.054999999999999966,0.9999999999999887,0.5651382495090366,0.621545135974884,0.055,1.0
1046,27,0.10426540284350293,0.054999999999999966,0.9999999999999887,0.5651670372858644,0.623810887336731,0.055,1.0
1047,27,0.10426540284350293,0.054999999999999966,0.9999999999999887,0.5650500388815999,0.625805139541626,0.055,1.0
1048,27,0.10314167160630396,0.05437499999999997,0.9999999999999886,0.5650522663071752,0.6237812042236328,0.054375,1.0
1049,27,0.09183064997009713,0.04812499999999997,0.9999999999999871,0.5652672864124179,0.6256893873214722,0.048125,1.0
1050,27,0.09183064997009713,0.04812499999999997,0.9999999999999871,0.565222088471055,0.6289880871772766,0.048125,1.0
1051,27,0.09183064997009713,0.04812499999999997,0.9999999999999871,0.565176744312048,0.6235863566398621,0.048125,1.0
1052,27,0.09183064997009713,0.04812499999999997,0.9999999999999871,0.5651956038922071,0.6196489930152893,0.048125,1.0
1053,27,0.10426540284350293,0.054999999999999966,0.9999999999999887,0.5649112413451075,0.6179520487785339,0.055,1.0
1054,27,0.10426540284350293,0.054999999999999966,0.9999999999999887,0.565198753401637,0.6170106530189514,0.055,1.0
1055,27,0.10426540284350293,0.054999999999999966,0.9999999999999887,0.5651847407966852,0.6162468791007996,0.055,1.0
1056,27,0.10426540284350293,0.054999999999999966,0.9999999999999887,0.5650027961656451,0.6186723709106445,0.055,1.0
1057,27,0.10426540284350293,0.054999999999999966,0.9999999999999887,0.5647552913054824,0.6220979690551758,0.055,1.0
1058,27,0.10089020771503761,0.05312499999999997,0.9999999999999883,0.5647303296998143,0.6209793090820312,0.053125,1.0
1059,27,0.10762862211698851,0.05687499999999997,0.9999999999999891,0.5651946463435888,0.6346328854560852,0.056875,1.0
1060,27,0.10314167160630396,0.05437499999999997,0.9999999999999886,0.5650851419568061,0.6307987570762634,0.054375,1.0
1061,27,0.10426540284350293,0.054999999999999966,0.9999999999999887,0.5651737241819501,0.6310433149337769,0.055,1.0
1062,27,0.10426540284350293,0.054999999999999966,0.9999999999999887,0.5652369078621269,0.6309971809387207,0.055,1.0
1063,27,0.10426540284350293,0.054999999999999966,0.9999999999999887,0.5651072182878852,0.6306008100509644,0.055,1.0
1064,27,0.10426540284350293,0.054999999999999966,0.9999999999999887,0.5651445233821869,0.6303680539131165,0.055,1.0
1065,27,0.10426540284350293,0.054999999999999966,0.9999999999999887,0.5651051957160235,0.6301774978637695,0.055,1.0
1066,27,0.10426540284350293,0.054999999999999966,0.9999999999999887,0.565443428196013,0.6259691119194031,0.055,1.0
1067,27,0.10426540284350293,0.054999999999999966,0.9999999999999887,0.565409721210599,0.6222144365310669,0.055,1.0
1068,27,0.10426540284350293,0.054999999999999966,0.9999999999999887,0.5653224670514464,0.6209534406661987,0.055,1.0
1069,27,0.10426540284350293,0.054999999999999966,0.9999999999999887,0.5650846764072776,0.6221042275428772,0.055,1.0
1070,27,0.10426540284350293,0.054999999999999966,0.9999999999999887,0.5648734220862388,0.6238968968391418,0.055,1.0
1071,27,0.10426540284350293,0.054999999999999966,0.9999999999999887,0.5648726502433419,0.6243884563446045,0.055,1.0
1072,27,0.10426540284350293,0.054999999999999966,0.9999999999999887,0.5649958412721753,0.6257189512252808,0.055,1.0
1073,27,0.09863339275094592,0.05187499999999997,0.999999999999988,0.5650975453108549,0.621386706829071,0.051875,1.0
1074,27,0.09637120761442332,0.05062499999999997,0.9999999999999877,0.5649279957264661,0.6187466382980347,0.050625,1.0
1075,27,0.09637120761442332,0.05062499999999997,0.9999999999999877,0.5646534869819879,0.6211701035499573,0.050625,1.0
1076,27,0.09410363311485959,0.049374999999999974,0.9999999999999875,0.5646952874958515,0.6209613680839539,0.049375,1.0
1077,27,0.09183064997009713,0.04812499999999997,0.9999999999999871,0.5647691234573722,0.6204149127006531,0.048125,1.0
1078,27,0.09183064997009713,0.04812499999999997,0.9999999999999871,0.564880821928382,0.6173449754714966,0.048125,1.0
1079,27,0.09183064997009713,0.04812499999999997,0.9999999999999871,0.5651751159504056,0.6150867342948914,0.048125,1.0
1080,27,0.09183064997009713,0.04812499999999997,0.9999999999999871,0.5651479994133115,0.6146091818809509,0.048125,1.0
1081,27,0.09750297265151237,0.05124999999999997,0.9999999999999879,0.5651683293655515,0.617420494556427,0.05125,1.0
1082,27,0.0997624703086937,0.05249999999999997,0.9999999999999881,0.5651149038225413,0.6191143989562988,0.0525,1.0
1083,27,0.0997624703086937,0.05249999999999997,0.9999999999999881,0.5652561002224684,0.619042694568634,0.0525,1.0
1084,27,0.10201660735458871,0.05374999999999997,0.9999999999999885,0.565309102460742,0.6201367378234863,0.05375,1.0
1085,27,0.10426540284350293,0.054999999999999966,0.9999999999999887,0.5653595637902618,0.6175280213356018,0.055,1.0
1086,27,0.10426540284350293,0.054999999999999966,0.9999999999999887,0.5652702330797911,0.6213917136192322,0.055,1.0
1087,27,0.10426540284350293,0.054999999999999966,0.9999999999999887,0.5650632673501969,0.6244204640388489,0.055,1.0
1088,27,0.10426540284350293,0.054999999999999966,0.9999999999999887,0.5650617790967226,0.6264172792434692,0.055,1.0
1089,27,0.10426540284350293,0.054999999999999966,0.9999999999999887,0.5649953524023295,0.6238165497779846,0.055,1.0
1090,27,0.10426540284350293,0.054999999999999966,0.9999999999999887,0.5651006735861301,0.6192801594734192,0.055,1.0
1091,27,0.10426540284350293,0.054999999999999966,0.9999999999999887,0.5651081650704145,0.6166247129440308,0.055,1.0
1092,27,0.10426540284350293,0.054999999999999966,0.9999999999999887,0.5651416362076997,0.6198787093162537,0.055,1.0
1093,27,0.10426540284350293,0.054999999999999966,0.9999999999999887,0.5651155085116625,0.6181857585906982,0.055,1.0
1094,27,0.10426540284350293,0.054999999999999966,0.9999999999999887,0.5650070254504681,0.6176263689994812,0.055,1.0
1095,27,0.10426540284350293,0.054999999999999966,0.9999999999999887,0.5650610260292888,0.6247391104698181,0.055,1.0
1096,27,0.10426540284350293,0.054999999999999966,0.9999999999999887,0.5651844660192729,0.6399996280670166,0.055,1.0
1097,27,0.10426540284350293,0.054999999999999966,0.9999999999999887,0.5651902051642537,0.6302365064620972,0.055,1.0
1098,27,0.10426540284350293,0.054999999999999966,0.9999999999999887,0.5650048438832164,0.6320824027061462,0.055,1.0
1099,27,0.10426540284350293,0.054999999999999966,0.9999999999999887,0.5648785511404276,0.6295399069786072,0.055,1.0
1100,27,0.10426540284350293,0.054999999999999966,0.9999999999999887,0.5649084516614675,0.6299772262573242,0.055,1.0
1101,27,0.10426540284350293,0.054999999999999966,0.9999999999999887,0.5649162347987294,0.6277849674224854,0.055,1.0
1102,27,0.10426540284350293,0.054999999999999966,0.9999999999999887,0.5650014059245586,0.6644145846366882,0.055,1.0
1103,27,0.10426540284350293,0.054999999999999966,0.9999999999999887,0.5650532260537148,0.622859001159668,0.055,1.0
1104,27,0.10426540284350293,0.054999999999999966,0.9999999999999887,0.5648339825123548,0.61524498462677,0.055,1.0
1105,27,0.10426540284350293,0.054999999999999966,0.9999999999999887,0.5645830629765988,0.6161742210388184,0.055,1.0
1106,27,0.10426540284350293,0.054999999999999966,0.9999999999999887,0.5647751935943961,0.6169899702072144,0.055,1.0
1107,27,0.10426540284350293,0.054999999999999966,0.9999999999999887,0.5647935765981674,0.6195448637008667,0.055,1.0
1108,27,0.10426540284350293,0.054999999999999966,0.9999999999999887,0.5647167171537876,0.6170964241027832,0.055,1.0
1109,27,0.10426540284350293,0.054999999999999966,0.9999999999999887,0.5647963877022266,0.6365152597427368,0.055,1.0
1110,27,0.10426540284350293,0.054999999999999966,0.9999999999999887,0.5646572076901794,0.6222373247146606,0.055,1.0
1111,27,0.10426540284350293,0.054999999999999966,0.9999999999999887,0.564782735966146,0.6211961507797241,0.055,1.0
1112,27,0.10426540284350293,0.054999999999999966,0.9999999999999887,0.5650024917349219,0.6270087361335754,0.055,1.0
1113,27,0.10426540284350293,0.054999999999999966,0.9999999999999887,0.5649733217805624,0.6277944445610046,0.055,1.0
1114,27,0.10426540284350293,0.054999999999999966,0.9999999999999887,0.5649967045709491,0.623766303062439,0.055,1.0
1115,27,0.10426540284350293,0.054999999999999966,0.9999999999999887,0.5650413337349892,0.6253280639648438,0.055,1.0
1116,27,0.10426540284350293,0.054999999999999966,0.9999999999999887,0.5649249950796366,0.6252032518386841,0.055,1.0
1117,27,0.10426540284350293,0.054999999999999966,0.9999999999999887,0.5648128262907267,0.6313753128051758,0.055,1.0
1118,27,0.10426540284350293,0.054999999999999966,0.9999999999999887,0.564919859431684,0.6350046992301941,0.055,1.0
1119,27,0.10426540284350293,0.054999999999999966,0.9999999999999887,0.5649651346355676,0.6381554007530212,0.055,1.0
1120,27,0.10426540284350293,0.054999999999999966,0.9999999999999887,0.5653228433057665,0.6360070109367371,0.055,1.0
1121,27,0.10426540284350293,0.054999999999999966,0.9999999999999887,0.5650424943491816,0.6324693560600281,0.055,1.0
1122,27,0.10426540284350293,0.054999999999999966,0.9999999999999887,0.565048246346414,0.6352221965789795,0.055,1.0
1123,27,0.10426540284350293,0.054999999999999966,0.9999999999999887,0.5651047786697745,0.6329832673072815,0.055,1.0
1124,27,0.10426540284350293,0.054999999999999966,0.9999999999999887,0.5651492914557457,0.6343664526939392,0.055,1.0
1125,27,0.10426540284350293,0.054999999999999966,0.9999999999999887,0.5651593005657196,0.6216540336608887,0.055,1.0
1126,27,0.10426540284350293,0.054999999999999966,0.9999999999999887,0.5650114612653852,0.6246462464332581,0.055,1.0
1127,27,0.09750297265151237,0.05124999999999997,0.9999999999999879,0.5649686571210623,0.6237140893936157,0.05125,1.0
1128,27,0.09183064997009713,0.04812499999999997,0.9999999999999871,0.5646385105699301,0.6234209537506104,0.048125,1.0
1129,27,0.09183064997009713,0.04812499999999997,0.9999999999999871,0.564991473890841,0.6283199787139893,0.048125,1.0
1130,27,0.09183064997009713,0.04812499999999997,0.9999999999999871,0.5650869396701456,0.6275037527084351,0.048125,1.0
1131,27,0.09183064997009713,0.04812499999999997,0.9999999999999871,0.5652690607309342,0.6289089322090149,0.048125,1.0
1132,27,0.09183064997009713,0.04812499999999997,0.9999999999999871,0.5654462894424797,0.6289346218109131,0.048125,1.0
1133,27,0.09183064997009713,0.04812499999999997,0.9999999999999871,0.5653391236439347,0.6311395168304443,0.048125,1.0
1134,27,0.09183064997009713,0.04812499999999997,0.9999999999999871,0.5655904277786612,0.6280878186225891,0.048125,1.0
1135,27,0.09863339275094592,0.05187499999999997,0.999999999999988,0.56562869746238,0.6286553144454956,0.051875,1.0
1136,27,0.10426540284350293,0.054999999999999966,0.9999999999999887,0.5656220864504575,0.6651899814605713,0.055,1.0
1137,27,0.10426540284350293,0.054999999999999966,0.9999999999999887,0.5656650868058205,0.6218289136886597,0.055,1.0
1138,27,0.10426540284350293,0.054999999999999966,0.9999999999999887,0.5654114041104913,0.6224316954612732,0.055,1.0
1139,27,0.10426540284350293,0.054999999999999966,0.9999999999999887,0.5652184164524079,0.6225759983062744,0.055,1.0
1140,27,0.10426540284350293,0.054999999999999966,0.9999999999999887,0.5651789445057511,0.6230596899986267,0.055,1.0
1141,27,0.10426540284350293,0.054999999999999966,0.9999999999999887,0.5651780309900641,0.6231696605682373,0.055,1.0
1142,27,0.10426540284350293,0.054999999999999966,0.9999999999999887,0.5652521147578955,0.6131670475006104,0.055,1.0
1143,27,0.10426540284350293,0.054999999999999966,0.9999999999999887,0.5654240527004003,0.6135960817337036,0.055,1.0
1144,28,0.09183064997009713,0.04812499999999997,0.9999999999999871,0.5671463522315026,0.6683418154716492,0.048125,1.0
1145,28,0.09183064997009713,0.04812499999999997,0.9999999999999871,0.5665294075012207,0.688133955001831,0.048125,1.0
1146,28,0.09183064997009713,0.04812499999999997,0.9999999999999871,0.5660299360752106,0.6888719797134399,0.048125,1.0
1147,28,0.09183064997009713,0.04812499999999997,0.9999999999999871,0.5648673674836755,0.71429443359375,0.048125,1.0
1148,28,0.07923169267699463,0.041249999999999974,0.9999999999999849,0.5680001174286008,0.6586536169052124,0.04125,1.0
1149,28,0.09183064997009713,0.04812499999999997,0.9999999999999871,0.5676547314226628,0.647803008556366,0.048125,1.0
1150,28,0.09183064997009713,0.04812499999999997,0.9999999999999871,0.5670690153166652,0.6919988393783569,0.048125,1.0
1151,28,0.09183064997009713,0.04812499999999997,0.9999999999999871,0.5669365624710917,0.6891547441482544,0.048125,1.0
1152,28,0.09183064997009713,0.04812499999999997,0.9999999999999871,0.5668123465776443,0.6897599697113037,0.048125,1.0
1153,28,0.07923169267699463,0.041249999999999974,0.9999999999999849,0.5665663446858525,0.6873527765274048,0.04125,1.0
1154,28,0.09183064997009713,0.04812499999999997,0.9999999999999871,0.5667811608314515,0.6798822283744812,0.048125,1.0
1155,28,0.09183064997009713,0.04812499999999997,0.9999999999999871,0.5665012703090906,0.6784470081329346,0.048125,1.0
1156,28,0.07923169267699463,0.041249999999999974,0.9999999999999849,0.5679635786637663,0.6528124213218689,0.04125,1.0
1157,28,0.09183064997009713,0.04812499999999997,0.9999999999999871,0.5668172457441688,0.6542662382125854,0.048125,1.0
1158,28,0.09183064997009713,0.04812499999999997,0.9999999999999871,0.5667256528511644,0.6611877679824829,0.048125,1.0
1159,28,0.10426540284350293,0.054999999999999966,0.9999999999999887,0.5666748310253024,0.6523043513298035,0.055,1.0
1160,28,0.10426540284350293,0.054999999999999966,0.9999999999999887,0.5667632806301117,0.6497055292129517,0.055,1.0
