seg_id,Subject_ID,Mask_F1,Mask_Precision,Mask_Recall,Mask_Prob_Mean,Mask_Prob_Max,Mask_True_Sparsity,Mask_Pred_Sparsity
0,25,0.11906193625965938,0.06329923273657286,0.9999999999999899,0.5706647060438991,0.8094130754470825,0.061875,0.9775
1,25,0.11927710843362264,0.0634208840486867,0.9999999999999899,0.5708039179630577,0.7929989695549011,0.061875,0.975625
2,25,0.11877624475093793,0.06313775510204078,0.9999999999999899,0.5707979624345899,0.7761051654815674,0.061875,0.98
3,25,0.11849192100527439,0.06297709923664119,0.9999999999999899,0.5708424370922148,0.7683523297309875,0.061875,0.9825
4,25,0.1184210526314674,0.0629370629370629,0.9999999999999899,0.5710610827058553,0.7590667009353638,0.061875,0.983125
5,25,0.11827956989236169,0.06285714285714282,0.9999999999999899,0.5711313328705728,0.7529326677322388,0.061875,0.984375
6,25,0.10576923076913046,0.055837563451776616,0.9999999999999887,0.5711905710399151,0.7406956553459167,0.055,0.985
7,25,0.10608800482208144,0.05601527689369825,0.9999999999999887,0.5711110899783671,0.7432242035865784,0.055,0.981875
8,25,0.11722488038266461,0.06226175349428205,0.9999999999999899,0.571166154127568,0.7399040460586548,0.06125,0.98375
9,25,0.11806797853298356,0.0627376425855513,0.9999999999999899,0.5713134931400419,0.7399804592132568,0.061875,0.98625
10,25,0.11792733770090137,0.06265822784810123,0.9999999999999899,0.5711619482375682,0.7468616962432861,0.061875,0.9875
11,25,0.11813842482089107,0.0627774254914394,0.9999999999999899,0.5712422277219593,0.743410587310791,0.061875,0.985625
12,25,0.11799761620966234,0.06269791006966431,0.9999999999999899,0.5712702048011125,0.7432969212532043,0.061875,0.986875
13,25,0.11785714285703178,0.0626185958254269,0.9999999999999899,0.5712576864846051,0.7440481781959534,0.061875,0.988125
14,25,0.11785714285703178,0.0626185958254269,0.9999999999999899,0.5712397262826562,0.7479458451271057,0.061875,0.988125
15,25,0.11778703152874087,0.0625790139064475,0.9999999999999899,0.5711693998984992,0.7496567368507385,0.061875,0.98875
16,25,0.10658682634720436,0.05629348513598985,0.9999999999999888,0.5711043667048216,0.7499147653579712,0.055625,0.988125
17,25,0.11785714285703178,0.0626185958254269,0.9999999999999899,0.571141039673239,0.7527978420257568,0.061875,0.988125
18,25,0.11778703152874087,0.0625790139064475,0.9999999999999899,0.5708525302074849,0.7708577513694763,0.061875,0.98875
19,25,0.11750741839751536,0.06242118537200501,0.9999999999999899,0.5710698398947716,0.7684351801872253,0.061875,0.99125
20,25,0.11750741839751536,0.06242118537200501,0.9999999999999899,0.5709761522524058,0.7662495970726013,0.061875,0.99125
21,25,0.1175771971495329,0.06246056782334381,0.9999999999999899,0.5709631999954581,0.7692713737487793,0.061875,0.990625
22,25,0.11743772241981813,0.06238185255198484,0.9999999999999899,0.571010189987719,0.769422173500061,0.061875,0.991875
23,25,0.11736810906924328,0.06234256926952138,0.9999999999999899,0.5709857047349215,0.7662704586982727,0.061875,0.9925
24,25,0.12941176470576116,0.06918238993710688,0.999999999999991,0.5709894877299666,0.7674815058708191,0.06875,0.99375
25,25,0.11729857819894156,0.0623033354310887,0.9999999999999899,0.5711131942458451,0.7648924589157104,0.061875,0.993125
26,25,0.11715976331349903,0.062225015713387774,0.9999999999999899,0.5709616165235638,0.7425270676612854,0.061875,0.994375
27,25,0.11702127659563438,0.06214689265536719,0.9999999999999899,0.5711403423920274,0.7458606362342834,0.061875,0.995625
28,25,0.11695215593609766,0.062107904642409,0.9999999999999899,0.5711895282752812,0.735821545124054,0.061875,0.99625
29,25,0.11715976331349903,0.062225015713387774,0.9999999999999899,0.5711450190469622,0.7340697646141052,0.061875,0.994375
30,25,0.1172291296624117,0.06226415094339619,0.9999999999999899,0.571134740896523,0.7347614169120789,0.061875,0.99375
31,25,0.11743772241981813,0.06238185255198484,0.9999999999999899,0.5710803018510342,0.7381546497344971,0.061875,0.991875
32,25,0.10520023909135268,0.05552050473186117,0.9999999999999887,0.5711386398039758,0.7403427958488464,0.055,0.990625
33,25,0.10513739545987635,0.0554854981084489,0.9999999999999887,0.5711879650503398,0.7419096231460571,0.055,0.99125
34,25,0.10557888422305522,0.05573147561747938,0.9999999999999887,0.5710460403189063,0.7459151744842529,0.055,0.986875
35,25,0.10570570570560545,0.055802155992390585,0.9999999999999887,0.5709844031929969,0.7464883327484131,0.055,0.985625
36,25,0.11778703152874087,0.0625790139064475,0.9999999999999899,0.571031445004046,0.7503465414047241,0.061875,0.98875
37,25,0.11778703152874087,0.0625790139064475,0.9999999999999899,0.5710884496755898,0.7490350008010864,0.061875,0.98875
38,25,0.11729857819894156,0.0623033354310887,0.9999999999999899,0.5712116823904216,0.7413218021392822,0.061875,0.993125
39,25,0.1175771971495329,0.06246056782334381,0.9999999999999899,0.5712517646327615,0.7418572902679443,0.061875,0.990625
40,25,0.11778703152874087,0.0625790139064475,0.9999999999999899,0.5712231965176762,0.7432535886764526,0.061875,0.98875
41,25,0.11792733770090137,0.06265822784810123,0.9999999999999899,0.5711394976451993,0.7449563145637512,0.061875,0.9875
42,25,0.11743772241981813,0.06238185255198484,0.9999999999999899,0.5711733255162835,0.7447768449783325,0.061875,0.991875
43,25,0.11778703152874087,0.0625790139064475,0.9999999999999899,0.5711709575541317,0.7462136149406433,0.061875,0.98875
44,25,0.10538922155678626,0.05562579013906444,0.9999999999999887,0.5712815841473639,0.7434225082397461,0.055,0.98875
45,25,0.10564225690266092,0.05576679340937893,0.9999999999999887,0.5712664167210459,0.7511157989501953,0.055,0.98625
46,25,0.11764705882341855,0.062499999999999965,0.9999999999999899,0.5713707850687206,0.7534611225128174,0.061875,0.99
47,25,0.11743772241981813,0.06238185255198484,0.9999999999999899,0.5710279434733093,0.7421973943710327,0.061875,0.991875
48,25,0.1175771971495329,0.06246056782334381,0.9999999999999899,0.5713578310422599,0.7510949373245239,0.061875,0.990625
49,25,0.1175771971495329,0.06246056782334381,0.9999999999999899,0.5714258319884539,0.7513154149055481,0.061875,0.990625
50,25,0.1175771971495329,0.06246056782334381,0.9999999999999899,0.571476895622909,0.7557352781295776,0.061875,0.990625
51,25,0.11736810906924328,0.06234256926952138,0.9999999999999899,0.5714724945090711,0.7607747316360474,0.061875,0.9925
52,25,0.11743772241981813,0.06238185255198484,0.9999999999999899,0.5714665111899376,0.7659997940063477,0.061875,0.991875
53,25,0.11743772241981813,0.06238185255198484,0.9999999999999899,0.5714456830173731,0.7642568945884705,0.061875,0.991875
54,25,0.10488676996414363,0.0553459119496855,0.9999999999999887,0.5714534252509474,0.760654628276825,0.055,0.99375
55,25,0.11771700356707099,0.06253948199620969,0.9999999999999899,0.5713511093333363,0.7487944960594177,0.061875,0.989375
56,25,0.11764705882341855,0.062499999999999965,0.9999999999999899,0.5713318267092109,0.7532088160514832,0.061875,0.99
57,25,0.11729857819894156,0.0623033354310887,0.9999999999999899,0.57117637174204,0.7499474883079529,0.061875,0.993125
58,25,0.11729857819894156,0.0623033354310887,0.9999999999999899,0.5714030138961971,0.7459543943405151,0.061875,0.993125
59,25,0.11736810906924328,0.06234256926952138,0.9999999999999899,0.5713915461674333,0.7462181448936462,0.061875,0.9925
60,25,0.11736810906924328,0.06234256926952138,0.9999999999999899,0.5714300416223704,0.746936023235321,0.061875,0.9925
61,25,0.1172291296624117,0.06226415094339619,0.9999999999999899,0.5713649087771774,0.745093584060669,0.061875,0.99375
62,25,0.1172291296624117,0.06226415094339619,0.9999999999999899,0.571347181815654,0.7467916011810303,0.061875,0.99375
63,25,0.11764705882341855,0.062499999999999965,0.9999999999999899,0.5713486604765058,0.7448239326477051,0.061875,0.99
64,25,0.11764705882341855,0.062499999999999965,0.9999999999999899,0.5711764169484377,0.7492832541465759,0.061875,0.99
65,25,0.1175771971495329,0.06246056782334381,0.9999999999999899,0.5711901047825814,0.7526423335075378,0.061875,0.990625
66,25,0.1175771971495329,0.06246056782334381,0.9999999999999899,0.5710289707407356,0.7495739459991455,0.061875,0.990625
67,25,0.11743772241981813,0.06238185255198484,0.9999999999999899,0.5709886636398732,0.742882490158081,0.061875,0.991875
68,25,0.11750741839751536,0.06242118537200501,0.9999999999999899,0.5709718600846827,0.7383779287338257,0.061875,0.99125
69,25,0.11764705882341855,0.062499999999999965,0.9999999999999899,0.5710206126980484,0.7378963828086853,0.061875,0.99
70,25,0.12994683992899825,0.06948831332912188,0.999999999999991,0.5709928331524133,0.7401822209358215,0.06875,0.989375
71,25,0.11764705882341855,0.062499999999999965,0.9999999999999899,0.570904441587627,0.7401439547538757,0.061875,0.99
72,25,0.1175771971495329,0.06246056782334381,0.9999999999999899,0.5710354162752629,0.7388222217559814,0.061875,0.990625
73,25,0.1175771971495329,0.06246056782334381,0.9999999999999899,0.5710307923145592,0.7407228946685791,0.061875,0.990625
74,25,0.11750741839751536,0.06242118537200501,0.9999999999999899,0.5710034019500018,0.7422049641609192,0.061875,0.99125
75,25,0.1175771971495329,0.06246056782334381,0.9999999999999899,0.571005942709744,0.7419455051422119,0.061875,0.990625
76,25,0.12971698113195398,0.06935687263556112,0.999999999999991,0.5710615440271795,0.7430184483528137,0.06875,0.99125
77,25,0.12971698113195398,0.06935687263556112,0.999999999999991,0.5711692402139306,0.7415476441383362,0.06875,0.99125
78,25,0.11750741839751536,0.06242118537200501,0.9999999999999899,0.5710617414861917,0.7359412312507629,0.061875,0.99125
79,25,0.1172291296624117,0.06226415094339619,0.9999999999999899,0.5711333284340799,0.7361155152320862,0.061875,0.99375
80,25,0.1172291296624117,0.06226415094339619,0.9999999999999899,0.5710299929976463,0.7386400699615479,0.061875,0.99375
81,25,0.1172291296624117,0.06226415094339619,0.9999999999999899,0.5711108835972846,0.7381309270858765,0.061875,0.99375
82,25,0.1172291296624117,0.06226415094339619,0.9999999999999899,0.5711084061861038,0.738671600818634,0.061875,0.99375
83,25,0.12925969447696473,0.06909547738693464,0.999999999999991,0.5710780581459403,0.7576289772987366,0.06875,0.995
84,25,0.11695215593609766,0.062107904642409,0.9999999999999899,0.5708855925500393,0.7504987120628357,0.061875,0.99625
85,25,0.11688311688300669,0.062068965517241344,0.9999999999999899,0.5711740059033036,0.7529338598251343,0.061875,0.996875
86,25,0.11688311688300669,0.062068965517241344,0.9999999999999899,0.5711033256910741,0.7569418549537659,0.061875,0.996875
87,25,0.11695215593609766,0.062107904642409,0.9999999999999899,0.5710887908190488,0.7567240595817566,0.061875,0.99625
88,25,0.11695215593609766,0.062107904642409,0.9999999999999899,0.5710361284576356,0.757401704788208,0.061875,0.99625
89,25,0.11715976331349903,0.062225015713387774,0.9999999999999899,0.570995044093579,0.7571574449539185,0.061875,0.994375
90,25,0.11715976331349903,0.062225015713387774,0.9999999999999899,0.5711501020006835,0.7601318359375,0.061875,0.994375
91,25,0.1175771971495329,0.06246056782334381,0.9999999999999899,0.5712160440906883,0.7432467341423035,0.061875,0.990625
92,25,0.11715976331349903,0.062225015713387774,0.9999999999999899,0.5708004381507635,0.7443718910217285,0.061875,0.994375
93,25,0.11743772241981813,0.06238185255198484,0.9999999999999899,0.5709938874840736,0.7476354837417603,0.061875,0.991875
94,25,0.11785714285703178,0.0626185958254269,0.9999999999999899,0.5708976281434297,0.7452760338783264,0.061875,0.988125
95,25,0.11806797853298356,0.0627376425855513,0.9999999999999899,0.5710934322886169,0.74622642993927,0.061875,0.98625
96,25,0.11835026897777257,0.06289707750952983,0.9999999999999899,0.5710328454896808,0.7441386580467224,0.061875,0.98375
97,25,0.11827956989236169,0.06285714285714282,0.9999999999999899,0.5710190322995186,0.7446448802947998,0.061875,0.984375
98,25,0.11827956989236169,0.06285714285714282,0.9999999999999899,0.571062986291945,0.744224488735199,0.061875,0.984375
99,25,0.11827956989236169,0.06285714285714282,0.9999999999999899,0.5710942471213639,0.7458779215812683,0.061875,0.984375
100,25,0.11856287425138534,0.06301718650541054,0.9999999999999899,0.5709300113096833,0.7499371767044067,0.061875,0.981875
101,25,0.11891891891880693,0.06321839080459767,0.9999999999999899,0.5711681332252919,0.7438932061195374,0.061875,0.97875
102,25,0.1188475390154943,0.06317804722399485,0.9999999999999899,0.5712861236557365,0.7448031902313232,0.061875,0.979375
103,25,0.11870503597111122,0.06309751434034414,0.9999999999999899,0.5713597985729575,0.7462488412857056,0.061875,0.980625
104,25,0.11877624475093793,0.06313775510204078,0.9999999999999899,0.5712876791879534,0.751819372177124,0.061875,0.98
105,25,0.11870503597111122,0.06309751434034414,0.9999999999999899,0.5713099468126893,0.7538742423057556,0.061875,0.980625
106,25,0.11863391252235679,0.06305732484076429,0.9999999999999899,0.5712119323946535,0.7526410818099976,0.061875,0.98125
107,25,0.10596026490056178,0.05594405594405591,0.9999999999999887,0.5712162280268968,0.7488189935684204,0.055,0.983125
108,25,0.11820895522376923,0.0628172588832487,0.9999999999999899,0.5708777148276567,0.7655757069587708,0.061875,0.985
109,25,0.11771700356707099,0.06253948199620969,0.9999999999999899,0.570988879930228,0.7644984722137451,0.061875,0.989375
110,25,0.11778703152874087,0.0625790139064475,0.9999999999999899,0.571054245699197,0.7631233930587769,0.061875,0.98875
111,25,0.11778703152874087,0.0625790139064475,0.9999999999999899,0.5710317678377033,0.7692521810531616,0.061875,0.98875
112,25,0.11799761620966234,0.06269791006966431,0.9999999999999899,0.5710683640092611,0.7703701257705688,0.061875,0.986875
113,25,0.11778703152874087,0.0625790139064475,0.9999999999999899,0.5710770903341472,0.7678229808807373,0.061875,0.98875
114,25,0.11785714285703178,0.0626185958254269,0.9999999999999899,0.5710322111845016,0.7644746899604797,0.061875,0.988125
115,25,0.1175771971495329,0.06246056782334381,0.9999999999999899,0.570903774574399,0.7608461976051331,0.061875,0.990625
116,25,0.10608800482208144,0.05601527689369825,0.9999999999999887,0.5710267759487033,0.7425059676170349,0.055,0.981875
117,25,0.11304870715563584,0.059910771191841905,0.9999999999999895,0.5709979303926229,0.7543565630912781,0.05875,0.980625
118,25,0.11820895522376923,0.0628172588832487,0.9999999999999899,0.5709482936188579,0.7602828145027161,0.061875,0.985
119,25,0.11792733770090137,0.06265822784810123,0.9999999999999899,0.5711284874193371,0.7527437806129456,0.061875,0.9875
120,25,0.11778703152874087,0.0625790139064475,0.9999999999999899,0.5710789798386395,0.7535379528999329,0.061875,0.98875
121,25,0.1298701298700083,0.0694444444444444,0.999999999999991,0.5712674445658922,0.7521297335624695,0.06875,0.99
122,25,0.12994683992899825,0.06948831332912188,0.999999999999991,0.5711498546041548,0.7462033629417419,0.06875,0.989375
123,25,0.1298701298700083,0.0694444444444444,0.999999999999991,0.5712587412446737,0.746150016784668,0.06875,0.99
124,25,0.12925969447696473,0.06909547738693464,0.999999999999991,0.5711980627663433,0.7470986247062683,0.06875,0.995
125,25,0.12249705535913102,0.06524466750313672,0.9999999999999905,0.5711380010843277,0.7499405145645142,0.065,0.99625
126,25,0.11715976331349903,0.062225015713387774,0.9999999999999899,0.5709726782888174,0.7495517730712891,0.061875,0.994375
127,25,0.1293356848911193,0.06913890634820863,0.999999999999991,0.5708865956403315,0.7537718415260315,0.06875,0.994375
128,25,0.12948793407874867,0.06922592825676523,0.999999999999991,0.570755110476166,0.7450351715087891,0.06875,0.993125
129,25,0.11736810906924328,0.06234256926952138,0.9999999999999899,0.5711237701587379,0.7412744760513306,0.061875,0.9925
130,25,0.11729857819894156,0.0623033354310887,0.9999999999999899,0.5711132849752903,0.7535262107849121,0.061875,0.993125
131,25,0.11750741839751536,0.06242118537200501,0.9999999999999899,0.5711233047023415,0.7564310431480408,0.061875,0.99125
132,25,0.1172291296624117,0.06226415094339619,0.9999999999999899,0.5710566767863929,0.7513339519500732,0.061875,0.99375
133,25,0.11736810906924328,0.06234256926952138,0.9999999999999899,0.5710263082571327,0.7481971383094788,0.061875,0.9925
134,25,0.11736810906924328,0.06234256926952138,0.9999999999999899,0.5712177064269781,0.7436250448226929,0.061875,0.9925
135,25,0.11652794292497931,0.06186868686868683,0.9999999999999899,0.5712321082688868,0.7469982504844666,0.06125,0.99
136,25,0.11540749553825902,0.061314791403286946,0.9797979797979699,0.5711306609399617,0.7536489963531494,0.061875,0.98875
137,25,0.1172291296624117,0.06226415094339619,0.9999999999999899,0.5709548126161098,0.7504895329475403,0.061875,0.99375
138,25,0.11695215593609766,0.062107904642409,0.9999999999999899,0.5702899508364498,0.8230225443840027,0.061875,0.99625
139,25,0.11743772241981813,0.06238185255198484,0.9999999999999899,0.5705839532986283,0.8188412189483643,0.061875,0.991875
140,25,0.1175771971495329,0.06246056782334381,0.9999999999999899,0.5705628582276404,0.82228684425354,0.061875,0.990625
141,25,0.11743772241981813,0.06238185255198484,0.9999999999999899,0.5705841821432114,0.8248856663703918,0.061875,0.991875
142,25,0.1175771971495329,0.06246056782334381,0.9999999999999899,0.5705525269545615,0.826919674873352,0.061875,0.990625
143,25,0.1061419200953078,0.0560453400503778,0.9999999999999888,0.5705369352921843,0.8235177397727966,0.055625,0.9925
144,25,0.10513739545987635,0.0554854981084489,0.9999999999999887,0.5704693945683539,0.8183476328849792,0.055,0.99125
145,25,0.10513739545987635,0.0554854981084489,0.9999999999999887,0.5703502506949008,0.8223428726196289,0.055,0.99125
146,25,0.10545236668653868,0.05566097406704614,0.9999999999999887,0.570974406208843,0.7468872666358948,0.055,0.988125
147,25,0.10526315789463699,0.055555555555555525,0.9999999999999887,0.5708261999115348,0.7578212022781372,0.055,0.99
148,25,0.10513739545987635,0.0554854981084489,0.9999999999999887,0.5708583762682974,0.7641820311546326,0.055,0.99125
149,25,0.10952380952370587,0.057934508816120875,0.9999999999999892,0.5709190391749144,0.7639560103416443,0.0575,0.9925
150,25,0.11715976331349903,0.062225015713387774,0.9999999999999899,0.5709610943682492,0.7583125233650208,0.061875,0.994375
151,25,0.11715976331349903,0.062225015713387774,0.9999999999999899,0.5710347744822503,0.7562195658683777,0.061875,0.994375
152,25,0.1175771971495329,0.06246056782334381,0.9999999999999899,0.5712626182660461,0.7427682280540466,0.061875,0.990625
153,25,0.11764705882341855,0.062499999999999965,0.9999999999999899,0.5710605070926249,0.7442086338996887,0.061875,0.99
154,25,0.11750741839751536,0.06242118537200501,0.9999999999999899,0.5712321078963578,0.7449334859848022,0.061875,0.99125
155,25,0.1172291296624117,0.06226415094339619,0.9999999999999899,0.5711712809838354,0.7540956735610962,0.061875,0.99375
156,25,0.11695215593609766,0.062107904642409,0.9999999999999899,0.5712892887368798,0.7483158111572266,0.061875,0.99625
157,25,0.11275964391680741,0.05974842767295594,0.9999999999999896,0.5712776656076312,0.7482842803001404,0.059375,0.99375
158,25,0.10507462686557197,0.0554505356017643,0.9999999999999887,0.5713137846812606,0.753470242023468,0.055,0.991875
159,25,0.10501193317412472,0.05541561712846344,0.9999999999999887,0.5712952308543027,0.7541694045066833,0.055,0.9925
160,25,0.10532615200468765,0.055590650663297506,0.9999999999999887,0.5711715059354902,0.752484142780304,0.055,0.989375
161,25,0.116597263533501,0.061907770056854036,0.9999999999999899,0.5711885463073849,0.7500301003456116,0.06125,0.989375
162,25,0.11771700356707099,0.06253948199620969,0.9999999999999899,0.571173497196287,0.7536325454711914,0.061875,0.989375
163,25,0.11799761620966234,0.06269791006966431,0.9999999999999899,0.5713728225976229,0.7451640367507935,0.061875,0.986875
164,25,0.11813842482089107,0.0627774254914394,0.9999999999999899,0.5713080299273133,0.7411659359931946,0.061875,0.985625
165,25,0.11835026897777257,0.06289707750952983,0.9999999999999899,0.5713411559350788,0.7440500855445862,0.061875,0.98375
166,25,0.11813842482089107,0.0627774254914394,0.9999999999999899,0.5713477940298617,0.7416039705276489,0.061875,0.985625
167,25,0.1175771971495329,0.06246056782334381,0.9999999999999899,0.5712960734777153,0.7397554516792297,0.061875,0.990625
168,25,0.1172291296624117,0.06226415094339619,0.9999999999999899,0.5712904420867563,0.740623950958252,0.061875,0.99375
169,25,0.10595238095228048,0.05593966059082335,0.9999999999999888,0.571238855086267,0.7415454983711243,0.055625,0.994375
170,25,0.11269276393820907,0.059710873664362,0.9999999999999896,0.571174840722233,0.7422767877578735,0.059375,0.994375
171,25,0.11750741839751536,0.06242118537200501,0.9999999999999899,0.5709872196242213,0.7474022507667542,0.061875,0.99125
172,25,0.11743772241981813,0.06238185255198484,0.9999999999999899,0.5710093302093446,0.7577089667320251,0.061875,0.991875
173,25,0.11715976331349903,0.062225015713387774,0.9999999999999899,0.5710840127244592,0.7498388886451721,0.061875,0.994375
174,25,0.11709047900639465,0.06218592964824117,0.9999999999999899,0.571054344624281,0.7646610736846924,0.061875,0.995
175,25,0.11729857819894156,0.0623033354310887,0.9999999999999899,0.5711953456141055,0.7669345140457153,0.061875,0.993125
176,25,0.11792733770090137,0.06265822784810123,0.9999999999999899,0.5711213255301117,0.7687929272651672,0.061875,0.9875
177,25,0.12566686425595794,0.06704617330803285,0.9999999999999906,0.5711246746219695,0.7743337750434875,0.06625,0.988125
178,25,0.1228384019080539,0.06543837357052093,0.9999999999999903,0.5708815312385559,0.7637078166007996,0.064375,0.98375
179,25,0.11806797853298356,0.0627376425855513,0.9999999999999899,0.5711218068189919,0.7544448971748352,0.061875,0.98625
180,25,0.11806797853298356,0.0627376425855513,0.9999999999999899,0.5710457926988601,0.75511634349823,0.061875,0.98625
181,25,0.11827956989236169,0.06285714285714282,0.9999999999999899,0.5710022605769336,0.7610529065132141,0.061875,0.984375
182,25,0.11856287425138534,0.06301718650541054,0.9999999999999899,0.5710676196962595,0.7535626292228699,0.061875,0.981875
183,25,0.11835026897777257,0.06289707750952983,0.9999999999999899,0.5710338361747563,0.7461007833480835,0.061875,0.98375
184,25,0.1188475390154943,0.06317804722399485,0.9999999999999899,0.5709651905111969,0.7465665936470032,0.061875,0.979375
185,25,0.11097708082016043,0.05874840357598975,0.9999999999999892,0.5709556664340198,0.7411831021308899,0.0575,0.97875
186,25,0.11835026897777257,0.06289707750952983,0.9999999999999899,0.5709074492193759,0.7425033450126648,0.061875,0.98375
187,25,0.11906193625965938,0.06329923273657286,0.9999999999999899,0.5706321897916495,0.7751080989837646,0.061875,0.9775
188,25,0.11920529801313277,0.0633802816901408,0.9999999999999899,0.5708627053909003,0.7637863755226135,0.061875,0.97625
189,25,0.11920529801313277,0.0633802816901408,0.9999999999999899,0.5708720002137124,0.7642167210578918,0.061875,0.97625
190,25,0.11870503597111122,0.06309751434034414,0.9999999999999899,0.5708916193433106,0.7573499083518982,0.061875,0.980625
191,25,0.12945368171009253,0.06920634920634916,0.9999999999999909,0.5709063242562116,0.7552015781402588,0.068125,0.984375
192,25,0.13048635824424323,0.06979695431472077,0.999999999999991,0.5708745133131743,0.7567043304443359,0.06875,0.985
193,25,0.11785714285703178,0.0626185958254269,0.9999999999999899,0.5708832928352058,0.7496178150177002,0.061875,0.988125
194,25,0.11750741839751536,0.06242118537200501,0.9999999999999899,0.5709637416712939,0.7432222962379456,0.061875,0.99125
195,25,0.11750741839751536,0.06242118537200501,0.9999999999999899,0.5708636003173888,0.7499418258666992,0.061875,0.99125
196,25,0.11743772241981813,0.06238185255198484,0.9999999999999899,0.5709984564036131,0.7484522461891174,0.061875,0.991875
197,25,0.11709047900639465,0.06218592964824117,0.9999999999999899,0.5710371115617454,0.7546364068984985,0.061875,0.995
198,25,0.11688311688300669,0.062068965517241344,0.9999999999999899,0.571099104937166,0.7595975399017334,0.061875,0.996875
199,25,0.10570071258897339,0.05579937304075232,0.9999999999999888,0.5710740228556097,0.7662535905838013,0.055625,0.996875
200,25,0.1079478054566,0.05705329153605013,0.9999999999999891,0.571052996981889,0.7681539058685303,0.056875,0.996875
201,25,0.11736810906924328,0.06234256926952138,0.9999999999999899,0.5709024934656918,0.7777190208435059,0.061875,0.9925
202,25,0.11743772241981813,0.06238185255198484,0.9999999999999899,0.5711540827155113,0.7521907091140747,0.061875,0.991875
203,25,0.11709047900639465,0.06218592964824117,0.9999999999999899,0.5708787619695067,0.74845290184021,0.061875,0.995
204,25,0.11709047900639465,0.06218592964824117,0.9999999999999899,0.5711384288221598,0.7457908987998962,0.061875,0.995
205,25,0.11750741839751536,0.06242118537200501,0.9999999999999899,0.5712489114142955,0.7422245144844055,0.061875,0.99125
206,25,0.1175771971495329,0.06246056782334381,0.9999999999999899,0.5712380179949105,0.739031195640564,0.061875,0.990625
207,25,0.11743772241981813,0.06238185255198484,0.9999999999999899,0.5713175421766937,0.7377450466156006,0.061875,0.991875
208,25,0.11421772754302126,0.06056782334384855,0.9999999999999897,0.5714531259052456,0.7392567992210388,0.06,0.990625
209,25,0.1175771971495329,0.06246056782334381,0.9999999999999899,0.571458062119782,0.7417826652526855,0.061875,0.990625
210,25,0.11736810906924328,0.06234256926952138,0.9999999999999899,0.5713175775110721,0.7365753054618835,0.061875,0.9925
211,25,0.11764705882341855,0.062499999999999965,0.9999999999999899,0.5715444686450064,0.7437243461608887,0.061875,0.99
212,25,0.11408199643482675,0.06060606060606057,0.96969696969696,0.571148668937385,0.8152083158493042,0.061875,0.99
213,25,0.11421772754301811,0.060682680151706664,0.96969696969696,0.5710473675094545,0.8179939389228821,0.061875,0.98875
214,25,0.12677725118471211,0.06780735107731302,0.9727272727272639,0.5710064741410315,0.8206818699836731,0.06875,0.98625
215,25,0.1258907363419205,0.06734434561626426,0.963636363636355,0.570828716699034,0.826042115688324,0.06875,0.98375
216,25,0.12619047619035365,0.06751592356687894,0.963636363636355,0.5707721282355487,0.8255002498626709,0.06875,0.98125
217,25,0.11538461538450334,0.06134185303514374,0.96969696969696,0.5708716922067105,0.8181992769241333,0.061875,0.978125
218,25,0.1131167268350262,0.06014075495841327,0.94949494949494,0.5707576905563474,0.8241176009178162,0.061875,0.976875
219,25,0.11184606133482476,0.059462915601022986,0.9393939393939299,0.5707166500389576,0.8365111947059631,0.061875,0.9775
220,25,0.12052505966575769,0.06412698412698409,0.9999999999999901,0.5714073636196554,0.7951192259788513,0.063125,0.984375
221,25,0.13025458851379162,0.06966434452184923,0.999999999999991,0.5714529598504305,0.7910531163215637,0.06875,0.986875
222,25,0.11785714285703178,0.0626185958254269,0.9999999999999899,0.5714229559339583,0.7807928323745728,0.061875,0.988125
223,25,0.1175771971495329,0.06246056782334381,0.9999999999999899,0.5715853415988386,0.7753121852874756,0.061875,0.990625
224,25,0.1172291296624117,0.06226415094339619,0.9999999999999899,0.5716009952686727,0.7747039198875427,0.061875,0.99375
225,25,0.11660777385148016,0.061913696060037486,0.9999999999999899,0.5714902155660093,0.7648561000823975,0.061875,0.999375
226,25,0.11681415929192525,0.06203007518796989,0.9999999999999899,0.5713724006526172,0.76573646068573,0.061875,0.9975
227,25,0.12910798122053632,0.06900878293601,0.999999999999991,0.5712562674470246,0.7580921649932861,0.06875,0.99625
228,25,0.12705882352929262,0.06783919597989946,0.9999999999999908,0.5712963071651757,0.7584474086761475,0.0675,0.995
229,25,0.11709047900639465,0.06218592964824117,0.9999999999999899,0.571127744819969,0.7588678598403931,0.061875,0.995
230,25,0.11729857819894156,0.0623033354310887,0.9999999999999899,0.5712310945801437,0.7535285353660583,0.061875,0.993125
231,25,0.11729857819894156,0.0623033354310887,0.9999999999999899,0.5713344148546458,0.7505457997322083,0.061875,0.993125
232,25,0.11729857819894156,0.0623033354310887,0.9999999999999899,0.5714308278635144,0.7497774958610535,0.061875,0.993125
233,25,0.11729857819894156,0.0623033354310887,0.9999999999999899,0.571504347845912,0.7520734667778015,0.061875,0.993125
234,25,0.12720848056525175,0.06792452830188675,0.9999999999999908,0.571538928989321,0.7465667724609375,0.0675,0.99375
235,25,0.11715976331349903,0.062225015713387774,0.9999999999999899,0.5714640964940191,0.7443470358848572,0.061875,0.994375
236,25,0.11702127659563438,0.06214689265536719,0.9999999999999899,0.5715421018376946,0.7409284114837646,0.061875,0.995625
237,25,0.11715976331349903,0.062225015713387774,0.9999999999999899,0.5714673913829028,0.7401289343833923,0.061875,0.994375
238,25,0.1172291296624117,0.06226415094339619,0.9999999999999899,0.5714814623072744,0.7438523769378662,0.061875,0.99375
239,25,0.11709047900639465,0.06218592964824117,0.9999999999999899,0.5714705180376768,0.7466986179351807,0.061875,0.995
240,25,0.11709047900639465,0.06218592964824117,0.9999999999999899,0.571438606325537,0.7484989762306213,0.061875,0.995
241,25,0.1172291296624117,0.06226415094339619,0.9999999999999899,0.5714439748041332,0.7488299608230591,0.061875,0.99375
242,25,0.1073345259390754,0.056710775047258945,0.9999999999999889,0.5716814008541405,0.7502902150154114,0.05625,0.991875
243,25,0.10526315789463699,0.055555555555555525,0.9999999999999887,0.5715410579554736,0.75676429271698,0.055,0.99
244,25,0.10526315789463699,0.055555555555555525,0.9999999999999887,0.5714611328206957,0.7625342011451721,0.055,0.99
245,25,0.10520023909135268,0.05552050473186117,0.9999999999999887,0.5714705835655332,0.7615253329277039,0.055,0.990625
246,25,0.11785714285703178,0.0626185958254269,0.9999999999999899,0.5714751118607819,0.7578917145729065,0.061875,0.988125
247,25,0.11785714285703178,0.0626185958254269,0.9999999999999899,0.5715786415338516,0.7545715570449829,0.061875,0.988125
248,25,0.11771700356707099,0.06253948199620969,0.9999999999999899,0.5714105457626283,0.7495924234390259,0.061875,0.989375
249,25,0.11743772241981813,0.06238185255198484,0.9999999999999899,0.5716733866371214,0.7473013401031494,0.061875,0.991875
250,25,0.11736810906924328,0.06234256926952138,0.9999999999999899,0.571603305246681,0.7516627311706543,0.061875,0.9925
251,25,0.11743772241981813,0.06238185255198484,0.9999999999999899,0.5715773184038698,0.7521191239356995,0.061875,0.991875
252,25,0.11715976331349903,0.062225015713387774,0.9999999999999899,0.5716138510592281,0.7468384504318237,0.061875,0.994375
253,25,0.11736810906924328,0.06234256926952138,0.9999999999999899,0.5716475609503686,0.7472305297851562,0.061875,0.9925
254,25,0.10476190476180537,0.05527638190954771,0.9999999999999887,0.5715708764642478,0.7446420788764954,0.055,0.995
255,25,0.10476190476180537,0.05527638190954771,0.9999999999999887,0.571412311475724,0.7415143251419067,0.055,0.995
256,25,0.11472501478404311,0.060853199498117905,0.9999999999999898,0.5713472236134112,0.748572587966919,0.060625,0.99625
257,25,0.11709047900639465,0.06218592964824117,0.9999999999999899,0.5711760652065277,0.7479935884475708,0.061875,0.995
258,25,0.11709047900639465,0.06218592964824117,0.9999999999999899,0.5711586351133883,0.7461113929748535,0.061875,0.995
259,25,0.11702127659563438,0.06214689265536719,0.9999999999999899,0.571321723870933,0.7461662292480469,0.061875,0.995625
260,25,0.11736810906924328,0.06234256926952138,0.9999999999999899,0.5705713052302599,0.792334794998169,0.061875,0.9925
261,25,0.11743772241981813,0.06238185255198484,0.9999999999999899,0.5708277940936387,0.7934321761131287,0.061875,0.991875
262,25,0.11771700356707099,0.06253948199620969,0.9999999999999899,0.5707562204264104,0.7881367802619934,0.061875,0.989375
263,25,0.11799761620966234,0.06269791006966431,0.9999999999999899,0.5708550323545932,0.7859477996826172,0.061875,0.986875
264,25,0.10791366906464599,0.05703422053231936,0.9999999999999889,0.5707596386037767,0.79188072681427,0.05625,0.98625
265,25,0.10551558752987593,0.05569620253164554,0.9999999999999887,0.5707393945194781,0.7904785871505737,0.055,0.9875
266,25,0.10564225690266092,0.05576679340937893,0.9999999999999887,0.5706948902271688,0.7863140106201172,0.055,0.98625
267,25,0.11722488038266461,0.06226175349428205,0.9999999999999899,0.5707284092716872,0.7832292318344116,0.06125,0.98375
268,25,0.11849192100527439,0.06297709923664119,0.9999999999999899,0.5710543491132557,0.7524011135101318,0.061875,0.9825
269,25,0.1184210526314674,0.0629370629370629,0.9999999999999899,0.5710361029021442,0.7455990314483643,0.061875,0.983125
270,25,0.1188475390154943,0.06317804722399485,0.9999999999999899,0.5711656472459435,0.7510189414024353,0.061875,0.979375
271,25,0.11891891891880693,0.06321839080459767,0.9999999999999899,0.5712188974954188,0.7478063702583313,0.061875,0.97875
272,25,0.11870503597111122,0.06309751434034414,0.9999999999999899,0.5713393082097172,0.7444448471069336,0.061875,0.980625
273,25,0.11920529801313277,0.0633802816901408,0.9999999999999899,0.5713588628359139,0.7339116334915161,0.061875,0.97625
274,25,0.11949305974641738,0.0635430038510911,0.9999999999999899,0.5714455642551184,0.7394490838050842,0.061875,0.97375
275,25,0.11976047904180341,0.06369426751592352,0.99999999999999,0.5713732633367181,0.7390866875648499,0.0625,0.98125
276,25,0.11827956989236169,0.06285714285714282,0.9999999999999899,0.5712939629144966,0.7398761510848999,0.061875,0.984375
277,25,0.11806797853298356,0.0627376425855513,0.9999999999999899,0.5712934011220931,0.7480378746986389,0.061875,0.98625
278,25,0.11771700356707099,0.06253948199620969,0.9999999999999899,0.5713047415390611,0.7485522627830505,0.061875,0.989375
279,25,0.11792733770090137,0.06265822784810123,0.9999999999999899,0.5712833067029714,0.7507372498512268,0.061875,0.9875
280,25,0.11764705882341855,0.062499999999999965,0.9999999999999899,0.5713675205409526,0.7538729310035706,0.061875,0.99
281,25,0.12314979277667529,0.06561514195583593,0.9999999999999905,0.5711968636512756,0.7549900412559509,0.065,0.990625
282,25,0.12380952380940126,0.06624203821656047,0.9454545454545369,0.5710958986543119,0.7873916029930115,0.06875,0.98125
283,25,0.13010053222932824,0.06957621758380768,0.999999999999991,0.5710602636821568,0.769504725933075,0.06875,0.988125
284,25,0.13033175355438037,0.06970849176172365,0.999999999999991,0.5707951840572059,0.7588962316513062,0.06875,0.98625
285,25,0.12329579134546803,0.06569804169298796,0.9999999999999905,0.5713294729217887,0.7605717778205872,0.065,0.989375
286,25,0.11729857819894156,0.0623033354310887,0.9999999999999899,0.5712306381016969,0.7625113129615784,0.061875,0.993125
287,25,0.11743772241981813,0.06238185255198484,0.9999999999999899,0.5710472547262907,0.7701224684715271,0.061875,0.991875
288,25,0.11743772241981813,0.06238185255198484,0.9999999999999899,0.5710197065770626,0.7684065103530884,0.061875,0.991875
289,25,0.11764705882341855,0.062499999999999965,0.9999999999999899,0.5710625045187772,0.7666211128234863,0.061875,0.99
290,25,0.1298701298700083,0.0694444444444444,0.999999999999991,0.5710627720318735,0.7694575786590576,0.06875,0.99
291,25,0.11778703152874087,0.0625790139064475,0.9999999999999899,0.5708395982719958,0.7719573974609375,0.061875,0.98875
292,25,0.11806797853298356,0.0627376425855513,0.9999999999999899,0.5710624985210597,0.7404086589813232,0.061875,0.98625
293,25,0.11792733770090137,0.06265822784810123,0.9999999999999899,0.5709650631435216,0.744634211063385,0.061875,0.9875
294,25,0.11792733770090137,0.06265822784810123,0.9999999999999899,0.5709735906310379,0.7450534105300903,0.061875,0.9875
295,25,0.11792733770090137,0.06265822784810123,0.9999999999999899,0.5709235528297723,0.7449635863304138,0.061875,0.9875
296,25,0.11743772241981813,0.06238185255198484,0.9999999999999899,0.5709995193406939,0.7487115263938904,0.061875,0.991875
297,25,0.11715976331349903,0.062225015713387774,0.9999999999999899,0.5710254511795938,0.7408644556999207,0.061875,0.994375
298,25,0.10469958358110232,0.055241682360326394,0.9999999999999887,0.5710140605829657,0.7423738241195679,0.055,0.995625
299,25,0.10469958358110232,0.055241682360326394,0.9999999999999887,0.5710358763486147,0.7483798861503601,0.055,0.995625
300,25,0.11688311688300669,0.062068965517241344,0.9999999999999899,0.5709918350353838,0.7549042701721191,0.061875,0.996875
301,25,0.1175771971495329,0.06246056782334381,0.9999999999999899,0.571102028992027,0.7462917566299438,0.061875,0.990625
302,25,0.11743772241981813,0.06238185255198484,0.9999999999999899,0.5707902412116528,0.7665349841117859,0.061875,0.991875
303,25,0.1175771971495329,0.06246056782334381,0.9999999999999899,0.5710684956982732,0.7624863386154175,0.061875,0.990625
304,25,0.11750741839751536,0.06242118537200501,0.9999999999999899,0.5711678015068173,0.7584084272384644,0.061875,0.99125
305,25,0.11764705882341855,0.062499999999999965,0.9999999999999899,0.5711168441921473,0.7625352740287781,0.061875,0.99
306,25,0.1175771971495329,0.06246056782334381,0.9999999999999899,0.5710524403117597,0.759181797504425,0.061875,0.990625
307,25,0.120710059171482,0.06431273644388395,0.9807692307692214,0.5710107273794711,0.7507755756378174,0.065,0.99125
308,25,0.11051693404623497,0.05871212121212118,0.9393939393939299,0.5707060009613634,0.7726548910140991,0.061875,0.99
309,25,0.11269276393820486,0.05986137366099555,0.9595959595959499,0.5707237711176276,0.7739773988723755,0.061875,0.991875
310,25,0.12544378698212666,0.06708860759493666,0.963636363636355,0.5708549967780709,0.7787917852401733,0.06875,0.9875
311,25,0.12662721893478937,0.06772151898734173,0.9727272727272639,0.5706684301421047,0.7701165080070496,0.06875,0.9875
312,25,0.12536960378462098,0.06704617330803285,0.963636363636355,0.5705107078887522,0.768363893032074,0.06875,0.988125
313,25,0.12404016538676554,0.06632975363234361,0.9545454545454459,0.5706241874583066,0.7592217922210693,0.06875,0.989375
314,25,0.12411347517718324,0.06637168141592917,0.9545454545454459,0.5707310495898128,0.7563731670379639,0.06875,0.98875
315,25,0.12440758293827181,0.06632975363234361,0.9999999999999906,0.5708747360482812,0.7570940256118774,0.065625,0.989375
316,25,0.11764705882341855,0.062499999999999965,0.9999999999999899,0.5708615823276341,0.7563561201095581,0.061875,0.99
317,25,0.11778703152874087,0.0625790139064475,0.9999999999999899,0.5709086375683546,0.7595657706260681,0.061875,0.98875
318,25,0.10520023909135268,0.05552050473186117,0.9999999999999887,0.5708830842748285,0.7612136602401733,0.055,0.990625
319,25,0.11750741839751536,0.06242118537200501,0.9999999999999899,0.5708329823799432,0.7709503173828125,0.061875,0.99125
320,25,0.11764705882341855,0.062499999999999965,0.9999999999999899,0.5707614114135504,0.7727957367897034,0.061875,0.99
321,25,0.11792733770090137,0.06265822784810123,0.9999999999999899,0.5710051248595118,0.774666965007782,0.061875,0.9875
322,25,0.11792733770090137,0.06265822784810123,0.9999999999999899,0.5709688979014754,0.7790387272834778,0.061875,0.9875
323,25,0.11764705882341855,0.062499999999999965,0.9999999999999899,0.5710757179558277,0.7508695721626282,0.061875,0.99
324,25,0.1175771971495329,0.06246056782334381,0.9999999999999899,0.571042465120554,0.7522911429405212,0.061875,0.990625
325,25,0.11785714285703178,0.0626185958254269,0.9999999999999899,0.5709831637889147,0.751897394657135,0.061875,0.988125
326,25,0.12956419316831214,0.06926952141057931,0.999999999999991,0.5709266961179673,0.7524933815002441,0.06875,0.9925
327,25,0.11736810906924328,0.06234256926952138,0.9999999999999899,0.5709650014713407,0.7534672021865845,0.061875,0.9925
328,25,0.11736810906924328,0.06234256926952138,0.9999999999999899,0.5709573987312615,0.7570410370826721,0.061875,0.9925
329,25,0.11381149970350528,0.0604534005037783,0.96969696969696,0.5705851061269641,0.7595389485359192,0.061875,0.9925
330,25,0.11387900355860818,0.06049149338374288,0.96969696969696,0.57087739944458,0.764651358127594,0.061875,0.991875
331,25,0.11387900355860818,0.06049149338374288,0.96969696969696,0.5710059077851475,0.7606282830238342,0.061875,0.991875
332,25,0.11387900355860818,0.06049149338374288,0.96969696969696,0.5709789251349866,0.7602611780166626,0.061875,0.991875
333,25,0.11360946745551086,0.060339409176618446,0.96969696969696,0.5710721974819899,0.7587534189224243,0.061875,0.994375
334,25,0.10256410256400299,0.05412208936438008,0.9772727272727162,0.5709871323034167,0.7582972049713135,0.055,0.993125
335,25,0.114725014784041,0.060929648241205996,0.9797979797979699,0.5710555518232286,0.7532657980918884,0.061875,0.995
336,25,0.11736810906924328,0.06234256926952138,0.9999999999999899,0.5711198479309678,0.7470043897628784,0.061875,0.9925
337,25,0.11435378201299193,0.06075949367088604,0.96969696969696,0.5712051106058061,0.737362802028656,0.061875,0.9875
338,25,0.11876484560558677,0.06321112515802778,0.9803921568627355,0.5710345493629575,0.7410455346107483,0.06375,0.98875
339,25,0.12743362831846253,0.06813880126182961,0.9818181818181729,0.5708883675560356,0.7416694760322571,0.06875,0.990625
340,25,0.12838633686678091,0.06863979848866494,0.990909090909082,0.5706390043720603,0.7376989722251892,0.06875,0.9925
341,25,0.1285377358489352,0.06872635561160148,0.990909090909082,0.5709169944375754,0.7367178797721863,0.06875,0.99125
342,25,0.12831077104166802,0.06859660163624917,0.990909090909082,0.5710455161519349,0.7380987405776978,0.06875,0.993125
343,25,0.11743772241981813,0.06238185255198484,0.9999999999999899,0.570739423930645,0.7418844103813171,0.061875,0.991875
344,25,0.11688311688300669,0.062068965517241344,0.9999999999999899,0.5706724926643073,0.7490573525428772,0.061875,0.996875
345,25,0.11688311688300669,0.062068965517241344,0.9999999999999899,0.5706548813544213,0.7483273148536682,0.061875,0.996875
346,25,0.1258083480304522,0.06712672521957336,0.9999999999999907,0.5707912256754935,0.7468019127845764,0.066875,0.99625
347,25,0.11702127659563438,0.06214689265536719,0.9999999999999899,0.5709125263802707,0.7393251061439514,0.061875,0.995625
348,25,0.11674528301875785,0.06199123356293046,0.9999999999999899,0.5709439508989453,0.7392352223396301,0.061875,0.998125
349,25,0.11674528301875785,0.06199123356293046,0.9999999999999899,0.5707369563356042,0.738847553730011,0.061875,0.998125
350,25,0.11289364230529612,0.05997474747474744,0.9595959595959499,0.5709026701375842,0.7516387104988098,0.061875,0.99
351,25,0.11183819155253626,0.05941845764854611,0.94949494949494,0.5709176379442215,0.7513843178749084,0.061875,0.98875
352,25,0.12300413956226733,0.06578115117014544,0.9454545454545369,0.5708769863843918,0.750889003276825,0.06875,0.988125
353,25,0.12300413956226733,0.06578115117014544,0.9454545454545369,0.5709857631474733,0.7510709166526794,0.06875,0.988125
354,25,0.10958904109577931,0.058227848101265786,0.92929292929292,0.5708282273076475,0.7476717829704285,0.061875,0.9875
355,25,0.11091234347037178,0.05893536121673,0.9393939393939299,0.5708934684284032,0.757076621055603,0.061875,0.98625
356,25,0.1109785202862849,0.058972733037412774,0.9393939393939299,0.5710063949972392,0.7582987546920776,0.061875,0.985625
357,25,0.1109785202862849,0.058972733037412774,0.9393939393939299,0.5710374946333467,0.7592918276786804,0.061875,0.985625
358,25,0.11709047900639465,0.06218592964824117,0.9999999999999899,0.5709693825431168,0.7572982907295227,0.061875,0.995
359,25,0.11702127659563438,0.06214689265536719,0.9999999999999899,0.570961710754782,0.7569975852966309,0.061875,0.995625
360,25,0.11695215593609766,0.062107904642409,0.9999999999999899,0.5710824222117662,0.7570202350616455,0.061875,0.99625
361,25,0.11729857819894156,0.0623033354310887,0.9999999999999899,0.5709650781750679,0.7446823120117188,0.061875,0.993125
362,25,0.11750741839751536,0.06242118537200501,0.9999999999999899,0.5709262016415596,0.7483816146850586,0.061875,0.99125
363,25,0.11743772241981813,0.06238185255198484,0.9999999999999899,0.5709146765433252,0.7501959800720215,0.061875,0.991875
364,25,0.11750741839751536,0.06242118537200501,0.9999999999999899,0.5708612155541778,0.7518342137336731,0.061875,0.99125
365,25,0.1175771971495329,0.06246056782334381,0.9999999999999899,0.570957405269146,0.7551583051681519,0.061875,0.990625
366,25,0.12470308788586867,0.06649778340721972,0.9999999999999906,0.5710488979890943,0.7473200559616089,0.065625,0.986875
367,25,0.1300236406618168,0.06953223767383056,0.999999999999991,0.5710167641937732,0.7519289255142212,0.06875,0.98875
368,25,0.1175771971495329,0.06246056782334381,0.9999999999999899,0.5710811151377857,0.7512516379356384,0.061875,0.990625
369,25,0.11729857819894156,0.0623033354310887,0.9999999999999899,0.5708184087090195,0.7506862282752991,0.061875,0.993125
370,25,0.11729857819894156,0.0623033354310887,0.9999999999999899,0.5709433562867343,0.7534422874450684,0.061875,0.993125
371,25,0.11750741839751536,0.06242118537200501,0.9999999999999899,0.5709719546698033,0.7522656321525574,0.061875,0.99125
372,25,0.11709047900639465,0.06218592964824117,0.9999999999999899,0.5710794387571514,0.74805748462677,0.061875,0.995
373,25,0.11709047900639465,0.06218592964824117,0.9999999999999899,0.5710576683282852,0.7454932928085327,0.061875,0.995
374,25,0.11702127659563438,0.06214689265536719,0.9999999999999899,0.5711528406478464,0.7453683018684387,0.061875,0.995625
375,25,0.11709047900639465,0.06218592964824117,0.9999999999999899,0.5710245782695711,0.7460272312164307,0.061875,0.995
376,25,0.1172291296624117,0.06226415094339619,0.9999999999999899,0.5710394257679582,0.7502089738845825,0.061875,0.99375
377,25,0.1172291296624117,0.06226415094339619,0.9999999999999899,0.5709108199737966,0.7465800046920776,0.061875,0.99375
378,25,0.11695215593609766,0.062107904642409,0.9999999999999899,0.5710806623660027,0.7442728877067566,0.061875,0.99625
379,25,0.11702127659563438,0.06214689265536719,0.9999999999999899,0.5711993972212076,0.740006148815155,0.061875,0.995625
380,25,0.11688311688300669,0.062068965517241344,0.9999999999999899,0.5712159969843924,0.7432070970535278,0.061875,0.996875
381,25,0.11688311688300669,0.062068965517241344,0.9999999999999899,0.5711275359243154,0.7403225302696228,0.061875,0.996875
382,25,0.10463733650406241,0.055207026348807996,0.9999999999999887,0.5711712570115924,0.741096556186676,0.055,0.99625
383,25,0.10926365795714123,0.057788944723618056,0.9999999999999892,0.5711508377082646,0.7432153820991516,0.0575,0.995
384,25,0.11695215593609766,0.062107904642409,0.9999999999999899,0.5709992130100727,0.7549331188201904,0.061875,0.99625
385,25,0.11702127659563438,0.06214689265536719,0.9999999999999899,0.5712109669111669,0.7622172832489014,0.061875,0.995625
386,25,0.11702127659563438,0.06214689265536719,0.9999999999999899,0.5709972164034843,0.7572165131568909,0.061875,0.995625
387,25,0.11688311688300669,0.062068965517241344,0.9999999999999899,0.5708564282953739,0.8003661632537842,0.061875,0.996875
388,25,0.1172291296624117,0.06226415094339619,0.9999999999999899,0.5709210487268865,0.7989763617515564,0.061875,0.99375
389,25,0.11750741839751536,0.06242118537200501,0.9999999999999899,0.5709583753719926,0.7980974912643433,0.061875,0.99125
390,25,0.1175771971495329,0.06246056782334381,0.9999999999999899,0.5709632106497884,0.795194149017334,0.061875,0.990625
391,25,0.11625148279941587,0.061712846347607014,0.9999999999999899,0.5709601179510355,0.7960367798805237,0.06125,0.9925
392,25,0.11736810906924328,0.06234256926952138,0.9999999999999899,0.5709361814521253,0.7977334856987,0.061875,0.9925
393,25,0.11750741839751536,0.06242118537200501,0.9999999999999899,0.5708512297086418,0.7971514463424683,0.061875,0.99125
394,25,0.1175771971495329,0.06246056782334381,0.9999999999999899,0.5707619438506663,0.7998602390289307,0.061875,0.990625
395,25,0.11764705882341855,0.062499999999999965,0.9999999999999899,0.5712458498217166,0.7427437901496887,0.061875,0.99
396,25,0.11750741839751536,0.06242118537200501,0.9999999999999899,0.5712760129384696,0.7414805293083191,0.061875,0.99125
397,25,0.11736810906924328,0.06234256926952138,0.9999999999999899,0.5711270656622947,0.7429617643356323,0.061875,0.9925
398,25,0.11715976331349903,0.062225015713387774,0.9999999999999899,0.5712296763248742,0.7245858907699585,0.061875,0.994375
399,25,0.11374407582927647,0.060301507537688405,0.9999999999999897,0.5712407562695444,0.7257384061813354,0.06,0.995
400,25,0.1172291296624117,0.06226415094339619,0.9999999999999899,0.5711535509675741,0.7461468577384949,0.061875,0.99375
401,25,0.11736810906924328,0.06234256926952138,0.9999999999999899,0.5706519178673625,0.7727144360542297,0.061875,0.9925
402,25,0.11764705882341855,0.062499999999999965,0.9999999999999899,0.5708538029529154,0.7689363360404968,0.061875,0.99
403,25,0.11785714285703178,0.0626185958254269,0.9999999999999899,0.5707348140701651,0.7652397155761719,0.061875,0.988125
404,25,0.11792733770090137,0.06265822784810123,0.9999999999999899,0.5708091843500733,0.7618891000747681,0.061875,0.9875
405,25,0.11799761620966234,0.06269791006966431,0.9999999999999899,0.570900303479284,0.7621663212776184,0.061875,0.986875
406,25,0.11792733770090137,0.06265822784810123,0.9999999999999899,0.5709418354555964,0.761073112487793,0.061875,0.9875
407,25,0.11792733770090137,0.06265822784810123,0.9999999999999899,0.5710083392448724,0.7573097348213196,0.061875,0.9875
408,25,0.10564225690266092,0.05576679340937893,0.9999999999999887,0.5712223736196756,0.7592955231666565,0.055,0.98625
409,25,0.10551558752987593,0.05569620253164554,0.9999999999999887,0.5713100804574788,0.7480567097663879,0.055,0.9875
410,25,0.10564225690266092,0.05576679340937893,0.9999999999999887,0.5713882367126644,0.7592581510543823,0.055,0.98625
411,25,0.11469534050168385,0.06083650190114065,0.9999999999999897,0.5714517021924257,0.76275634765625,0.06,0.98625
412,25,0.11771700356707099,0.06253948199620969,0.9999999999999899,0.5716295166313649,0.7495973706245422,0.061875,0.989375
413,25,0.11764705882341855,0.062499999999999965,0.9999999999999899,0.5715004843100906,0.7459929585456848,0.061875,0.99
414,25,0.11771700356707099,0.06253948199620969,0.9999999999999899,0.5715845741704106,0.746194064617157,0.061875,0.989375
415,25,0.11778703152874087,0.0625790139064475,0.9999999999999899,0.5714807077310979,0.7489290237426758,0.061875,0.98875
416,25,0.11736810906924328,0.06234256926952138,0.9999999999999899,0.5715923273935914,0.7399953007698059,0.061875,0.9925
417,25,0.11750741839751536,0.06242118537200501,0.9999999999999899,0.5714882408827543,0.7396979928016663,0.061875,0.99125
418,25,0.11736810906924328,0.06234256926952138,0.9999999999999899,0.5714371894486249,0.7385841608047485,0.061875,0.9925
419,25,0.10846245530383054,0.05734089477000627,0.9999999999999891,0.5715391688980163,0.7421143651008606,0.056875,0.991875
420,25,0.10494931425154026,0.055380742605412175,0.9999999999999887,0.5715189594961703,0.7347695827484131,0.055,0.993125
421,25,0.11750741839751536,0.06242118537200501,0.9999999999999899,0.5713916412740946,0.7361961007118225,0.061875,0.99125
422,25,0.11778703152874087,0.0625790139064475,0.9999999999999899,0.571050762925297,0.7823150157928467,0.061875,0.98875
423,25,0.10640870616676731,0.056194125159642366,0.9999999999999887,0.5712157190218567,0.7962486147880554,0.055,0.97875
424,25,0.10602409638544164,0.055979643765903274,0.9999999999999887,0.5711854502931237,0.7786279320716858,0.055,0.9825
425,25,0.10570570570560545,0.055802155992390585,0.9999999999999887,0.5711774995177984,0.7687292695045471,0.055,0.985625
426,25,0.1140819964348299,0.06049149338374288,0.9999999999999897,0.5711307722888886,0.7624776363372803,0.06,0.991875
427,25,0.11778703152874087,0.0625790139064475,0.9999999999999899,0.5710812584869563,0.7630302906036377,0.061875,0.98875
428,25,0.11799761620966234,0.06269791006966431,0.9999999999999899,0.5710770009271801,0.758395791053772,0.061875,0.986875
429,25,0.11792733770090137,0.06265822784810123,0.9999999999999899,0.5710969383269549,0.7557691335678101,0.061875,0.9875
430,25,0.11792733770090137,0.06265822784810123,0.9999999999999899,0.5710289355367422,0.7565335631370544,0.061875,0.9875
431,25,0.11806797853298356,0.0627376425855513,0.9999999999999899,0.5710214640572667,0.7565092444419861,0.061875,0.98625
432,25,0.11813842482089107,0.0627774254914394,0.9999999999999899,0.5711548224650324,0.760627031326294,0.061875,0.985625
433,25,0.11813842482089107,0.0627774254914394,0.9999999999999899,0.5713241065479815,0.7555476427078247,0.061875,0.985625
434,25,0.10885167464104527,0.05755850727387726,0.9999999999999891,0.571485441736877,0.7436578273773193,0.056875,0.988125
435,25,0.10482430017857833,0.055311125078566906,0.9999999999999887,0.5715048573352397,0.74814772605896,0.055,0.994375
436,25,0.11667648791974858,0.061952440550688326,0.9999999999999899,0.5715096624195576,0.7512725591659546,0.061875,0.99875
437,25,0.11667648791974858,0.061952440550688326,0.9999999999999899,0.5715466927736997,0.7478349208831787,0.061875,0.99875
438,25,0.11667648791974858,0.061952440550688326,0.9999999999999899,0.5715805360116064,0.7380001544952393,0.061875,0.99875
439,25,0.11667648791974858,0.061952440550688326,0.9999999999999899,0.5714665935188532,0.7420238852500916,0.061875,0.99875
440,25,0.11667648791974858,0.061952440550688326,0.9999999999999899,0.5713363827764988,0.741361677646637,0.061875,0.99875
441,25,0.11667648791974858,0.061952440550688326,0.9999999999999899,0.5712840625457466,0.7411744594573975,0.061875,0.99875
442,25,0.12910798122053632,0.06900878293601,0.999999999999991,0.5713911180011928,0.7460082769393921,0.06875,0.99625
443,25,0.12948793407874867,0.06922592825676523,0.999999999999991,0.5710848220810294,0.7714583277702332,0.06875,0.993125
444,25,0.11435378201299193,0.06075949367088604,0.96969696969696,0.5709394052810967,0.761821985244751,0.061875,0.9875
445,25,0.11455847255358798,0.06087507926442609,0.96969696969696,0.570899766460061,0.7597024440765381,0.061875,0.985625
446,25,0.11336515513115361,0.06024096385542165,0.9595959595959499,0.570875720884651,0.7650071382522583,0.061875,0.985625
447,25,0.12655233589579779,0.06767868437697656,0.9727272727272639,0.5707771882042288,0.7569176554679871,0.06875,0.988125
448,25,0.12336892052182333,0.065989847715736,0.9454545454545369,0.5705490593612194,0.7462207674980164,0.06875,0.985
449,25,0.12196566015381531,0.06523115896136791,0.9363636363636278,0.5709002398699522,0.7382480502128601,0.06875,0.986875
450,25,0.1084624553038221,0.057631412286257094,0.9191919191919099,0.5708753292448818,0.736323356628418,0.061875,0.986875
451,25,0.1094586555620544,0.058154235145385556,0.92929292929292,0.5707863138802349,0.7490295171737671,0.061875,0.98875
452,25,0.1217494089833298,0.0651074589127686,0.9363636363636278,0.5707404439523817,0.7533618807792664,0.06875,0.98875
453,25,0.12063867533991371,0.06451612903225802,0.9272727272727189,0.5704986065067351,0.7554805874824524,0.06875,0.988125
454,25,0.1217494089833298,0.0651074589127686,0.9363636363636278,0.5707513177208603,0.7500978112220764,0.06875,0.98875
455,25,0.1085271317828345,0.05766793409378957,0.9191919191919099,0.570887807328254,0.7409660816192627,0.061875,0.98625
456,25,0.1172291296624117,0.06226415094339619,0.9999999999999899,0.5708423275314272,0.7492383718490601,0.061875,0.99375
457,25,0.11715976331349903,0.062225015713387774,0.9999999999999899,0.5708068374171853,0.7524712085723877,0.061875,0.994375
458,25,0.11702127659563438,0.06214689265536719,0.9999999999999899,0.5708203440532088,0.7552266716957092,0.061875,0.995625
459,25,0.11709047900639465,0.06218592964824117,0.9999999999999899,0.5708020582050085,0.7541439533233643,0.061875,0.995
460,25,0.11702127659563438,0.06214689265536719,0.9999999999999899,0.5707240161299706,0.7409675717353821,0.061875,0.995625
461,25,0.11667648791974858,0.061952440550688326,0.9999999999999899,0.5708586829528213,0.7344152331352234,0.061875,0.99875
462,25,0.11702127659563438,0.06214689265536719,0.9999999999999899,0.5708212131261825,0.7416505217552185,0.061875,0.995625
463,25,0.11702127659563438,0.06214689265536719,0.9999999999999899,0.5709032725915313,0.7405592203140259,0.061875,0.995625
464,25,0.11702127659563438,0.06214689265536719,0.9999999999999899,0.570891075078398,0.7422071695327759,0.061875,0.995625
465,25,0.11709047900639465,0.06218592964824117,0.9999999999999899,0.5709140087477863,0.7461228370666504,0.061875,0.995
466,25,0.11736810906924328,0.06234256926952138,0.9999999999999899,0.5709009794518352,0.742681086063385,0.061875,0.9925
467,25,0.12925969447696473,0.06909547738693464,0.999999999999991,0.5708768452890217,0.7417794466018677,0.06875,0.995
468,25,0.11729857819894156,0.0623033354310887,0.9999999999999899,0.5708470083028078,0.7351253032684326,0.061875,0.993125
469,25,0.11729857819894156,0.0623033354310887,0.9999999999999899,0.5710333886742592,0.7445451021194458,0.061875,0.993125
470,25,0.11715976331349903,0.062225015713387774,0.9999999999999899,0.5710788251645863,0.7443275451660156,0.061875,0.994375
471,25,0.11771700356707099,0.06253948199620969,0.9999999999999899,0.571052718013525,0.742893636226654,0.061875,0.989375
472,25,0.12773506800697665,0.06822488945041057,0.9999999999999908,0.5710012680850923,0.7403967380523682,0.0675,0.989375
473,25,0.1300236406618168,0.06953223767383056,0.999999999999991,0.5708541415631772,0.771989107131958,0.06875,0.98875
474,25,0.12971698113195398,0.06935687263556112,0.999999999999991,0.5708013715036213,0.7587954998016357,0.06875,0.99125
475,25,0.11785714285703178,0.0626185958254269,0.9999999999999899,0.5708778440579771,0.7567926049232483,0.061875,0.988125
476,25,0.11806797853298356,0.0627376425855513,0.9999999999999899,0.5708030749484897,0.7609135508537292,0.061875,0.98625
477,25,0.11806797853298356,0.0627376425855513,0.9999999999999899,0.5707444714568556,0.7618420720100403,0.061875,0.98625
478,25,0.11806797853298356,0.0627376425855513,0.9999999999999899,0.5708285711333155,0.761710524559021,0.061875,0.98625
479,25,0.11764705882341855,0.062499999999999965,0.9999999999999899,0.5708084822259843,0.7650144696235657,0.061875,0.99
480,25,0.11097852028629122,0.05874921036007577,0.9999999999999893,0.5708824065700173,0.7649516463279724,0.058125,0.989375
481,25,0.11771700356707099,0.06253948199620969,0.9999999999999899,0.5707385072298348,0.755006730556488,0.061875,0.989375
482,25,0.11799761620966234,0.06269791006966431,0.9999999999999899,0.5710779708251357,0.744528591632843,0.061875,0.986875
483,25,0.11792733770090137,0.06265822784810123,0.9999999999999899,0.571182513087988,0.7469634413719177,0.061875,0.9875
484,25,0.1175771971495329,0.06246056782334381,0.9999999999999899,0.5711410767771303,0.7465913891792297,0.061875,0.990625
485,25,0.1175771971495329,0.06246056782334381,0.9999999999999899,0.5711293353326619,0.7475077509880066,0.061875,0.990625
486,25,0.12971698113195398,0.06935687263556112,0.999999999999991,0.571190296150744,0.7472552061080933,0.06875,0.99125
487,25,0.12948793407874867,0.06922592825676523,0.999999999999991,0.5708820484206081,0.7413926124572754,0.06875,0.993125
488,25,0.12625368731551578,0.06738035264483623,0.9999999999999907,0.5711176244355738,0.7492865920066833,0.066875,0.9925
489,25,0.11750741839751536,0.06242118537200501,0.9999999999999899,0.5711089067906141,0.7490704655647278,0.061875,0.99125
490,25,0.11729857819894156,0.0623033354310887,0.9999999999999899,0.5711454391293228,0.7567716836929321,0.061875,0.993125
491,25,0.12925969447696473,0.06909547738693464,0.999999999999991,0.5711816407181323,0.7584987878799438,0.06875,0.995
492,25,0.1291837933058097,0.06905210295040799,0.999999999999991,0.5710850424319506,0.754535436630249,0.06875,0.995625
493,25,0.12925969447696473,0.06909547738693464,0.999999999999991,0.5711674674414098,0.7531237006187439,0.06875,0.995
494,25,0.11709047900639465,0.06218592964824117,0.9999999999999899,0.571109328493476,0.7533656358718872,0.061875,0.995
495,25,0.11709047900639465,0.06218592964824117,0.9999999999999899,0.5711241404898465,0.7597851753234863,0.061875,0.995
496,25,0.11695215593609766,0.062107904642409,0.9999999999999899,0.5711600451730192,0.7352819442749023,0.061875,0.99625
497,25,0.11688311688300669,0.062068965517241344,0.9999999999999899,0.5712005809321999,0.7355232834815979,0.061875,0.996875
498,25,0.12895662368100463,0.06892230576441098,0.999999999999991,0.5711211876012385,0.7327671647071838,0.06875,0.9975
499,25,0.11667648791974858,0.061952440550688326,0.9999999999999899,0.5710460438393057,0.7340105772018433,0.061875,0.99875
500,25,0.11709047900639465,0.06218592964824117,0.9999999999999899,0.5708740367367864,0.7643473148345947,0.061875,0.995
501,25,0.11709047900639465,0.06218592964824117,0.9999999999999899,0.5709157159924507,0.7593688368797302,0.061875,0.995
502,25,0.11709047900639465,0.06218592964824117,0.9999999999999899,0.5708929409459234,0.7564148306846619,0.061875,0.995
503,25,0.11715976331349903,0.062225015713387774,0.9999999999999899,0.5709164158441127,0.7567975521087646,0.061875,0.994375
504,25,0.11736810906924328,0.06234256926952138,0.9999999999999899,0.5708557943068445,0.7568251490592957,0.061875,0.9925
505,25,0.11729857819894156,0.0623033354310887,0.9999999999999899,0.5709025772102178,0.7528972625732422,0.061875,0.993125
506,25,0.11750741839751536,0.06242118537200501,0.9999999999999899,0.571019828338176,0.7534739375114441,0.061875,0.99125
507,25,0.11785714285703178,0.0626185958254269,0.9999999999999899,0.5710024613700807,0.7632609009742737,0.061875,0.988125
508,25,0.11799761620966234,0.06269791006966431,0.9999999999999899,0.5710692327469588,0.7374416589736938,0.061875,0.986875
509,25,0.11813842482089107,0.0627774254914394,0.9999999999999899,0.5711235942691565,0.7380108833312988,0.061875,0.985625
510,25,0.11799761620966234,0.06269791006966431,0.9999999999999899,0.5712343042716383,0.7357575297355652,0.061875,0.986875
511,25,0.11806797853298356,0.0627376425855513,0.9999999999999899,0.5712741451710462,0.7349961400032043,0.061875,0.98625
512,25,0.1304090100769378,0.06975269499048822,0.999999999999991,0.5711150833591819,0.7634970545768738,0.06875,0.985625
513,25,0.13033175355438037,0.06970849176172365,0.999999999999991,0.5710955332964659,0.7525966763496399,0.06875,0.98625
514,25,0.11827956989236169,0.06285714285714282,0.9999999999999899,0.5711368481442333,0.7489134073257446,0.061875,0.984375
515,25,0.11849192100527439,0.06297709923664119,0.9999999999999899,0.5710332241468131,0.7488190531730652,0.061875,0.9825
516,25,0.11820895522376923,0.0628172588832487,0.9999999999999899,0.5709395934455097,0.7508753538131714,0.061875,0.985
517,25,0.13017751479277753,0.06962025316455692,0.999999999999991,0.5709781907312572,0.751162052154541,0.06875,0.9875
518,25,0.12994683992899825,0.06948831332912188,0.999999999999991,0.5708980498090387,0.7424114346504211,0.06875,0.989375
519,25,0.12979351032436226,0.06940063091482646,0.999999999999991,0.5709438783302904,0.7392337322235107,0.06875,0.990625
520,25,0.11764705882341855,0.062499999999999965,0.9999999999999899,0.5709642513096332,0.7470534443855286,0.061875,0.99
521,25,0.13017751479277753,0.06962025316455692,0.999999999999991,0.5709531079418957,0.7392727732658386,0.06875,0.9875
522,25,0.12948793407874867,0.06922592825676523,0.999999999999991,0.5706095195002854,0.7338905334472656,0.06875,0.993125
523,25,0.1296405421330548,0.06931316950220538,0.999999999999991,0.5708095302060247,0.7465854287147522,0.06875,0.991875
524,25,0.12971698113195398,0.06935687263556112,0.999999999999991,0.570955249145627,0.7456122040748596,0.06875,0.99125
525,25,0.1175771971495329,0.06246056782334381,0.9999999999999899,0.5708778293989599,0.7455843687057495,0.061875,0.990625
526,25,0.12979351032436226,0.06940063091482646,0.999999999999991,0.570859195832163,0.756695568561554,0.06875,0.990625
527,25,0.12971698113195398,0.06935687263556112,0.999999999999991,0.5709055108390748,0.7501888275146484,0.06875,0.99125
528,25,0.12979351032436226,0.06940063091482646,0.999999999999991,0.5709307365864515,0.7489855885505676,0.06875,0.990625
529,25,0.1175771971495329,0.06246056782334381,0.9999999999999899,0.5709222827292979,0.7493101358413696,0.061875,0.990625
530,25,0.1175771971495329,0.06246056782334381,0.9999999999999899,0.5709572911635041,0.7601947784423828,0.061875,0.990625
531,25,0.1296405421330548,0.06931316950220538,0.999999999999991,0.5710526695474982,0.7468634247779846,0.06875,0.991875
532,25,0.1217494089833298,0.0651074589127686,0.9363636363636278,0.570763422884047,0.7395877838134766,0.06875,0.98875
533,25,0.12336892052182333,0.065989847715736,0.9454545454545369,0.5711159485764802,0.7532435059547424,0.06875,0.985
534,25,0.10978520286385053,0.058338617628408335,0.92929292929292,0.5712448528036476,0.7512843608856201,0.061875,0.985625
535,25,0.11223880597003788,0.059644670050761385,0.94949494949494,0.5711754135414958,0.7608516216278076,0.061875,0.985
536,25,0.11336515513115361,0.06024096385542165,0.9595959595959499,0.5711234601773322,0.7609535455703735,0.061875,0.985625
537,25,0.11343283582078414,0.06027918781725885,0.9595959595959499,0.5711467424407601,0.7605458498001099,0.061875,0.985
538,25,0.11336515513115361,0.06024096385542165,0.9595959595959499,0.571131002586335,0.7590252757072449,0.061875,0.985625
539,25,0.11490125673238391,0.0610687022900763,0.96969696969696,0.5710189630463719,0.7581697106361389,0.061875,0.9825
540,25,0.11799761620966234,0.06269791006966431,0.9999999999999899,0.5710555564425885,0.756305992603302,0.061875,0.986875
541,25,0.1175771971495329,0.06246056782334381,0.9999999999999899,0.5710332945547998,0.7670594453811646,0.061875,0.990625
542,25,0.11764705882341855,0.062499999999999965,0.9999999999999899,0.5708981695957482,0.7627324461936951,0.061875,0.99
543,25,0.11771700356707099,0.06253948199620969,0.9999999999999899,0.570942448079586,0.7606661915779114,0.061875,0.989375
544,25,0.1300236406618168,0.06953223767383056,0.999999999999991,0.5707333695702255,0.767347514629364,0.06875,0.98875
545,25,0.1300236406618168,0.06953223767383056,0.999999999999991,0.5704687541536987,0.7697410583496094,0.06875,0.98875
546,25,0.13033175355438037,0.06970849176172365,0.999999999999991,0.5705746288225054,0.766026496887207,0.06875,0.98625
547,25,0.11806797853298356,0.0627376425855513,0.9999999999999899,0.5707531845010817,0.7512392997741699,0.061875,0.98625
548,25,0.11820895522376923,0.0628172588832487,0.9999999999999899,0.5707474762201309,0.7582370042800903,0.061875,0.985
549,25,0.11827956989236169,0.06285714285714282,0.9999999999999899,0.5707889959961175,0.7620409727096558,0.061875,0.984375
550,25,0.11595935445296682,0.061626429479034274,0.9797979797979699,0.5709071977622807,0.768704891204834,0.061875,0.98375
551,25,0.13048635824424323,0.06979695431472077,0.999999999999991,0.571020500343293,0.7719011306762695,0.06875,0.985
552,25,0.11820895522376923,0.0628172588832487,0.9999999999999899,0.5710717320255935,0.7587409615516663,0.061875,0.985
553,25,0.11799761620966234,0.06269791006966431,0.9999999999999899,0.5713772782869637,0.7525426745414734,0.061875,0.986875
554,25,0.11764705882341855,0.062499999999999965,0.9999999999999899,0.5712880233302713,0.769744873046875,0.061875,0.99
555,25,0.11736810906924328,0.06234256926952138,0.9999999999999899,0.5709189501404762,0.8221413493156433,0.061875,0.9925
556,25,0.11750741839751536,0.06242118537200501,0.9999999999999899,0.5706836857832969,0.8295724987983704,0.061875,0.99125
557,25,0.12971698113195398,0.06935687263556112,0.999999999999991,0.5705809430591762,0.832475483417511,0.06875,0.99125
558,25,0.1298701298700083,0.0694444444444444,0.999999999999991,0.5705137515068054,0.8291248679161072,0.06875,0.99
559,25,0.11771700356707099,0.06253948199620969,0.9999999999999899,0.5706352915242314,0.8228178024291992,0.061875,0.989375
560,25,0.11764705882341855,0.062499999999999965,0.9999999999999899,0.5703405342437327,0.8253225684165955,0.061875,0.99
561,25,0.11771700356707099,0.06253948199620969,0.9999999999999899,0.5704138816706836,0.8287946581840515,0.061875,0.989375
562,25,0.11792733770090137,0.06265822784810123,0.9999999999999899,0.570602366887033,0.8403543829917908,0.061875,0.9875
563,25,0.11785714285703178,0.0626185958254269,0.9999999999999899,0.5711933003365993,0.8088023066520691,0.061875,0.988125
564,25,0.11750741839751536,0.06242118537200501,0.9999999999999899,0.5708807038329542,0.8026428818702698,0.061875,0.99125
565,25,0.11785714285703178,0.0626185958254269,0.9999999999999899,0.5709161451272666,0.804793119430542,0.061875,0.988125
566,25,0.11750741839751536,0.06242118537200501,0.9999999999999899,0.5706731498986483,0.8099089860916138,0.061875,0.99125
567,25,0.11792733770090137,0.06265822784810123,0.9999999999999899,0.5706311079114675,0.8127392530441284,0.061875,0.9875
568,25,0.11813842482089107,0.0627774254914394,0.9999999999999899,0.5706047416478396,0.8139604330062866,0.061875,0.985625
569,25,0.11813842482089107,0.0627774254914394,0.9999999999999899,0.5705825483053922,0.8139511942863464,0.061875,0.985625
570,25,0.11806797853298356,0.0627376425855513,0.9999999999999899,0.57063825475052,0.8129658102989197,0.061875,0.98625
571,25,0.11835026897777257,0.06289707750952983,0.9999999999999899,0.5707419848442078,0.8176735043525696,0.061875,0.98375
572,25,0.11785714285703178,0.0626185958254269,0.9999999999999899,0.5712760554440319,0.7817519307136536,0.061875,0.988125
573,25,0.11561382598320441,0.0613535736875395,0.9999999999999898,0.5713801660574973,0.7748767733573914,0.060625,0.988125
574,25,0.11778703152874087,0.0625790139064475,0.9999999999999899,0.5712392753921449,0.7697408199310303,0.061875,0.98875
575,25,0.11709047900639465,0.06218592964824117,0.9999999999999899,0.5715563981421292,0.7487367391586304,0.061875,0.995
576,25,0.11653914067087304,0.061874999999999965,0.9999999999999899,0.57171695869416,0.7256026268005371,0.061875,1.0
577,25,0.11653914067087304,0.061874999999999965,0.9999999999999899,0.5716770678758621,0.729387104511261,0.061875,1.0
578,25,0.11653914067087304,0.061874999999999965,0.9999999999999899,0.5715044108405709,0.746131956577301,0.061875,1.0
579,25,0.11681415929192525,0.06203007518796989,0.9999999999999899,0.5709785033389926,0.8042652010917664,0.061875,0.9975
580,25,0.11688311688300669,0.062068965517241344,0.9999999999999899,0.5708984576910734,0.8057424426078796,0.061875,0.996875
581,27,0.10596026490056178,0.05594405594405591,0.9999999999999887,0.5701617133617402,0.8285624384880066,0.055,0.983125
582,27,0.10666666666656556,0.05633802816901405,0.9999999999999887,0.5701700834929944,0.8438979387283325,0.055,0.97625
583,27,0.10712111990251565,0.056591639871382604,0.9999999999999887,0.5708268649876118,0.7499964237213135,0.055,0.971875
584,27,0.10725167580733287,0.05666452028332257,0.9999999999999887,0.570686105247587,0.7488399147987366,0.055,0.970625
585,27,0.10692588092334944,0.05648267008985876,0.9999999999999887,0.5707295037060977,0.7526926398277283,0.055,0.97375
586,27,0.10699088145886516,0.05651894669235706,0.9999999999999887,0.5708306049741805,0.7475309371948242,0.055,0.973125
587,27,0.10692588092334944,0.05648267008985876,0.9999999999999887,0.5708795090578497,0.7465592622756958,0.055,0.97375
588,27,0.10679611650475314,0.056410256410256376,0.9999999999999887,0.57082799423486,0.7445552349090576,0.055,0.975
589,27,0.10660205935786381,0.05630198336532306,0.9999999999999887,0.5708105406910181,0.7608394622802734,0.055,0.976875
590,27,0.10647307924974782,0.05623003194888176,0.9999999999999887,0.5707498764991761,0.7621207237243652,0.055,0.978125
591,27,0.10653753026624282,0.05626598465473143,0.9999999999999887,0.5708234533667564,0.763043224811554,0.055,0.9775
592,27,0.10660205935786381,0.05630198336532306,0.9999999999999887,0.5708112116903067,0.7636712789535522,0.055,0.976875
593,27,0.10660205935786381,0.05630198336532306,0.9999999999999887,0.5707368820533156,0.7595043778419495,0.055,0.976875
594,27,0.10673135233464716,0.05637411915438818,0.9999999999999887,0.5706956413388252,0.7584448456764221,0.055,0.975625
595,27,0.10634441087603211,0.05615826419910654,0.9999999999999887,0.5708638854883611,0.7582129240036011,0.055,0.979375
596,27,0.10647307924974782,0.05623003194888176,0.9999999999999887,0.5708263018168509,0.7602731585502625,0.055,0.978125
597,27,0.10660205935786381,0.05630198336532306,0.9999999999999887,0.5708565210178494,0.7603743672370911,0.055,0.976875
598,27,0.10692588092334944,0.05648267008985876,0.9999999999999887,0.5706310682557523,0.761749804019928,0.055,0.97375
599,27,0.10725167580733287,0.05666452028332257,0.9999999999999887,0.5707678565569222,0.7615004181861877,0.055,0.970625
600,27,0.10718635809977663,0.056628056628056596,0.9999999999999887,0.5706850812770426,0.7636483311653137,0.055,0.97125
601,27,0.10725167580733287,0.05666452028332257,0.9999999999999887,0.5708578970655799,0.7610756754875183,0.055,0.970625
602,27,0.10692588092334944,0.05648267008985876,0.9999999999999887,0.5708093187771738,0.763716459274292,0.055,0.97375
603,27,0.09418960244639331,0.049422336328626415,0.9999999999999871,0.5707417707890272,0.7686890959739685,0.048125,0.97375
604,27,0.09418960244639331,0.049422336328626415,0.9999999999999871,0.5707656180858612,0.7670191526412964,0.048125,0.97375
605,27,0.09744214372706918,0.05121638924455823,0.9999999999999876,0.5706049955263733,0.7653648853302002,0.05,0.97625
606,27,0.10066707095199645,0.053001277139208144,0.999999999999988,0.5706704712286591,0.756536066532135,0.051875,0.97875
607,27,0.09448818897628782,0.049586776859504106,0.9999999999999872,0.570725304596126,0.7563834190368652,0.04875,0.983125
608,27,0.0935033394048895,0.049044585987261115,0.9999999999999871,0.57074826547876,0.7541651725769043,0.048125,0.98125
609,27,0.0936170212765064,0.04910714285714283,0.9999999999999871,0.5707363873720169,0.7518253326416016,0.048125,0.98
610,27,0.0936170212765064,0.04910714285714283,0.9999999999999871,0.5707584801129997,0.7537145614624023,0.048125,0.98
611,27,0.10608800482208144,0.05601527689369825,0.9999999999999887,0.5707309238985181,0.7497787475585938,0.055,0.981875
612,27,0.10602409638544164,0.055979643765903274,0.9999999999999887,0.5707170217670501,0.7505277991294861,0.055,0.9825
613,27,0.10271903323253083,0.054140127388535,0.9999999999999883,0.5707664793729782,0.751575767993927,0.053125,0.98125
614,27,0.09939393939384482,0.05229591836734691,0.9999999999999879,0.5708464945293963,0.7529640197753906,0.05125,0.98
615,27,0.10564663023669398,0.05576923076923074,0.9999999999999886,0.5708192567154765,0.751488208770752,0.054375,0.975
616,27,0.10647307924974782,0.05623003194888176,0.9999999999999887,0.5708458127826452,0.7522472143173218,0.055,0.978125
617,27,0.10647307924974782,0.05623003194888176,0.9999999999999887,0.5708164731226861,0.7520043253898621,0.055,0.978125
618,27,0.10699088145886516,0.05651894669235706,0.9999999999999887,0.5709529465064407,0.7450419068336487,0.055,0.973125
619,27,0.10731707317063,0.05670103092783502,0.9999999999999887,0.5709438074566424,0.7420707941055298,0.055,0.97
620,27,0.10744810744800565,0.056774193548387065,0.9999999999999887,0.5709336345084012,0.7417703866958618,0.055,0.96875
621,27,0.10738255033546872,0.05673758865248223,0.9999999999999887,0.5708858903311193,0.741169273853302,0.055,0.969375
622,27,0.10738255033546872,0.05673758865248223,0.9999999999999887,0.5708867236226797,0.7416608333587646,0.055,0.969375
623,27,0.10738255033546872,0.05673758865248223,0.9999999999999887,0.5709791600331664,0.7446644902229309,0.055,0.969375
624,27,0.10771113831079147,0.05692108667529104,0.9999999999999887,0.571064998395741,0.7450178265571594,0.055,0.96625
625,27,0.10757946210258756,0.05684754521963821,0.9999999999999887,0.5710041969642043,0.746167004108429,0.055,0.9675
626,27,0.10692588092334944,0.05648267008985876,0.9999999999999887,0.5709853615425527,0.7449315190315247,0.055,0.97375
627,27,0.10615199034971841,0.056050955414012706,0.9999999999999887,0.5709966968931258,0.7475327849388123,0.055,0.98125
628,27,0.10653753026624282,0.05626598465473143,0.9999999999999887,0.5710365353152156,0.7521093487739563,0.055,0.9775
629,27,0.10660205935786381,0.05630198336532306,0.9999999999999887,0.5710017975792289,0.754429042339325,0.055,0.976875
630,27,0.10647307924974782,0.05623003194888176,0.9999999999999887,0.5708908797614276,0.7596261501312256,0.055,0.978125
631,27,0.10640870616676731,0.056194125159642366,0.9999999999999887,0.5707610783912241,0.7574031949043274,0.055,0.97875
632,27,0.10634441087603211,0.05615826419910654,0.9999999999999887,0.5707666094787419,0.755780816078186,0.055,0.979375
633,27,0.10647307924974782,0.05623003194888176,0.9999999999999887,0.570823867265135,0.7547444701194763,0.055,0.978125
634,27,0.10705596107045817,0.056555269922879146,0.9999999999999887,0.5708607758581639,0.7573848366737366,0.055,0.9725
635,27,0.10705596107045817,0.056555269922879146,0.9999999999999887,0.570814605820924,0.7580311298370361,0.055,0.9725
636,27,0.10718635809977663,0.056628056628056596,0.9999999999999887,0.5706582664884627,0.7540937066078186,0.055,0.97125
637,27,0.10692588092334944,0.05648267008985876,0.9999999999999887,0.5706576699949801,0.7522167563438416,0.055,0.97375
638,27,0.10673135233464716,0.05637411915438818,0.9999999999999887,0.5706687986850738,0.7463284134864807,0.055,0.975625
639,27,0.10666666666656556,0.05633802816901405,0.9999999999999887,0.5707232789695262,0.7465870976448059,0.055,0.97625
640,27,0.10660205935786381,0.05630198336532306,0.9999999999999887,0.5708040173165501,0.7517656087875366,0.055,0.976875
641,27,0.10647307924974782,0.05623003194888176,0.9999999999999887,0.570773163754493,0.7499203681945801,0.055,0.978125
642,27,0.10653753026624282,0.05626598465473143,0.9999999999999887,0.5707116643153131,0.7444751262664795,0.055,0.9775
643,27,0.10647307924974782,0.05623003194888176,0.9999999999999887,0.5705967580899596,0.7421376705169678,0.055,0.978125
644,27,0.10628019323661421,0.0561224489795918,0.9999999999999887,0.5706150107271969,0.7434197068214417,0.055,0.98
645,27,0.10679611650475314,0.056410256410256376,0.9999999999999887,0.5707296524383128,0.7463703155517578,0.055,0.975
646,27,0.10705596107045817,0.056555269922879146,0.9999999999999887,0.5708124708384276,0.7481816411018372,0.055,0.9725
647,27,0.10692588092334944,0.05648267008985876,0.9999999999999887,0.5707493027485907,0.7598093152046204,0.055,0.97375
648,27,0.10660205935786381,0.05630198336532306,0.9999999999999887,0.5707428503595292,0.7565662264823914,0.055,0.976875
649,27,0.10660205935786381,0.05630198336532306,0.9999999999999887,0.5708558565191925,0.7579444050788879,0.055,0.976875
650,27,0.10640870616676731,0.056194125159642366,0.9999999999999887,0.5707681710831821,0.7612418532371521,0.055,0.97875
651,27,0.10640870616676731,0.056194125159642366,0.9999999999999887,0.5706379524059594,0.7697470784187317,0.055,0.97875
652,27,0.10628019323661421,0.0561224489795918,0.9999999999999887,0.570635863468051,0.7768081426620483,0.055,0.98
653,27,0.10576923076913046,0.055837563451776616,0.9999999999999887,0.5705387751758099,0.7743057608604431,0.055,0.985
654,27,0.10576923076913046,0.055837563451776616,0.9999999999999887,0.5705751233175397,0.7711458802223206,0.055,0.985
655,27,0.10570570570560545,0.055802155992390585,0.9999999999999887,0.5706835926324129,0.7758015394210815,0.055,0.985625
656,27,0.10551558752987593,0.05569620253164554,0.9999999999999887,0.5707558964192867,0.7766576409339905,0.055,0.9875
657,27,0.10532615200468765,0.055590650663297506,0.9999999999999887,0.5706986675783992,0.7832834124565125,0.055,0.989375
658,27,0.10564225690266092,0.05576679340937893,0.9999999999999887,0.5707478193752468,0.7951288819313049,0.055,0.98625
659,27,0.10564225690266092,0.05576679340937893,0.9999999999999887,0.5708199698105454,0.790311336517334,0.055,0.98625
660,27,0.10583283223080762,0.05587301587301584,0.9999999999999887,0.5707558937184513,0.780495822429657,0.055,0.984375
661,27,0.10621605310792584,0.05608667941363923,0.9999999999999887,0.5708403520099818,0.7765291333198547,0.055,0.980625
662,27,0.10628019323661421,0.0561224489795918,0.9999999999999887,0.57068877434358,0.7769370675086975,0.055,0.98
663,27,0.10507246376801625,0.05544933078393878,0.9999999999999886,0.5706763596832752,0.7810783982276917,0.054375,0.980625
664,27,0.09367396593665026,0.04913848117421822,0.9999999999999871,0.5706986354850233,0.788280189037323,0.048125,0.979375
665,27,0.09390243902430064,0.04926423544465768,0.9999999999999871,0.570692475065589,0.7812612056732178,0.048125,0.976875
666,27,0.09384521633141563,0.04923273657289,0.9999999999999871,0.5706275428459048,0.7782542705535889,0.048125,0.9775
667,27,0.0939597315435345,0.04929577464788729,0.9999999999999871,0.5705647724308074,0.7757514715194702,0.048125,0.97625
668,27,0.0940170940170043,0.049327354260089655,0.9999999999999871,0.5706110877357423,0.7773882746696472,0.048125,0.975625
669,27,0.09413202933976347,0.04939063502245026,0.9999999999999871,0.570661540683359,0.7800043225288391,0.048125,0.974375
670,27,0.09407452657290961,0.04935897435897433,0.9999999999999871,0.5706858163140714,0.7841909527778625,0.048125,0.975
671,27,0.09500609013389234,0.04987212276214831,0.9999999999999872,0.5707372859679163,0.776902973651886,0.04875,0.9775
672,27,0.10673135233464716,0.05637411915438818,0.9999999999999887,0.5707963840849698,0.7692390084266663,0.055,0.975625
673,27,0.10660205935786381,0.05630198336532306,0.9999999999999887,0.5708587912656367,0.7685719132423401,0.055,0.976875
674,27,0.10666666666656556,0.05633802816901405,0.9999999999999887,0.5709602859057487,0.7707573771476746,0.055,0.97625
675,27,0.10673135233464716,0.05637411915438818,0.9999999999999887,0.5710465972311795,0.7696340680122375,0.055,0.975625
676,27,0.10692588092334944,0.05648267008985876,0.9999999999999887,0.5710716535523533,0.7697387337684631,0.055,0.97375
677,27,0.10673135233464716,0.05637411915438818,0.9999999999999887,0.57097975673154,0.7650505304336548,0.055,0.975625
678,27,0.10686095931987444,0.05644644002565744,0.9999999999999887,0.5708778147026896,0.7607275247573853,0.055,0.974375
679,27,0.10692588092334944,0.05648267008985876,0.9999999999999887,0.570936706084758,0.7537680268287659,0.055,0.97375
680,27,0.10673135233464716,0.05637411915438818,0.9999999999999887,0.5710467582382261,0.758706271648407,0.055,0.975625
681,27,0.10686095931987444,0.05644644002565744,0.9999999999999887,0.5709469590149819,0.7607486248016357,0.055,0.974375
682,27,0.10660205935786381,0.05630198336532306,0.9999999999999887,0.5707843715697527,0.775266170501709,0.055,0.976875
683,27,0.10647307924974782,0.05623003194888176,0.9999999999999887,0.5707475549913943,0.7748757004737854,0.055,0.978125
684,27,0.10589651022853978,0.055908513341804286,0.9999999999999887,0.5706799410283565,0.7743284702301025,0.055,0.98375
685,27,0.10621605310792584,0.05608667941363923,0.9999999999999887,0.5706336564384401,0.7744902968406677,0.055,0.980625
686,27,0.10615199034971841,0.056050955414012706,0.9999999999999887,0.5707095663249493,0.7767762541770935,0.055,0.98125
687,27,0.10647307924974782,0.05623003194888176,0.9999999999999887,0.5707084094174206,0.7756263017654419,0.055,0.978125
688,27,0.10647307924974782,0.05623003194888176,0.9999999999999887,0.5706878688558936,0.7686453461647034,0.055,0.978125
689,27,0.10628019323661421,0.0561224489795918,0.9999999999999887,0.5707334572635591,0.7656424045562744,0.055,0.98
690,27,0.10666666666656556,0.05633802816901405,0.9999999999999887,0.5708010688610375,0.7515104413032532,0.055,0.97625
691,27,0.10686095931987444,0.05644644002565744,0.9999999999999887,0.5708583692088723,0.7522894144058228,0.055,0.974375
692,27,0.10705596107045817,0.056555269922879146,0.9999999999999887,0.5708522291481495,0.752043604850769,0.055,0.9725
693,27,0.10699088145886516,0.05651894669235706,0.9999999999999887,0.5708385762386023,0.7510910630226135,0.055,0.973125
694,27,0.10686095931987444,0.05644644002565744,0.9999999999999887,0.5708377950824797,0.7500416040420532,0.055,0.974375
695,27,0.10673135233464716,0.05637411915438818,0.9999999999999887,0.5706018124707043,0.7506940364837646,0.055,0.975625
696,27,0.10679611650475314,0.056410256410256376,0.9999999999999887,0.57065233733505,0.7544427514076233,0.055,0.975
697,27,0.10699088145886516,0.05651894669235706,0.9999999999999887,0.5706859374791384,0.7534767389297485,0.055,0.973125
698,27,0.10692588092334944,0.05648267008985876,0.9999999999999887,0.5707365670055151,0.7506573796272278,0.055,0.97375
699,27,0.10640870616676731,0.056194125159642366,0.9999999999999887,0.5707230794802308,0.7499658465385437,0.055,0.97875
700,27,0.10640870616676731,0.056194125159642366,0.9999999999999887,0.5706250501424074,0.7516372203826904,0.055,0.97875
701,27,0.10660205935786381,0.05630198336532306,0.9999999999999887,0.5706010142341256,0.7537755370140076,0.055,0.976875
702,27,0.10628019323661421,0.0561224489795918,0.9999999999999887,0.570241682715714,0.7553783655166626,0.055,0.98
703,27,0.10666666666656556,0.05633802816901405,0.9999999999999887,0.5703512881696224,0.7674512267112732,0.055,0.97625
704,27,0.10634441087603211,0.05615826419910654,0.9999999999999887,0.5703967689722776,0.7673065066337585,0.055,0.979375
705,27,0.10640870616676731,0.056194125159642366,0.9999999999999887,0.5706035127490758,0.770278811454773,0.055,0.97875
706,27,0.10615199034971841,0.056050955414012706,0.9999999999999887,0.5705212132073939,0.7757000923156738,0.055,0.98125
707,27,0.10608800482208144,0.05601527689369825,0.9999999999999887,0.5706064091809094,0.7829141616821289,0.055,0.981875
708,27,0.10608800482208144,0.05601527689369825,0.9999999999999887,0.5704985054396093,0.7791343331336975,0.055,0.981875
709,27,0.10589651022853978,0.055908513341804286,0.9999999999999887,0.5703934620693326,0.7726678252220154,0.055,0.98375
710,27,0.10596026490056178,0.05594405594405591,0.9999999999999887,0.5704077262617647,0.7589223980903625,0.055,0.983125
711,27,0.10583283223080762,0.05587301587301584,0.9999999999999887,0.5704343184269964,0.7589519023895264,0.055,0.984375
712,27,0.10634441087603211,0.05615826419910654,0.9999999999999887,0.570562218092382,0.7602812051773071,0.055,0.979375
713,27,0.10628019323661421,0.0561224489795918,0.9999999999999887,0.5705032917670906,0.7594199776649475,0.055,0.98
714,27,0.10647307924974782,0.05623003194888176,0.9999999999999887,0.5706573325581848,0.7690572142601013,0.055,0.978125
715,27,0.10640870616676731,0.056194125159642366,0.9999999999999887,0.5707611319050193,0.7633545994758606,0.055,0.97875
716,27,0.10673135233464716,0.05637411915438818,0.9999999999999887,0.570801458414644,0.7647796273231506,0.055,0.975625
717,27,0.10686095931987444,0.05644644002565744,0.9999999999999887,0.5707997794635594,0.7680708169937134,0.055,0.974375
718,27,0.10712111990251565,0.056591639871382604,0.9999999999999887,0.5706582373194397,0.7704616785049438,0.055,0.971875
719,27,0.10712111990251565,0.056591639871382604,0.9999999999999887,0.5706034678593278,0.767962634563446,0.055,0.971875
720,27,0.10679611650475314,0.056410256410256376,0.9999999999999887,0.5706485722959042,0.7676408886909485,0.055,0.975
721,27,0.10679611650475314,0.056410256410256376,0.9999999999999887,0.570561638455838,0.7658876180648804,0.055,0.975
722,27,0.09896151496630776,0.052056555269922845,0.9999999999999877,0.57070894530043,0.7695410251617432,0.050625,0.9725
723,27,0.09447852760727182,0.04958145524790725,0.9999999999999871,0.5707618587091565,0.7712177634239197,0.048125,0.970625
724,27,0.09442060085827902,0.04954954954954952,0.9999999999999871,0.570726478677243,0.7689232230186462,0.048125,0.97125
725,27,0.09430496019586837,0.04948586118251925,0.9999999999999871,0.5707371678203345,0.7692140340805054,0.048125,0.9725
726,27,0.09436274509794917,0.04951768488745978,0.9999999999999871,0.570778321120888,0.7655084133148193,0.048125,0.971875
727,27,0.09436274509794917,0.04951768488745978,0.9999999999999871,0.5708736476488412,0.770138680934906,0.048125,0.971875
728,27,0.09465273509517708,0.04967741935483868,0.9999999999999871,0.5709097577817738,0.7720347046852112,0.048125,0.96875
729,27,0.09465273509517708,0.04967741935483868,0.9999999999999871,0.5709261566027999,0.7751214504241943,0.048125,0.96875
730,27,0.10268948655246969,0.05412371134020615,0.9999999999999881,0.5708137880638242,0.7689369320869446,0.0525,0.97
731,27,0.10712111990251565,0.056591639871382604,0.9999999999999887,0.5707351671345532,0.7681037783622742,0.055,0.971875
732,27,0.10705596107045817,0.056555269922879146,0.9999999999999887,0.5707621718943119,0.766038715839386,0.055,0.9725
733,27,0.10731707317063,0.05670103092783502,0.9999999999999887,0.5708990815095604,0.7645143866539001,0.055,0.97
734,27,0.10725167580733287,0.05666452028332257,0.9999999999999887,0.5708688524179161,0.7680031657218933,0.055,0.970625
735,27,0.10718635809977663,0.056628056628056596,0.9999999999999887,0.5707760881446302,0.7652133107185364,0.055,0.97125
736,27,0.10692588092334944,0.05648267008985876,0.9999999999999887,0.5706876562722027,0.7594110369682312,0.055,0.97375
737,27,0.10673135233464716,0.05637411915438818,0.9999999999999887,0.570587465390563,0.7566761374473572,0.055,0.975625
738,27,0.10660205935786381,0.05630198336532306,0.9999999999999887,0.5706373216584325,0.7551717758178711,0.055,0.976875
739,27,0.10679611650475314,0.056410256410256376,0.9999999999999887,0.5706624247133731,0.7594851851463318,0.055,0.975
740,27,0.10699088145886516,0.05651894669235706,0.9999999999999887,0.5706541557610035,0.7607272863388062,0.055,0.973125
741,27,0.10666666666656556,0.05633802816901405,0.9999999999999887,0.5705771063454449,0.7708351612091064,0.055,0.97625
742,27,0.10660205935786381,0.05630198336532306,0.9999999999999887,0.5705526342988014,0.7672096490859985,0.055,0.976875
743,27,0.10653753026624282,0.05626598465473143,0.9999999999999887,0.5705583740025759,0.766329288482666,0.055,0.9775
744,27,0.10673135233464716,0.05637411915438818,0.9999999999999887,0.5706721753813326,0.7687506079673767,0.055,0.975625
745,27,0.10686095931987444,0.05644644002565744,0.9999999999999887,0.5707464585825801,0.772623598575592,0.055,0.974375
746,27,0.10686095931987444,0.05644644002565744,0.9999999999999887,0.5707169947400689,0.7716615200042725,0.055,0.974375
747,27,0.10660205935786381,0.05630198336532306,0.9999999999999887,0.5706588280014694,0.7679792642593384,0.055,0.976875
748,27,0.10621605310792584,0.05608667941363923,0.9999999999999887,0.5706794011220336,0.7678489685058594,0.055,0.980625
749,27,0.10647307924974782,0.05623003194888176,0.9999999999999887,0.5707523798197508,0.7705878019332886,0.055,0.978125
750,27,0.10653753026624282,0.05626598465473143,0.9999999999999887,0.5707163105346262,0.773673415184021,0.055,0.9775
751,27,0.10673135233464716,0.05637411915438818,0.9999999999999887,0.5707809348031878,0.7787767052650452,0.055,0.975625
752,27,0.10679611650475314,0.056410256410256376,0.9999999999999887,0.5706904014386237,0.7822597622871399,0.055,0.975
753,27,0.10679611650475314,0.056410256410256376,0.9999999999999887,0.5706956695392728,0.7831330299377441,0.055,0.975
754,27,0.10692588092334944,0.05648267008985876,0.9999999999999887,0.5707810861244798,0.7863418459892273,0.055,0.97375
755,27,0.10705596107045817,0.056555269922879146,0.9999999999999887,0.5708166277036071,0.7727060317993164,0.055,0.9725
756,27,0.10744810744800565,0.056774193548387065,0.9999999999999887,0.5708228745870292,0.7716571688652039,0.055,0.96875
757,27,0.10738255033546872,0.05673758865248223,0.9999999999999887,0.5708485529199243,0.7712913751602173,0.055,0.969375
758,27,0.10699088145886516,0.05651894669235706,0.9999999999999887,0.5708471187390387,0.7711583375930786,0.055,0.973125
759,27,0.10692588092334944,0.05648267008985876,0.9999999999999887,0.5707855323143304,0.7738294005393982,0.055,0.97375
760,27,0.10673135233464716,0.05637411915438818,0.9999999999999887,0.5706067541241646,0.7768692970275879,0.055,0.975625
761,27,0.10634441087603211,0.05615826419910654,0.9999999999999887,0.5704257460311055,0.7885435819625854,0.055,0.979375
762,27,0.10615199034971841,0.056050955414012706,0.9999999999999887,0.5703995929285884,0.7847453355789185,0.055,0.98125
763,27,0.10602409638544164,0.055979643765903274,0.9999999999999887,0.5704790713824331,0.7886456251144409,0.055,0.9825
764,27,0.10602409638544164,0.055979643765903274,0.9999999999999887,0.570464284978807,0.7900508046150208,0.055,0.9825
765,27,0.10621605310792584,0.05608667941363923,0.9999999999999887,0.5704621554166078,0.7985619306564331,0.055,0.980625
766,27,0.10615199034971841,0.056050955414012706,0.9999999999999887,0.5703695762902499,0.8044588565826416,0.055,0.98125
767,27,0.10615199034971841,0.056050955414012706,0.9999999999999887,0.570364384315908,0.8075425028800964,0.055,0.98125
768,27,0.10615199034971841,0.056050955414012706,0.9999999999999887,0.5702830211818218,0.8043547868728638,0.055,0.98125
769,27,0.10628019323661421,0.0561224489795918,0.9999999999999887,0.5701931468769907,0.7968458533287048,0.055,0.98
770,27,0.10608800482208144,0.05601527689369825,0.9999999999999887,0.5702948310412467,0.7944751381874084,0.055,0.981875
771,27,0.10615199034971841,0.056050955414012706,0.9999999999999887,0.5703704984858632,0.7934182286262512,0.055,0.98125
772,27,0.10634441087603211,0.05615826419910654,0.9999999999999887,0.5702174428664147,0.7974926829338074,0.055,0.979375
773,27,0.10640870616676731,0.056194125159642366,0.9999999999999887,0.5705139505304396,0.7988788485527039,0.055,0.97875
774,27,0.10660205935786381,0.05630198336532306,0.9999999999999887,0.5703896850161254,0.7950927019119263,0.055,0.976875
775,27,0.10628019323661421,0.0561224489795918,0.9999999999999887,0.5704686514474452,0.7897993922233582,0.055,0.98
776,27,0.10036275695274616,0.052832590706556305,0.999999999999988,0.5703574949130416,0.7778671383857727,0.051875,0.981875
777,27,0.0935033394048895,0.049044585987261115,0.9999999999999871,0.5704904870688915,0.7801095843315125,0.048125,0.98125
778,27,0.09384521633141563,0.04923273657289,0.9999999999999871,0.5704842476174236,0.783551037311554,0.048125,0.9775
779,27,0.09390243902430064,0.04926423544465768,0.9999999999999871,0.5705191124789417,0.7874676585197449,0.048125,0.976875
780,27,0.09384521633141563,0.04923273657289,0.9999999999999871,0.570576036721468,0.7873880863189697,0.048125,0.9775
781,27,0.09373097991470057,0.049169859514687074,0.9999999999999871,0.5704962138459087,0.7837409973144531,0.048125,0.97875
782,27,0.09333333333324424,0.048951048951048924,0.9999999999999871,0.5705305155366659,0.7739049196243286,0.048125,0.983125
783,27,0.09305135951652746,0.04879594423320656,0.9999999999999871,0.5706958057917655,0.7681705355644226,0.048125,0.98625
784,27,0.09915356710994191,0.052162849872773503,0.9999999999999879,0.5706642748229206,0.7702470421791077,0.05125,0.9825
785,27,0.10634441087603211,0.05615826419910654,0.9999999999999887,0.5707075127400458,0.7790234684944153,0.055,0.979375
786,27,0.10653753026624282,0.05626598465473143,0.9999999999999887,0.5706858000718057,0.7892311811447144,0.055,0.9775
787,27,0.10634441087603211,0.05615826419910654,0.9999999999999887,0.5706034100241959,0.7942640781402588,0.055,0.979375
788,27,0.10621605310792584,0.05608667941363923,0.9999999999999887,0.5705475530028343,0.7968930006027222,0.055,0.980625
789,27,0.10608800482208144,0.05601527689369825,0.9999999999999887,0.5704445723257959,0.7904033660888672,0.055,0.981875
790,27,0.10570570570560545,0.055802155992390585,0.9999999999999887,0.5705049388110638,0.7950533032417297,0.055,0.985625
791,27,0.10583283223080762,0.05587301587301584,0.9999999999999887,0.5703639341890812,0.7969502806663513,0.055,0.984375
792,27,0.10583283223080762,0.05587301587301584,0.9999999999999887,0.5703903311118483,0.7998435497283936,0.055,0.984375
793,27,0.10583283223080762,0.05587301587301584,0.9999999999999887,0.5703744514845311,0.8011682629585266,0.055,0.984375
794,27,0.10583283223080762,0.05587301587301584,0.9999999999999887,0.5703571265377104,0.8013880252838135,0.055,0.984375
795,27,0.10583283223080762,0.05587301587301584,0.9999999999999887,0.5703614317066967,0.8005279898643494,0.055,0.984375
796,27,0.10583283223080762,0.05587301587301584,0.9999999999999887,0.5703949653916061,0.7889939546585083,0.055,0.984375
797,27,0.10576923076913046,0.055837563451776616,0.9999999999999887,0.5703452639095485,0.7857546806335449,0.055,0.985
798,27,0.10621605310792584,0.05608667941363923,0.9999999999999887,0.5703387910872698,0.7844018340110779,0.055,0.980625
799,27,0.10615199034971841,0.056050955414012706,0.9999999999999887,0.5703623046912253,0.7901811599731445,0.055,0.98125
800,27,0.10596026490056178,0.05594405594405591,0.9999999999999887,0.5702759897336364,0.797615647315979,0.055,0.983125
801,27,0.10596026490056178,0.05594405594405591,0.9999999999999887,0.5702213417552412,0.8000796437263489,0.055,0.983125
802,27,0.10596026490056178,0.05594405594405591,0.9999999999999887,0.5702404838427901,0.7968035936355591,0.055,0.983125
803,27,0.10621605310792584,0.05608667941363923,0.9999999999999887,0.5701942942850292,0.7874041795730591,0.055,0.980625
804,27,0.10621605310792584,0.05608667941363923,0.9999999999999887,0.5701974218338728,0.787481427192688,0.055,0.980625
805,27,0.10596026490056178,0.05594405594405591,0.9999999999999887,0.5703217976167798,0.8007398247718811,0.055,0.983125
806,27,0.10576923076913046,0.055837563451776616,0.9999999999999887,0.5703224005177617,0.8125624656677246,0.055,0.985
807,27,0.10576923076913046,0.055837563451776616,0.9999999999999887,0.5702576694078744,0.8164486289024353,0.055,0.985
808,27,0.10576923076913046,0.055837563451776616,0.9999999999999887,0.5702420043945312,0.8170577883720398,0.055,0.985
809,27,0.10583283223080762,0.05587301587301584,0.9999999999999887,0.5702198726870119,0.8060394525527954,0.055,0.984375
810,27,0.10621605310792584,0.05608667941363923,0.9999999999999887,0.5702198677696287,0.7963151335716248,0.055,0.980625
811,27,0.10602409638544164,0.055979643765903274,0.9999999999999887,0.5704628452472389,0.7937756180763245,0.055,0.9825
812,27,0.10615199034971841,0.056050955414012706,0.9999999999999887,0.5704967465251685,0.8076165318489075,0.055,0.98125
813,27,0.10628019323661421,0.0561224489795918,0.9999999999999887,0.5704574710316956,0.8135064840316772,0.055,0.98
814,27,0.10634441087603211,0.05615826419910654,0.9999999999999887,0.5704312414862216,0.8095669150352478,0.055,0.979375
815,27,0.10602409638544164,0.055979643765903274,0.9999999999999887,0.5703353199921548,0.7961666584014893,0.055,0.9825
816,27,0.10596026490056178,0.05594405594405591,0.9999999999999887,0.5705159162916243,0.7904009222984314,0.055,0.983125
817,27,0.10602409638544164,0.055979643765903274,0.9999999999999887,0.5704999504424632,0.7992574572563171,0.055,0.9825
818,27,0.10647307924974782,0.05623003194888176,0.9999999999999887,0.570612529013306,0.8098405599594116,0.055,0.978125
819,27,0.10686095931987444,0.05644644002565744,0.9999999999999887,0.5705582122504711,0.8140236139297485,0.055,0.974375
820,27,0.10647307924974782,0.05623003194888176,0.9999999999999887,0.5704967231675983,0.7995043992996216,0.055,0.978125
821,27,0.10628019323661421,0.0561224489795918,0.9999999999999887,0.5704643001966179,0.7844330668449402,0.055,0.98
822,27,0.10653753026624282,0.05626598465473143,0.9999999999999887,0.5705140757746995,0.7876616716384888,0.055,0.9775
823,27,0.10705596107045817,0.056555269922879146,0.9999999999999887,0.5705855770595372,0.7987290024757385,0.055,0.9725
824,27,0.10751374465475458,0.05681084570690765,0.9999999999999887,0.570493479911238,0.8047010898590088,0.055,0.968125
825,27,0.10705596107045817,0.056555269922879146,0.9999999999999887,0.5704202277027071,0.7994430661201477,0.055,0.9725
826,27,0.10653753026624282,0.05626598465473143,0.9999999999999887,0.5704285549744964,0.7909151911735535,0.055,0.9775
827,27,0.10660205935786381,0.05630198336532306,0.9999999999999887,0.5705277766473591,0.7876450419425964,0.055,0.976875
828,27,0.10673135233464716,0.05637411915438818,0.9999999999999887,0.5705163653939962,0.8026112914085388,0.055,0.975625
829,27,0.10660205935786381,0.05630198336532306,0.9999999999999887,0.5704811431840062,0.8209406733512878,0.055,0.976875
830,27,0.10692588092334944,0.05648267008985876,0.9999999999999887,0.5704930507391691,0.8248026371002197,0.055,0.97375
831,27,0.10640870616676731,0.056194125159642366,0.9999999999999887,0.5704811084084213,0.8233924508094788,0.055,0.97875
832,27,0.10596026490056178,0.05594405594405591,0.9999999999999887,0.570279241669923,0.8053174018859863,0.055,0.983125
833,27,0.10621605310792584,0.05608667941363923,0.9999999999999887,0.570405028257519,0.7988283038139343,0.055,0.980625
834,27,0.10640870616676731,0.056194125159642366,0.9999999999999887,0.5704631005786359,0.8101999163627625,0.055,0.97875
835,27,0.10628019323661421,0.0561224489795918,0.9999999999999887,0.5701636751368642,0.8171393275260925,0.055,0.98
836,27,0.10608800482208144,0.05601527689369825,0.9999999999999887,0.5703683774359525,0.8085615038871765,0.055,0.981875
837,27,0.10583283223080762,0.05587301587301584,0.9999999999999887,0.5703778946772218,0.7928835153579712,0.055,0.984375
838,27,0.10583283223080762,0.05587301587301584,0.9999999999999887,0.5703623262606561,0.7871225476264954,0.055,0.984375
839,27,0.10596026490056178,0.05594405594405591,0.9999999999999887,0.5703362799435854,0.7892763018608093,0.055,0.983125
840,27,0.10608800482208144,0.05601527689369825,0.9999999999999887,0.5702920410595834,0.8056004047393799,0.055,0.981875
841,27,0.10615199034971841,0.056050955414012706,0.9999999999999887,0.570605792235583,0.8128396272659302,0.055,0.98125
842,27,0.10596026490056178,0.05594405594405591,0.9999999999999887,0.5705093458294869,0.8023238778114319,0.055,0.983125
843,27,0.10602409638544164,0.055979643765903274,0.9999999999999887,0.5703698211535811,0.7911666035652161,0.055,0.9825
844,27,0.10602409638544164,0.055979643765903274,0.9999999999999887,0.5703537054918706,0.7956321239471436,0.055,0.9825
845,27,0.10589651022853978,0.055908513341804286,0.9999999999999887,0.5704237031005323,0.8089814186096191,0.055,0.98375
846,27,0.10608800482208144,0.05601527689369825,0.9999999999999887,0.5704601873271167,0.8120784759521484,0.055,0.981875
847,27,0.10570570570560545,0.055802155992390585,0.9999999999999887,0.5705518213659525,0.8046319484710693,0.055,0.985625
848,27,0.10576923076913046,0.055837563451776616,0.9999999999999887,0.5705475409515202,0.7908616662025452,0.055,0.985
849,27,0.10570570570560545,0.055802155992390585,0.9999999999999887,0.5703533973731101,0.7864699363708496,0.055,0.985625
850,27,0.10570570570560545,0.055802155992390585,0.9999999999999887,0.5702931728772819,0.8006648421287537,0.055,0.985625
851,27,0.0931076178959208,0.04882688649334176,0.9999999999999871,0.5703730229660868,0.8127598166465759,0.048125,0.985625
852,27,0.10576923076913046,0.055837563451776616,0.9999999999999887,0.5703901220858097,0.810362696647644,0.055,0.985
853,27,0.10570570570560545,0.055802155992390585,0.9999999999999887,0.5703042964637279,0.7954134941101074,0.055,0.985625
854,27,0.10583283223080762,0.05587301587301584,0.9999999999999887,0.5702794936113059,0.790385901927948,0.055,0.984375
855,27,0.10589651022853978,0.055908513341804286,0.9999999999999887,0.5702186448685825,0.7960999608039856,0.055,0.98375
856,27,0.10628019323661421,0.0561224489795918,0.9999999999999887,0.5701104652509094,0.802321195602417,0.055,0.98
857,27,0.10628019323661421,0.0561224489795918,0.9999999999999887,0.5703659248910844,0.8115349411964417,0.055,0.98
858,27,0.10634441087603211,0.05615826419910654,0.9999999999999887,0.5703719701245427,0.8014482259750366,0.055,0.979375
859,27,0.11849192100527439,0.06297709923664119,0.9999999999999899,0.570403132867068,0.7996873259544373,0.061875,0.9825
860,27,0.10628019323661421,0.0561224489795918,0.9999999999999887,0.5702395107410848,0.8033115267753601,0.055,0.98
861,27,0.10309278350505675,0.05434782608695649,0.9999999999999883,0.570337158292532,0.8044694066047668,0.053125,0.9775
862,27,0.09791921664617358,0.05148005148005145,0.9999999999999876,0.5705068720690906,0.8153813481330872,0.05,0.97125
863,27,0.09476923076914037,0.049741602067183435,0.9999999999999871,0.5705662131495773,0.8154489994049072,0.048125,0.9675
864,27,0.09482758620680609,0.049773755656108566,0.9999999999999871,0.5705872640945018,0.813663899898529,0.048125,0.966875
865,27,0.09476923076914037,0.049741602067183435,0.9999999999999871,0.5706282059848309,0.8145403861999512,0.048125,0.9675
866,27,0.10712111990251565,0.056591639871382604,0.9999999999999887,0.570657162424177,0.8002641201019287,0.055,0.971875
867,27,0.10731707317063,0.05670103092783502,0.9999999999999887,0.5707555117271841,0.8098457455635071,0.055,0.97
868,27,0.10757946210258756,0.05684754521963821,0.9999999999999887,0.5706761427223682,0.8060730695724487,0.055,0.9675
869,27,0.10751374465475458,0.05681084570690765,0.9999999999999887,0.570694690514356,0.7982232570648193,0.055,0.968125
870,27,0.10738255033546872,0.05673758865248223,0.9999999999999887,0.5707862156443297,0.7990697026252747,0.055,0.969375
871,27,0.10705596107045817,0.056555269922879146,0.9999999999999887,0.5707408665120601,0.7956236600875854,0.055,0.9725
872,27,0.10692588092334944,0.05648267008985876,0.9999999999999887,0.5707567324861884,0.7900893688201904,0.055,0.97375
873,27,0.10673135233464716,0.05637411915438818,0.9999999999999887,0.5706837216578424,0.7887285947799683,0.055,0.975625
874,27,0.10699088145886516,0.05651894669235706,0.9999999999999887,0.5708339376561343,0.771332859992981,0.055,0.973125
875,27,0.10705596107045817,0.056555269922879146,0.9999999999999887,0.57069181015715,0.7681183815002441,0.055,0.9725
876,27,0.10712111990251565,0.056591639871382604,0.9999999999999887,0.5709436560794711,0.7652285099029541,0.055,0.971875
877,27,0.10686095931987444,0.05644644002565744,0.9999999999999887,0.5708893643319607,0.77303546667099,0.055,0.974375
878,27,0.10647307924974782,0.05623003194888176,0.9999999999999887,0.5709039547294378,0.7677295207977295,0.055,0.978125
879,27,0.10640870616676731,0.056194125159642366,0.9999999999999887,0.5708131116256118,0.775140643119812,0.055,0.97875
880,27,0.10628019323661421,0.0561224489795918,0.9999999999999887,0.57062385533005,0.7828414440155029,0.055,0.98
881,27,0.10653753026624282,0.05626598465473143,0.9999999999999887,0.5707305231317877,0.7818977236747742,0.055,0.9775
882,27,0.10449574726600047,0.0551282051282051,0.9999999999999885,0.5705800353735685,0.7804163694381714,0.05375,0.975
883,27,0.09622411693048077,0.05054382597568775,0.9999999999999875,0.5706140731275081,0.7851394414901733,0.049375,0.976875
884,27,0.0948328267476299,0.04977664326738989,0.9999999999999872,0.5704040666855872,0.8063784837722778,0.04875,0.979375
885,27,0.09384521633141563,0.04923273657289,0.9999999999999871,0.5704547208361328,0.7986537218093872,0.048125,0.9775
886,27,0.09367396593665026,0.04913848117421822,0.9999999999999871,0.5703885892592371,0.8065763711929321,0.048125,0.979375
887,27,0.09407452657290961,0.04935897435897433,0.9999999999999871,0.5705172795802355,0.8113086819648743,0.048125,0.975
888,27,0.0940170940170043,0.049327354260089655,0.9999999999999871,0.5705416456051171,0.8112861514091492,0.048125,0.975625
889,27,0.09378806333730393,0.04920127795527154,0.9999999999999871,0.5705452421307564,0.8059058785438538,0.048125,0.978125
890,27,0.0956995760144454,0.05025445292620862,0.9999999999999875,0.5704511513747275,0.8002817630767822,0.049375,0.9825
891,27,0.10380205190092741,0.05474220241884147,0.9999999999999885,0.5704303674027323,0.800483763217926,0.05375,0.981875
892,27,0.10519951632396309,0.055520102105934874,0.9999999999999886,0.5706069369614124,0.783414363861084,0.054375,0.979375
893,27,0.10679611650475314,0.056410256410256376,0.9999999999999887,0.5707133272662759,0.7929069995880127,0.055,0.975
894,27,0.10679611650475314,0.056410256410256376,0.9999999999999887,0.5705958030559123,0.788135290145874,0.055,0.975
895,27,0.10608800482208144,0.05601527689369825,0.9999999999999887,0.5705094828084111,0.7822019457817078,0.055,0.981875
896,27,0.10602409638544164,0.055979643765903274,0.9999999999999887,0.5705574762634933,0.7825310826301575,0.055,0.9825
897,27,0.10660205935786381,0.05630198336532306,0.9999999999999887,0.5706900538131595,0.7872922420501709,0.055,0.976875
898,27,0.10679611650475314,0.056410256410256376,0.9999999999999887,0.5706980819441378,0.7834057211875916,0.055,0.975
899,27,0.10705596107045817,0.056555269922879146,0.9999999999999887,0.5708513104915619,0.7808370590209961,0.055,0.9725
900,27,0.10705596107045817,0.056555269922879146,0.9999999999999887,0.5707936913333833,0.7807639837265015,0.055,0.9725
901,27,0.10666666666656556,0.05633802816901405,0.9999999999999887,0.5707194232940673,0.7809375524520874,0.055,0.97625
902,27,0.10692588092334944,0.05648267008985876,0.9999999999999887,0.5708767498657107,0.7824799418449402,0.055,0.97375
903,27,0.10725167580733287,0.05666452028332257,0.9999999999999887,0.5709344473294914,0.7551248669624329,0.055,0.970625
904,27,0.12014563106784808,0.06391220142027111,0.9999999999999899,0.5708786590956152,0.7540016770362854,0.061875,0.968125
905,27,0.10615199034971841,0.056050955414012706,0.9999999999999887,0.5706607417948544,0.7890750765800476,0.055,0.98125
906,27,0.10647307924974782,0.05623003194888176,0.9999999999999887,0.5707367548719049,0.7883260846138,0.055,0.978125
907,27,0.10807528840305489,0.05712451861360716,0.9999999999999888,0.570731804985553,0.7892299294471741,0.055625,0.97375
908,27,0.11920529801313277,0.0633802816901408,0.9999999999999899,0.5705877609178424,0.7897230982780457,0.061875,0.97625
909,27,0.11949305974641738,0.0635430038510911,0.9999999999999899,0.5706397273764015,0.7873748540878296,0.061875,0.97375
910,27,0.12007277137647887,0.06387096774193544,0.9999999999999899,0.5707527792081237,0.7528205513954163,0.061875,0.96875
911,27,0.12051125989033092,0.06411917098445592,0.9999999999999899,0.5707618936710059,0.7567234635353088,0.061875,0.965
912,27,0.12014563106784808,0.06391220142027111,0.9999999999999899,0.5704010201245546,0.7474998831748962,0.061875,0.968125
913,27,0.11985472154952401,0.06374758531873789,0.9999999999999899,0.5705800525285304,0.7498961091041565,0.061875,0.970625
914,27,0.11963746223553694,0.06362467866323904,0.9999999999999899,0.5705303371325136,0.7453139424324036,0.061875,0.9725
915,27,0.11871592973944,0.06310367031551832,0.9999999999999899,0.5706659385189414,0.7299347519874573,0.06125,0.970625
916,27,0.10751374465475458,0.05681084570690765,0.9999999999999887,0.5706712761893868,0.7290043830871582,0.055,0.968125
917,27,0.10744810744800565,0.056774193548387065,0.9999999999999887,0.570634219199419,0.7332940697669983,0.055,0.96875
918,27,0.10692588092334944,0.05648267008985876,0.9999999999999887,0.5705883459188044,0.7365198731422424,0.055,0.97375
919,27,0.10692588092334944,0.05648267008985876,0.9999999999999887,0.5705239618755877,0.735580563545227,0.055,0.97375
920,27,0.10725167580733287,0.05666452028332257,0.9999999999999887,0.5705960964411497,0.7367550134658813,0.055,0.970625
921,27,0.10764525993873593,0.05688429217840979,0.9999999999999887,0.5706280504539609,0.7332049608230591,0.055,0.966875
922,27,0.10755287009053253,0.056832694763729215,0.9999999999999888,0.570511891618371,0.7870810031890869,0.055625,0.97875
923,27,0.112251056125422,0.059462915601022986,0.9999999999999893,0.5704723394662142,0.7906299233436584,0.058125,0.9775
924,27,0.11601208459203557,0.06157793457344448,0.9999999999999897,0.5704237675480545,0.7833374738693237,0.06,0.974375
925,27,0.11949305974641738,0.0635430038510911,0.9999999999999899,0.5704689727537334,0.7839145064353943,0.061875,0.97375
926,27,0.13142174432484716,0.07033248081841428,0.999999999999991,0.570491611585021,0.7822790145874023,0.06875,0.9775
927,27,0.13110846245518126,0.07015306122448975,0.999999999999991,0.5704288669489324,0.7810502052307129,0.06875,0.98
928,27,0.13134328358196667,0.07028753993610219,0.999999999999991,0.5703928650356829,0.776983380317688,0.06875,0.978125
929,27,0.13142174432484716,0.07033248081841428,0.999999999999991,0.570712351705879,0.7468000650405884,0.06875,0.9775
930,27,0.1309309309308084,0.07005141388174803,0.9999999999999909,0.5706501361913979,0.7346028685569763,0.068125,0.9725
931,27,0.12688821752253962,0.06774193548387093,0.9999999999999906,0.5707054513692856,0.7322468161582947,0.065625,0.96875
932,27,0.12296564195286817,0.06551059730250477,0.9999999999999902,0.570745610576123,0.7375679016113281,0.06375,0.973125
933,27,0.11963746223553694,0.06362467866323904,0.9999999999999899,0.5707887542806566,0.735255777835846,0.061875,0.9725
934,27,0.10731707317063,0.05670103092783502,0.9999999999999887,0.5706283776089549,0.7379001379013062,0.055,0.97
935,27,0.10725167580733287,0.05666452028332257,0.9999999999999887,0.5706934109330177,0.764146089553833,0.055,0.970625
936,27,0.10718635809977663,0.056628056628056596,0.9999999999999887,0.5708330528251827,0.7669293284416199,0.055,0.97125
937,27,0.10699088145886516,0.05651894669235706,0.9999999999999887,0.5707845001667738,0.7752496004104614,0.055,0.973125
938,27,0.10705596107045817,0.056555269922879146,0.9999999999999887,0.5708045574836433,0.7783805727958679,0.055,0.9725
939,27,0.10712111990251565,0.056591639871382604,0.9999999999999887,0.5709197335876525,0.7811254262924194,0.055,0.971875
940,27,0.10718635809977663,0.056628056628056596,0.9999999999999887,0.5709692621789872,0.7768378853797913,0.055,0.97125
941,27,0.10640870616676731,0.056194125159642366,0.9999999999999887,0.5708151748590171,0.7777436971664429,0.055,0.97875
942,27,0.10608800482208144,0.05601527689369825,0.9999999999999887,0.5707817016355693,0.780032753944397,0.055,0.981875
943,27,0.10686095931987444,0.05644644002565744,0.9999999999999887,0.5708771017380059,0.784214973449707,0.055,0.974375
944,27,0.10705596107045817,0.056555269922879146,0.9999999999999887,0.5708099542744458,0.7876865863800049,0.055,0.9725
945,27,0.10731707317063,0.05670103092783502,0.9999999999999887,0.5706082001514733,0.7796816229820251,0.055,0.97
946,27,0.10666666666656556,0.05633802816901405,0.9999999999999887,0.5704855993203819,0.7853362560272217,0.055,0.97625
947,27,0.10666666666656556,0.05633802816901405,0.9999999999999887,0.5704628597013652,0.7866969704627991,0.055,0.97625
948,27,0.10666666666656556,0.05633802816901405,0.9999999999999887,0.5705605790577829,0.7861058115959167,0.055,0.97625
949,27,0.10757946210258756,0.05684754521963821,0.9999999999999887,0.5706002594716847,0.7891637086868286,0.055,0.9675
950,27,0.10757946210258756,0.05684754521963821,0.9999999999999887,0.5705682803317904,0.7881757616996765,0.055,0.9675
951,27,0.11543134872407092,0.06125080593165696,0.9999999999999896,0.570454581156373,0.7829726338386536,0.059375,0.969375
952,27,0.11956521739119179,0.0635838150289017,0.9999999999999899,0.5705135585553944,0.7824280858039856,0.061875,0.973125
953,27,0.11949305974641738,0.0635430038510911,0.9999999999999899,0.5706259794533253,0.7857386469841003,0.061875,0.97375
954,27,0.11956521739119179,0.0635838150289017,0.9999999999999899,0.5707269813492895,0.7713394165039062,0.061875,0.973125
955,27,0.11985472154952401,0.06374758531873789,0.9999999999999899,0.5707111309841275,0.7684901356697083,0.061875,0.970625
956,27,0.11927710843362264,0.0634208840486867,0.9999999999999899,0.5706507883220912,0.7696599364280701,0.061875,0.975625
957,27,0.11891891891880693,0.06321839080459767,0.9999999999999899,0.5705503721162677,0.7711213827133179,0.061875,0.97875
958,27,0.11891891891880693,0.06321839080459767,0.9999999999999899,0.5705906029604375,0.7716979384422302,0.061875,0.97875
959,27,0.11111111111100605,0.05882352941176467,0.9999999999999892,0.5707005181722343,0.7665773630142212,0.0575,0.9775
960,27,0.10699088145886516,0.05651894669235706,0.9999999999999887,0.5707087469659746,0.7667234539985657,0.055,0.973125
961,27,0.10666666666656556,0.05633802816901405,0.9999999999999887,0.5708079408109188,0.7626668810844421,0.055,0.97625
962,27,0.10621605310792584,0.05608667941363923,0.9999999999999887,0.5707346205972135,0.7668696641921997,0.055,0.980625
963,27,0.10583283223080762,0.05587301587301584,0.9999999999999887,0.5707613714598119,0.7674639225006104,0.055,0.984375
964,27,0.10640870616676731,0.056194125159642366,0.9999999999999887,0.570660839471966,0.7645186185836792,0.055,0.97875
965,27,0.10666666666656556,0.05633802816901405,0.9999999999999887,0.5706971069797874,0.7639443874359131,0.055,0.97625
966,27,0.10673135233464716,0.05637411915438818,0.9999999999999887,0.5704981550946832,0.7567087411880493,0.055,0.975625
967,27,0.10660205935786381,0.05630198336532306,0.9999999999999887,0.5707668132148683,0.7702226638793945,0.055,0.976875
968,27,0.10615199034971841,0.056050955414012706,0.9999999999999887,0.5705841992236674,0.7768341898918152,0.055,0.98125
969,27,0.10666666666656556,0.05633802816901405,0.9999999999999887,0.5706837913021445,0.777778148651123,0.055,0.97625
970,27,0.10712111990251565,0.056591639871382604,0.9999999999999887,0.5706111549027264,0.7780126333236694,0.055,0.971875
971,27,0.10718635809977663,0.056628056628056596,0.9999999999999887,0.5705891121737658,0.7852694392204285,0.055,0.97125
972,27,0.10705596107045817,0.056555269922879146,0.9999999999999887,0.5704671380482614,0.7952622175216675,0.055,0.9725
973,27,0.10679611650475314,0.056410256410256376,0.9999999999999887,0.5703553424216807,0.7881246209144592,0.055,0.975
974,27,0.10628019323661421,0.0561224489795918,0.9999999999999887,0.5703756400942802,0.7836533784866333,0.055,0.98
975,27,0.10634441087603211,0.05615826419910654,0.9999999999999887,0.5704142936691642,0.7860103249549866,0.055,0.979375
976,27,0.10621605310792584,0.05608667941363923,0.9999999999999887,0.5704532193951308,0.7872309684753418,0.055,0.980625
977,27,0.10640870616676731,0.056194125159642366,0.9999999999999887,0.5703881160356105,0.7863170504570007,0.055,0.97875
978,27,0.10615199034971841,0.056050955414012706,0.9999999999999887,0.5703911506012083,0.7853264212608337,0.055,0.98125
979,27,0.10557888422305522,0.05573147561747938,0.9999999999999887,0.5703290940634906,0.7886286377906799,0.055,0.986875
980,27,0.10557888422305522,0.05573147561747938,0.9999999999999887,0.5702703696861863,0.7907941937446594,0.055,0.986875
981,27,0.10576923076913046,0.055837563451776616,0.9999999999999887,0.5704005493037403,0.7980958223342896,0.055,0.985
982,27,0.10615199034971841,0.056050955414012706,0.9999999999999887,0.5704575713723898,0.7957948446273804,0.055,0.98125
983,27,0.10615199034971841,0.056050955414012706,0.9999999999999887,0.5704560521990061,0.7948727607727051,0.055,0.98125
984,27,0.10596026490056178,0.05594405594405591,0.9999999999999887,0.5704399731010199,0.792370080947876,0.055,0.983125
985,27,0.10615199034971841,0.056050955414012706,0.9999999999999887,0.570514136441052,0.7933865189552307,0.055,0.98125
986,27,0.10615199034971841,0.056050955414012706,0.9999999999999887,0.5705240517109632,0.7954541444778442,0.055,0.98125
987,27,0.10653753026624282,0.05626598465473143,0.9999999999999887,0.5704535761661828,0.7929244637489319,0.055,0.9775
988,27,0.10705596107045817,0.056555269922879146,0.9999999999999887,0.5705118517205119,0.7900006771087646,0.055,0.9725
989,27,0.10686095931987444,0.05644644002565744,0.9999999999999887,0.5706711232475936,0.7927188277244568,0.055,0.974375
990,27,0.10673135233464716,0.05637411915438818,0.9999999999999887,0.5707352702133357,0.7922257781028748,0.055,0.975625
991,27,0.10673135233464716,0.05637411915438818,0.9999999999999887,0.5704881544783711,0.7929083704948425,0.055,0.975625
992,27,0.10686095931987444,0.05644644002565744,0.9999999999999887,0.5706160990335047,0.7839778661727905,0.055,0.974375
993,27,0.09436274509794917,0.04951768488745978,0.9999999999999871,0.5706001559272409,0.7721098065376282,0.048125,0.971875
994,27,0.09465273509517708,0.04967741935483868,0.9999999999999871,0.5706184894032776,0.7716343402862549,0.048125,0.96875
995,27,0.09436274509794917,0.04951768488745978,0.9999999999999871,0.5706344722025096,0.7752634286880493,0.048125,0.971875
996,27,0.09384521633141563,0.04923273657289,0.9999999999999871,0.5706185057759285,0.7766728401184082,0.048125,0.9775
997,27,0.0940170940170043,0.049327354260089655,0.9999999999999871,0.5705845961719751,0.7750975489616394,0.048125,0.975625
998,27,0.09384521633141563,0.04923273657289,0.9999999999999871,0.5706204698979854,0.7684869170188904,0.048125,0.9775
999,27,0.10653753026624282,0.05626598465473143,0.9999999999999887,0.5707716961950063,0.7673771381378174,0.055,0.9775
1000,27,0.10634441087603211,0.05615826419910654,0.9999999999999887,0.5707998634129763,0.7663646936416626,0.055,0.979375
1001,27,0.10628019323661421,0.0561224489795918,0.9999999999999887,0.5706679564900696,0.7922711968421936,0.055,0.98
1002,27,0.10640870616676731,0.056194125159642366,0.9999999999999887,0.570771197732538,0.7955529689788818,0.055,0.97875
1003,27,0.10628019323661421,0.0561224489795918,0.9999999999999887,0.5707849844358861,0.8056426048278809,0.055,0.98
1004,27,0.10673135233464716,0.05637411915438818,0.9999999999999887,0.5706931741535664,0.8024877309799194,0.055,0.975625
1005,27,0.10634441087603211,0.05615826419910654,0.9999999999999887,0.570568918865174,0.8006367087364197,0.055,0.979375
1006,27,0.10576923076913046,0.055837563451776616,0.9999999999999887,0.5705058707669377,0.7985132336616516,0.055,0.985
1007,27,0.10602409638544164,0.055979643765903274,0.9999999999999887,0.5705423587560654,0.7999641299247742,0.055,0.9825
1008,27,0.10608800482208144,0.05601527689369825,0.9999999999999887,0.5706333259679377,0.8128716945648193,0.055,0.981875
1009,27,0.10660205935786381,0.05630198336532306,0.9999999999999887,0.570583345592022,0.8118133544921875,0.055,0.976875
1010,27,0.10666666666656556,0.05633802816901405,0.9999999999999887,0.5705758985877037,0.8091571927070618,0.055,0.97625
1011,27,0.10634441087603211,0.05615826419910654,0.9999999999999887,0.5703369991667568,0.806128740310669,0.055,0.979375
1012,27,0.10576923076913046,0.055837563451776616,0.9999999999999887,0.5703928804583848,0.7960336804389954,0.055,0.985
1013,27,0.10615199034971841,0.056050955414012706,0.9999999999999887,0.5703976274654269,0.8001745343208313,0.055,0.98125
1014,27,0.10679611650475314,0.056410256410256376,0.9999999999999887,0.5704787520319223,0.8111206293106079,0.055,0.975
1015,27,0.10679611650475314,0.056410256410256376,0.9999999999999887,0.5704876122251153,0.8095314502716064,0.055,0.975
1016,27,0.10712111990251565,0.056591639871382604,0.9999999999999887,0.570459907297045,0.807049572467804,0.055,0.971875
1017,27,0.10640870616676731,0.056194125159642366,0.9999999999999887,0.570393957234919,0.7978882789611816,0.055,0.97875
1018,27,0.10647307924974782,0.05623003194888176,0.9999999999999887,0.5704465025663376,0.7971948385238647,0.055,0.978125
1019,27,0.10705596107045817,0.056555269922879146,0.9999999999999887,0.5706545633077621,0.7932009100914001,0.055,0.9725
1020,27,0.10653753026624282,0.05626598465473143,0.9999999999999887,0.5706917509436608,0.7953765392303467,0.055,0.9775
1021,27,0.10705596107045817,0.056555269922879146,0.9999999999999887,0.570594261214137,0.7889935374259949,0.055,0.9725
1022,27,0.10692588092334944,0.05648267008985876,0.9999999999999887,0.5706138357892633,0.7866926789283752,0.055,0.97375
1023,27,0.10647307924974782,0.05623003194888176,0.9999999999999887,0.5705227491259575,0.7827981114387512,0.055,0.978125
1024,27,0.10634441087603211,0.05615826419910654,0.9999999999999887,0.5705926562473178,0.7763975262641907,0.055,0.979375
1025,27,0.10608800482208144,0.05601527689369825,0.9999999999999887,0.570822066757828,0.7818040251731873,0.055,0.981875
1026,27,0.10596026490056178,0.05594405594405591,0.9999999999999887,0.5706853625364602,0.7823834419250488,0.055,0.983125
1027,27,0.10570570570560545,0.055802155992390585,0.9999999999999887,0.5707407589815557,0.7886397242546082,0.055,0.985625
1028,27,0.10545236668653868,0.05566097406704614,0.9999999999999887,0.570756599213928,0.782629668712616,0.055,0.988125
1029,27,0.10551558752987593,0.05569620253164554,0.9999999999999887,0.5705400833301246,0.7771115899085999,0.055,0.9875
1030,27,0.10551558752987593,0.05569620253164554,0.9999999999999887,0.570539817661047,0.7801228761672974,0.055,0.9875
1031,27,0.10576923076913046,0.055837563451776616,0.9999999999999887,0.5706105659157038,0.7888093590736389,0.055,0.985
1032,27,0.10628019323661421,0.0561224489795918,0.9999999999999887,0.5705982059054077,0.7989033460617065,0.055,0.98
1033,27,0.10640870616676731,0.056194125159642366,0.9999999999999887,0.5704756104946136,0.7980391979217529,0.055,0.97875
1034,27,0.09361702127649438,0.049454078355812434,0.8749999999999901,0.5703180156089366,0.7768774628639221,0.055,0.973125
1035,27,0.09443099273597651,0.04987212276214831,0.8863636363636264,0.5704542021267116,0.7671202421188354,0.055,0.9775
1036,27,0.09361702127649438,0.049454078355812434,0.8749999999999901,0.5705171639472246,0.7794408798217773,0.055,0.973125
1037,27,0.09442060085826691,0.049902786779001916,0.8749999999999901,0.570448011122644,0.7886404395103455,0.055,0.964375
1038,27,0.0947109471093686,0.050065019505851724,0.8749999999999901,0.5704078717157245,0.7839212417602539,0.055,0.96125
1039,27,0.09465273509516493,0.050032488628979827,0.8749999999999901,0.570496846549213,0.7817732095718384,0.055,0.961875
1040,27,0.09453652547564968,0.049967553536664475,0.8749999999999901,0.5704364039562643,0.7802714109420776,0.055,0.963125
1041,27,0.09418960244638122,0.049773755656108566,0.8749999999999901,0.5704407601431012,0.7787214517593384,0.055,0.966875
1042,27,0.10731707317063,0.05670103092783502,0.9999999999999887,0.5706410191953182,0.7740591168403625,0.055,0.97
1043,27,0.10666666666656556,0.05633802816901405,0.9999999999999887,0.5706345814652741,0.7877214550971985,0.055,0.97625
1044,27,0.10673135233464716,0.05637411915438818,0.9999999999999887,0.5705465893261135,0.7870112657546997,0.055,0.975625
1045,27,0.10686095931987444,0.05644644002565744,0.9999999999999887,0.5705181209370493,0.7923704981803894,0.055,0.974375
1046,27,0.10692588092334944,0.05648267008985876,0.9999999999999887,0.5706853869557381,0.7991066575050354,0.055,0.97375
1047,27,0.10686095931987444,0.05644644002565744,0.9999999999999887,0.5706801698170603,0.803726851940155,0.055,0.974375
1048,27,0.10564663023669398,0.05576923076923074,0.9999999999999886,0.5705659153312445,0.7935007214546204,0.054375,0.975
1049,27,0.09436274509794917,0.04951768488745978,0.9999999999999871,0.5708275123871863,0.798294186592102,0.048125,0.971875
1050,27,0.09465273509517708,0.04967741935483868,0.9999999999999871,0.570802110042423,0.8054326772689819,0.048125,0.96875
1051,27,0.09465273509517708,0.04967741935483868,0.9999999999999871,0.5706968270428479,0.7926751971244812,0.048125,0.96875
1052,27,0.09471094710938076,0.049709489993544194,0.9999999999999871,0.5706641553714872,0.7813720107078552,0.048125,0.968125
1053,27,0.10640870616676731,0.056194125159642366,0.9999999999999887,0.5705684765055775,0.7804996371269226,0.055,0.97875
1054,27,0.10686095931987444,0.05644644002565744,0.9999999999999887,0.5706558142974972,0.7802627682685852,0.055,0.974375
1055,27,0.10712111990251565,0.056591639871382604,0.9999999999999887,0.5705913672223687,0.7778797149658203,0.055,0.971875
1056,27,0.10692588092334944,0.05648267008985876,0.9999999999999887,0.5707137210480869,0.7852363586425781,0.055,0.97375
1057,27,0.10666666666656556,0.05633802816901405,0.9999999999999887,0.5704754933156073,0.7957887053489685,0.055,0.97625
1058,27,0.10309278350505675,0.05434782608695649,0.9999999999999883,0.5705962899886071,0.7938477993011475,0.053125,0.9775
1059,27,0.11070559610695126,0.058596265292981294,0.9999999999999891,0.570806300137192,0.7824928164482117,0.056875,0.970625
1060,27,0.10622710622700553,0.05609284332688585,0.9999999999999886,0.5707896022312343,0.7746834754943848,0.054375,0.969375
1061,27,0.10666666666656556,0.05633802816901405,0.9999999999999887,0.5707879619672894,0.7735411524772644,0.055,0.97625
1062,27,0.10699088145886516,0.05651894669235706,0.9999999999999887,0.5707691165246069,0.7745504379272461,0.055,0.973125
1063,27,0.10699088145886516,0.05651894669235706,0.9999999999999887,0.5705557764321566,0.7744409441947937,0.055,0.973125
1064,27,0.10660205935786381,0.05630198336532306,0.9999999999999887,0.570516009144485,0.7737120985984802,0.055,0.976875
1065,27,0.10660205935786381,0.05630198336532306,0.9999999999999887,0.5705315316468478,0.7738566994667053,0.055,0.976875
1066,27,0.10660205935786381,0.05630198336532306,0.9999999999999887,0.5706951013579965,0.7742093801498413,0.055,0.976875
1067,27,0.10679611650475314,0.056410256410256376,0.9999999999999887,0.5708661121502518,0.7653536200523376,0.055,0.975
1068,27,0.10679611650475314,0.056410256410256376,0.9999999999999887,0.5707449215836823,0.7623952031135559,0.055,0.975
1069,27,0.10731707317063,0.05670103092783502,0.9999999999999887,0.5706699191220105,0.7660056948661804,0.055,0.97
1070,27,0.10666666666656556,0.05633802816901405,0.9999999999999887,0.5706525779888034,0.7716183066368103,0.055,0.97625
1071,27,0.10608800482208144,0.05601527689369825,0.9999999999999887,0.5706438669934869,0.7721495628356934,0.055,0.981875
1072,27,0.10621605310792584,0.05608667941363923,0.9999999999999887,0.5706511771120131,0.775366485118866,0.055,0.980625
1073,27,0.10097323600963637,0.053171044202434306,0.999999999999988,0.5707283977232873,0.764571487903595,0.051875,0.975625
1074,27,0.0988407565587833,0.05198973042362,0.9999999999999877,0.5707160200364888,0.7572444081306458,0.050625,0.97375
1075,27,0.09866017052365761,0.05188981422165276,0.9999999999999877,0.5706486917100847,0.7633598446846008,0.050625,0.975625
1076,27,0.09593199757125039,0.05038265306122446,0.9999999999999875,0.570688404534012,0.7483846545219421,0.049375,0.98
1077,27,0.09344660194165838,0.049013367281985964,0.9999999999999871,0.5707445600256323,0.747004508972168,0.048125,0.981875
1078,27,0.09407452657290961,0.04935897435897433,0.9999999999999871,0.5707965153641998,0.749510645866394,0.048125,0.975
1079,27,0.09407452657290961,0.04935897435897433,0.9999999999999871,0.5709020405635238,0.7439464330673218,0.048125,0.975
1080,27,0.0940170940170043,0.049327354260089655,0.9999999999999871,0.5708416793122888,0.7429087162017822,0.048125,0.975625
1081,27,0.09975669099747199,0.052496798975672186,0.9999999999999879,0.570809294898063,0.7501078248023987,0.05125,0.97625
1082,27,0.1018799272285266,0.053674121405750765,0.9999999999999881,0.5708148587308824,0.7541524171829224,0.0525,0.978125
1083,27,0.10200364298715262,0.05374280230326293,0.9999999999999881,0.5708019272610545,0.7538194060325623,0.0525,0.976875
1084,27,0.10436893203873589,0.055057618437900094,0.9999999999999885,0.5707554729096591,0.7539758086204529,0.05375,0.97625
1085,27,0.10692588092334944,0.05648267008985876,0.9999999999999887,0.5708040921762586,0.7675191164016724,0.055,0.97375
1086,27,0.10666666666656556,0.05633802816901405,0.9999999999999887,0.5707404514402151,0.777214765548706,0.055,0.97625
1087,27,0.10634441087603211,0.05615826419910654,0.9999999999999887,0.5706510998681188,0.7851654291152954,0.055,0.979375
1088,27,0.10660205935786381,0.05630198336532306,0.9999999999999887,0.5706432750821113,0.7897982001304626,0.055,0.976875
1089,27,0.10660205935786381,0.05630198336532306,0.9999999999999887,0.5707055597193539,0.783564031124115,0.055,0.976875
1090,27,0.10705596107045817,0.056555269922879146,0.9999999999999887,0.5707966300100088,0.7722131013870239,0.055,0.9725
1091,27,0.10731707317063,0.05670103092783502,0.9999999999999887,0.5708456969447434,0.765065610408783,0.055,0.97
1092,27,0.10686095931987444,0.05644644002565744,0.9999999999999887,0.5708081762865186,0.7769857048988342,0.055,0.974375
1093,27,0.10679611650475314,0.056410256410256376,0.9999999999999887,0.5707533090561628,0.774912416934967,0.055,0.975
1094,27,0.10718635809977663,0.056628056628056596,0.9999999999999887,0.5706624882854521,0.7731146216392517,0.055,0.97125
1095,27,0.10725167580733287,0.05666452028332257,0.9999999999999887,0.5707857661135495,0.7589358687400818,0.055,0.970625
1096,27,0.10705596107045817,0.056555269922879146,0.9999999999999887,0.5708664614520967,0.7597246766090393,0.055,0.9725
1097,27,0.10673135233464716,0.05637411915438818,0.9999999999999887,0.5708273933269083,0.7713738679885864,0.055,0.975625
1098,27,0.10653753026624282,0.05626598465473143,0.9999999999999887,0.5707492258027196,0.7728761434555054,0.055,0.9775
1099,27,0.10621605310792584,0.05608667941363923,0.9999999999999887,0.5706926000490785,0.7677784562110901,0.055,0.980625
1100,27,0.10628019323661421,0.0561224489795918,0.9999999999999887,0.57068071231246,0.7688753604888916,0.055,0.98
1101,27,0.10634441087603211,0.05615826419910654,0.9999999999999887,0.5707696683891118,0.7640998959541321,0.055,0.979375
1102,27,0.10634441087603211,0.05615826419910654,0.9999999999999887,0.5708315540850163,0.7612100839614868,0.055,0.979375
1103,27,0.10628019323661421,0.0561224489795918,0.9999999999999887,0.5707551835291088,0.7524039149284363,0.055,0.98
1104,27,0.10628019323661421,0.0561224489795918,0.9999999999999887,0.5706940397806466,0.7582173347473145,0.055,0.98
1105,27,0.10608800482208144,0.05601527689369825,0.9999999999999887,0.5706414652615786,0.7638100981712341,0.055,0.981875
1106,27,0.10596026490056178,0.05594405594405591,0.9999999999999887,0.5707082036137581,0.7668523192405701,0.055,0.983125
1107,27,0.10634441087603211,0.05615826419910654,0.9999999999999887,0.5706210002303124,0.772717297077179,0.055,0.979375
1108,27,0.10653753026624282,0.05626598465473143,0.9999999999999887,0.5706275541894138,0.7664055824279785,0.055,0.9775
1109,27,0.10647307924974782,0.05623003194888176,0.9999999999999887,0.5707339956797659,0.7660885453224182,0.055,0.978125
1110,27,0.10608800482208144,0.05601527689369825,0.9999999999999887,0.570587778184563,0.792943000793457,0.055,0.981875
1111,27,0.10653753026624282,0.05626598465473143,0.9999999999999887,0.570632756203413,0.7910637855529785,0.055,0.9775
1112,27,0.10640870616676731,0.056194125159642366,0.9999999999999887,0.5705827072449029,0.8053259253501892,0.055,0.97875
1113,27,0.10634441087603211,0.05615826419910654,0.9999999999999887,0.5705211525410414,0.8061268925666809,0.055,0.979375
1114,27,0.10666666666656556,0.05633802816901405,0.9999999999999887,0.5706384766288102,0.7970572113990784,0.055,0.97625
1115,27,0.10673135233464716,0.05637411915438818,0.9999999999999887,0.5705332507751882,0.8010628819465637,0.055,0.975625
1116,27,0.10621605310792584,0.05608667941363923,0.9999999999999887,0.5705206818506121,0.8014974594116211,0.055,0.980625
1117,27,0.10647307924974782,0.05623003194888176,0.9999999999999887,0.5705111092142761,0.7882673740386963,0.055,0.978125
1118,27,0.10647307924974782,0.05623003194888176,0.9999999999999887,0.5705904528684914,0.7844998836517334,0.055,0.978125
1119,27,0.10615199034971841,0.056050955414012706,0.9999999999999887,0.5703740751929581,0.7910773754119873,0.055,0.98125
1120,27,0.10634441087603211,0.05615826419910654,0.9999999999999887,0.5707995599322021,0.7873495817184448,0.055,0.979375
1121,27,0.10686095931987444,0.05644644002565744,0.9999999999999887,0.570566965918988,0.7799072265625,0.055,0.974375
1122,27,0.10653753026624282,0.05626598465473143,0.9999999999999887,0.5705665788426996,0.7855426669120789,0.055,0.9775
1123,27,0.10621605310792584,0.05608667941363923,0.9999999999999887,0.5707082719542086,0.7805033326148987,0.055,0.980625
1124,27,0.10640870616676731,0.056194125159642366,0.9999999999999887,0.5706975261308253,0.7836950421333313,0.055,0.97875
1125,27,0.10634441087603211,0.05615826419910654,0.9999999999999887,0.570679744463414,0.7791798114776611,0.055,0.979375
1126,27,0.10699088145886516,0.05651894669235706,0.9999999999999887,0.5706945790722966,0.7688822150230408,0.055,0.973125
1127,27,0.10006101281259548,0.0526653821451509,0.9999999999999879,0.5707227781042457,0.7661244869232178,0.05125,0.973125
1128,27,0.09413202933976347,0.04939063502245026,0.9999999999999871,0.5706268534809351,0.7649329900741577,0.048125,0.974375
1129,27,0.09390243902430064,0.04926423544465768,0.9999999999999871,0.5707665457203984,0.776723325252533,0.048125,0.976875
1130,27,0.09430496019586837,0.04948586118251925,0.9999999999999871,0.5708505547232926,0.7746490836143494,0.048125,0.9725
1131,27,0.09436274509794917,0.04951768488745978,0.9999999999999871,0.570918962135911,0.760388970375061,0.048125,0.971875
1132,27,0.09482758620680609,0.049773755656108566,0.9999999999999871,0.571038187481463,0.7596552968025208,0.048125,0.966875
1133,27,0.09465273509517708,0.04967741935483868,0.9999999999999871,0.5709833980351686,0.7639680504798889,0.048125,0.96875
1134,27,0.0940170940170043,0.049327354260089655,0.9999999999999871,0.5711692316830158,0.7678766250610352,0.048125,0.975625
1135,27,0.10066707095199645,0.053001277139208144,0.999999999999988,0.571053854841739,0.7695504426956177,0.051875,0.97875
1136,27,0.10640870616676731,0.056194125159642366,0.9999999999999887,0.5711675206013024,0.7678952813148499,0.055,0.97875
1137,27,0.10653753026624282,0.05626598465473143,0.9999999999999887,0.5711278022266925,0.7626168727874756,0.055,0.9775
1138,27,0.10647307924974782,0.05623003194888176,0.9999999999999887,0.5709496515057981,0.7641791701316833,0.055,0.978125
1139,27,0.10589651022853978,0.055908513341804286,0.9999999999999887,0.570871321335435,0.764480471611023,0.055,0.98375
1140,27,0.10557888422305522,0.05573147561747938,0.9999999999999887,0.5708283588290215,0.7661394476890564,0.055,0.986875
1141,27,0.10557888422305522,0.05573147561747938,0.9999999999999887,0.5707800426892936,0.7668441534042358,0.055,0.986875
1142,27,0.10615199034971841,0.056050955414012706,0.9999999999999887,0.5705790741927922,0.7676982283592224,0.055,0.98125
1143,27,0.10647307924974782,0.05623003194888176,0.9999999999999887,0.5708064091391861,0.7705632448196411,0.055,0.978125
1144,28,0.09384521633141563,0.04923273657289,0.9999999999999871,0.5714319185726344,0.841262936592102,0.048125,0.9775
1145,28,0.09277108433726083,0.04864181933038532,0.9999999999999871,0.5712356498092412,0.8583718538284302,0.048125,0.989375
1146,28,0.09271523178799093,0.048611111111111084,0.9999999999999871,0.570890036392957,0.8657812476158142,0.048125,0.99
1147,28,0.09249249249240417,0.04848866498740551,0.9999999999999871,0.5700714276172221,0.9114318490028381,0.048125,0.9925
1148,28,0.08073394495405084,0.04206500956022942,0.9999999999999849,0.5721656426787376,0.7813048362731934,0.04125,0.980625
1149,28,0.09338993329281566,0.04898218829516537,0.9999999999999871,0.5721570554934442,0.786422073841095,0.048125,0.9825
1150,28,0.09356014580793014,0.04907584448693433,0.9999999999999871,0.5717860514484346,0.8037170171737671,0.048125,0.980625
1151,28,0.0935033394048895,0.049044585987261115,0.9999999999999871,0.5716370490565896,0.8006943464279175,0.048125,0.98125
1152,28,0.09356014580793014,0.04907584448693433,0.9999999999999871,0.5716132082045078,0.8019844889640808,0.048125,0.980625
1153,28,0.08083282302502949,0.042118698149329906,0.9999999999999849,0.5713776242174208,0.8004946708679199,0.04125,0.979375
1154,28,0.09305135951652746,0.04879594423320656,0.9999999999999871,0.5714992527663708,0.7890676259994507,0.048125,0.98625
1155,28,0.09305135951652746,0.04879594423320656,0.9999999999999871,0.5714052894897759,0.7874442338943481,0.048125,0.98625
1156,28,0.08098159509194673,0.04219948849104857,0.9999999999999849,0.5719784609973431,0.7840688824653625,0.04125,0.9775
1157,28,0.09260372820195607,0.048549810844892786,0.9999999999999871,0.571370595805347,0.7849681973457336,0.048125,0.99125
1158,28,0.09322033898296186,0.048888888888888864,0.9999999999999871,0.5713423871994019,0.7974365949630737,0.048125,0.984375
1159,28,0.10545236668653868,0.05566097406704614,0.9999999999999887,0.5715248106792569,0.7528130412101746,0.055,0.988125
1160,28,0.10538922155678626,0.05562579013906444,0.9999999999999887,0.5717282951809466,0.7489508390426636,0.055,0.98875
