beat_index,r_gt,r_pred,valid_flag,drop_reason,rr_gt_ms,rr_pred_ms,rr_err_ms,qrs_gt_ms,qrs_pred_ms,qt_gt_ms,qt_pred_ms,qrs_err_ms,qt_err_ms,subject_id,seg_id
0,269,252,1,,975.0,975.0,0.0,,,,,,,25,0
1,464,447,1,,935.0,1045.0,110.0,,,,,,,25,0
2,651,656,1,,2710.0,2805.0,95.0,,,,,,,25,0
0,264,248,1,,935.0,1040.0,105.0,,,,,,,25,1
1,451,456,1,,2710.0,2805.0,95.0,,,,,,,25,1
0,1309,1333,1,,975.0,770.0,205.0,,,,,,,25,3
0,193,217,1,,3580.0,3580.0,0.0,,,,,,,25,5
1,909,933,1,,975.0,770.0,205.0,,,,,,,25,5
2,1104,1087,1,,1925.0,2130.0,205.0,,,,,,,25,5
0,709,733,1,,975.0,770.0,205.0,,,,,,,25,6
1,904,887,1,,1925.0,2130.0,205.0,,,,,,,25,6
2,1289,1313,1,,900.0,900.0,0.0,,,,,,,25,6
0,704,687,1,,1925.0,2130.0,205.0,,,,,,,25,7
1,1089,1113,1,,900.0,900.0,0.0,,,,,,,25,7
0,504,489,1,,975.0,1180.0,205.0,,,,,,,25,8
0,304,287,1,,1925.0,2130.0,205.0,,,,,,,25,9
0,104,87,1,,1925.0,2130.0,205.0,,,,,,,25,10
1,489,513,1,,5275.0,5280.0,5.0,,,,,,,25,10
0,239,265,1,,1780.0,1780.0,0.0,,,,,,,25,13
1,595,621,1,,3580.0,3580.0,0.0,,,,,,,25,13
0,1111,1137,1,,950.0,940.0,10.0,,,,,,,25,14
0,144,169,1,,1835.0,1840.0,5.0,,,,,,,25,17
1,511,537,1,,950.0,940.0,10.0,,,,,,,25,17
0,311,337,1,,3645.0,3640.0,5.0,,,,,,,25,18
1,1040,1065,1,,900.0,900.0,0.0,,,,,,,25,18
0,111,137,1,,950.0,940.0,10.0,,,,,,,25,19
0,440,465,1,,900.0,900.0,0.0,,,,,,,25,21
1,620,645,1,,1700.0,1700.0,0.0,,,,,,,25,21
0,220,249,1,,6065.0,5805.0,260.0,,,,,,,25,23
0,490,517,1,,880.0,880.0,0.0,,,,,,,25,25
1,666,693,1,,1835.0,1840.0,5.0,,,,,,,25,25
0,466,486,1,,1835.0,1875.0,40.0,,,,,,,25,26
0,90,117,1,,880.0,880.0,0.0,,,,,,,25,27
1,266,293,1,,1835.0,1840.0,5.0,,,,,,,25,27
2,633,661,1,,2710.0,2665.0,45.0,,,,,,,25,27
0,66,93,1,,920.0,920.0,0.0,,,,,,,25,28
1,250,277,1,,915.0,920.0,5.0,,,,,,,25,28
2,433,461,1,,2710.0,2665.0,45.0,,,,,,,25,28
3,975,994,1,,900.0,730.0,170.0,,,,,,,25,28
0,233,261,1,,2710.0,2665.0,45.0,,,,,,,25,29
0,212,237,1,,1815.0,1820.0,5.0,,,,,,,25,30
1,575,601,1,,900.0,900.0,0.0,,,,,,,25,30
2,755,781,1,,880.0,880.0,0.0,,,,,,,25,30
3,931,957,1,,1760.0,1760.0,0.0,,,,,,,25,30
0,192,217,1,,5365.0,5360.0,5.0,,,,,,,25,31
0,175,201,1,,900.0,900.0,0.0,,,,,,,25,32
1,355,381,1,,880.0,880.0,0.0,,,,,,,25,32
2,531,557,1,,1760.0,1760.0,0.0,,,,,,,25,32
3,883,909,1,,2820.0,2820.0,0.0,,,,,,,25,32
0,131,157,1,,1760.0,1760.0,0.0,,,,,,,25,34
1,483,509,1,,2820.0,2820.0,0.0,,,,,,,25,34
2,1047,1073,1,,950.0,960.0,10.0,,,,,,,25,34
0,283,309,1,,2820.0,2820.0,0.0,,,,,,,25,35
1,847,873,1,,2845.0,2840.0,5.0,,,,,,,25,35
0,647,673,1,,950.0,960.0,10.0,,,,,,,25,36
1,837,865,1,,2845.0,2635.0,210.0,,,,,,,25,36
0,447,473,1,,950.0,960.0,10.0,,,,,,,25,37
1,637,665,1,,2845.0,2635.0,210.0,,,,,,,25,37
2,1206,1192,1,,915.0,1125.0,210.0,,,,,,,25,37
0,247,273,1,,950.0,960.0,10.0,,,,,,,25,38
1,437,465,1,,1895.0,1880.0,15.0,,,,,,,25,38
2,816,841,1,,950.0,750.0,200.0,,,,,,,25,38
3,1006,991,1,,2685.0,2890.0,205.0,,,,,,,25,38
0,237,265,1,,1895.0,1880.0,15.0,,,,,,,25,39
1,616,641,1,,950.0,960.0,10.0,,,,,,,25,39
0,416,441,1,,950.0,960.0,10.0,,,,,,,25,40
0,216,241,1,,950.0,750.0,200.0,,,,,,,25,41
0,389,373,1,,3595.0,3800.0,205.0,,,,,,,25,42
1,1108,1133,1,,920.0,655.0,265.0,,,,,,,25,42
0,189,173,1,,3595.0,3800.0,205.0,,,,,,,25,43
1,908,933,1,,920.0,655.0,265.0,,,,,,,25,43
0,143,169,1,,895.0,900.0,5.0,,,,,,,25,45
1,322,349,1,,930.0,685.0,245.0,,,,,,,25,45
2,508,486,1,,920.0,920.0,0.0,,,,,,,25,45
3,692,670,1,,1790.0,2035.0,245.0,,,,,,,25,45
4,1050,1077,1,,925.0,920.0,5.0,,,,,,,25,45
5,1235,1261,1,,935.0,940.0,5.0,,,,,,,25,45
0,308,313,1,,920.0,755.0,165.0,,,,,,,25,46
1,492,464,1,,4580.0,4630.0,50.0,,,,,,,25,46
0,108,114,1,,1815.0,1915.0,100.0,,,,,,,25,47
1,471,497,1,,1820.0,1820.0,0.0,,,,,,,25,47
2,835,861,1,,1865.0,1650.0,215.0,,,,,,,25,47
3,1208,1191,1,,1730.0,1740.0,10.0,,,,,,,25,47
0,271,297,1,,1820.0,1820.0,0.0,,,,,,,25,48
1,635,661,1,,1865.0,1650.0,215.0,,,,,,,25,48
0,808,791,1,,885.0,1090.0,205.0,,,,,,,25,49
0,235,261,1,,1865.0,1650.0,215.0,,,,,,,25,50
1,608,591,1,,1730.0,1685.0,45.0,,,,,,,25,50
2,954,928,1,,2635.0,2905.0,270.0,,,,,,,25,50
0,408,391,1,,1730.0,1685.0,45.0,,,,,,,25,51
0,208,191,1,,1730.0,1685.0,45.0,,,,,,,25,52
1,554,528,1,,2635.0,2885.0,250.0,,,,,,,25,52
2,1081,1105,1,,1915.0,1850.0,65.0,,,,,,,25,52
0,185,209,1,,3480.0,3270.0,210.0,,,,,,,25,53
1,881,863,1,,1915.0,2060.0,145.0,,,,,,,25,53
2,1264,1275,1,,940.0,775.0,165.0,,,,,,,25,53
0,1064,1089,1,,940.0,735.0,205.0,,,,,,,25,54
0,481,505,1,,1915.0,1865.0,50.0,,,,,,,25,55
1,864,878,1,,940.0,790.0,150.0,,,,,,,25,55
2,1052,1036,1,,1815.0,2025.0,210.0,,,,,,,25,55
0,664,689,1,,940.0,705.0,235.0,,,,,,,25,56
1,852,830,1,,1815.0,2055.0,240.0,,,,,,,25,56
0,81,105,1,,1915.0,1865.0,50.0,,,,,,,25,57
1,464,478,1,,940.0,785.0,155.0,,,,,,,25,57
2,652,635,1,,1815.0,2030.0,215.0,,,,,,,25,57
3,1015,1041,1,,1805.0,1800.0,5.0,,,,,,,25,57
4,1376,1401,1,,930.0,905.0,25.0,,,,,,,25,57
0,264,289,1,,940.0,705.0,235.0,,,,,,,25,58
1,452,430,1,,1815.0,2055.0,240.0,,,,,,,25,58
2,815,841,1,,1805.0,1800.0,5.0,,,,,,,25,58
3,1176,1201,1,,1860.0,1825.0,35.0,,,,,,,25,58
0,64,89,1,,940.0,705.0,235.0,,,,,,,25,59
1,252,230,1,,1815.0,2055.0,240.0,,,,,,,25,59
2,615,641,1,,1805.0,1800.0,5.0,,,,,,,25,59
3,976,1001,1,,1860.0,1860.0,0.0,,,,,,,25,59
0,415,441,1,,1805.0,1800.0,5.0,,,,,,,25,60
1,776,801,1,,1860.0,1860.0,0.0,,,,,,,25,60
2,1148,1173,1,,900.0,695.0,205.0,,,,,,,25,60
0,215,241,1,,1805.0,1800.0,5.0,,,,,,,25,61
1,576,601,1,,1860.0,1860.0,0.0,,,,,,,25,61
2,948,973,1,,900.0,695.0,205.0,,,,,,,25,61
3,1128,1112,1,,880.0,1105.0,225.0,,,,,,,25,61
0,376,401,1,,2760.0,2555.0,205.0,,,,,,,25,62
1,928,912,1,,880.0,1105.0,225.0,,,,,,,25,62
0,362,389,1,,930.0,715.0,215.0,,,,,,,25,63
1,548,532,1,,900.0,910.0,10.0,,,,,,,25,63
2,728,714,1,,880.0,1095.0,215.0,,,,,,,25,63
3,904,933,1,,1710.0,1700.0,10.0,,,,,,,25,63
0,348,330,1,,900.0,910.0,10.0,,,,,,,25,64
0,328,315,1,,880.0,1090.0,210.0,,,,,,,25,65
1,504,533,1,,2545.0,2540.0,5.0,,,,,,,25,65
2,1013,1041,1,,2585.0,2315.0,270.0,,,,,,,25,65
0,128,112,1,,880.0,1105.0,225.0,,,,,,,25,66
0,75,101,1,,2545.0,2540.0,5.0,,,,,,,25,68
1,584,609,1,,865.0,860.0,5.0,,,,,,,25,68
2,757,781,1,,865.0,595.0,270.0,,,,,,,25,68
0,384,409,1,,865.0,860.0,5.0,,,,,,,25,69
1,557,581,1,,865.0,595.0,270.0,,,,,,,25,69
2,730,700,1,,3475.0,3745.0,270.0,,,,,,,25,69
0,184,209,1,,865.0,860.0,5.0,,,,,,,25,70
1,357,381,1,,865.0,595.0,270.0,,,,,,,25,70
0,157,181,1,,865.0,595.0,270.0,,,,,,,25,71
1,330,300,1,,3475.0,3745.0,270.0,,,,,,,25,71
2,1025,1049,1,,2675.0,2680.0,5.0,,,,,,,25,71
0,625,649,1,,4415.0,4420.0,5.0,,,,,,,25,73
0,425,449,1,,2675.0,2680.0,5.0,,,,,,,25,74
1,960,985,1,,1740.0,1740.0,0.0,,,,,,,25,74
2,1308,1333,1,,845.0,740.0,105.0,,,,,,,25,74
0,936,961,1,,860.0,850.0,10.0,,,,,,,25,75
0,736,761,1,,860.0,850.0,10.0,,,,,,,25,76
0,536,561,1,,860.0,850.0,10.0,,,,,,,25,77
0,308,337,1,,5210.0,4995.0,215.0,,,,,,,25,79
0,108,137,1,,4320.0,4320.0,0.0,,,,,,,25,80
1,972,1001,1,,890.0,675.0,215.0,,,,,,,25,80
2,1150,1136,1,,1755.0,1965.0,210.0,,,,,,,25,80
0,77,105,1,,4365.0,4155.0,210.0,,,,,,,25,81
1,950,936,1,,2625.0,2825.0,200.0,,,,,,,25,81
0,750,736,1,,2625.0,2825.0,200.0,,,,,,,25,82
0,550,536,1,,2625.0,2825.0,200.0,,,,,,,25,83
0,350,336,1,,2625.0,2590.0,35.0,,,,,,,25,84
1,875,854,1,,1705.0,1955.0,250.0,,,,,,,25,84
0,150,134,1,,2625.0,2835.0,210.0,,,,,,,25,85
1,675,701,1,,860.0,860.0,0.0,,,,,,,25,85
0,475,501,1,,3420.0,3420.0,0.0,,,,,,,25,86
1,1159,1185,1,,880.0,635.0,245.0,,,,,,,25,86
0,275,301,1,,860.0,860.0,0.0,,,,,,,25,87
1,447,473,1,,3440.0,3440.0,0.0,,,,,,,25,87
2,1135,1161,1,,895.0,900.0,5.0,,,,,,,25,87
0,75,101,1,,860.0,860.0,0.0,,,,,,,25,88
1,247,273,1,,3440.0,3440.0,0.0,,,,,,,25,88
2,935,961,1,,895.0,900.0,5.0,,,,,,,25,88
0,735,761,1,,895.0,900.0,5.0,,,,,,,25,89
0,535,561,1,,895.0,900.0,5.0,,,,,,,25,90
1,714,741,1,,3560.0,3295.0,265.0,,,,,,,25,90
0,335,361,1,,895.0,900.0,5.0,,,,,,,25,91
0,135,122,1,,895.0,1095.0,200.0,,,,,,,25,92
1,314,341,1,,2665.0,2660.0,5.0,,,,,,,25,92
2,847,873,1,,895.0,685.0,210.0,,,,,,,25,92
3,1026,1010,1,,900.0,850.0,50.0,,,,,,,25,92
4,1206,1180,1,,890.0,910.0,20.0,,,,,,,25,92
0,114,141,1,,3560.0,3295.0,265.0,,,,,,,25,93
1,826,800,1,,1790.0,1840.0,50.0,,,,,,,25,93
0,447,473,1,,895.0,655.0,240.0,,,,,,,25,94
1,626,604,1,,900.0,880.0,20.0,,,,,,,25,94
2,806,780,1,,890.0,910.0,20.0,,,,,,,25,94
3,984,962,1,,870.0,1115.0,245.0,,,,,,,25,94
4,1158,1185,1,,865.0,655.0,210.0,,,,,,,25,94
0,247,273,1,,895.0,690.0,205.0,,,,,,,25,95
1,426,411,1,,900.0,845.0,55.0,,,,,,,25,95
2,606,580,1,,890.0,945.0,55.0,,,,,,,25,95
3,784,769,1,,870.0,1080.0,210.0,,,,,,,25,95
4,958,985,1,,865.0,655.0,210.0,,,,,,,25,95
0,226,211,1,,900.0,845.0,55.0,,,,,,,25,96
1,406,380,1,,890.0,945.0,55.0,,,,,,,25,96
2,584,569,1,,870.0,1080.0,210.0,,,,,,,25,96
3,758,785,1,,865.0,655.0,210.0,,,,,,,25,96
0,206,180,1,,890.0,945.0,55.0,,,,,,,25,97
1,384,369,1,,870.0,1080.0,210.0,,,,,,,25,97
2,558,585,1,,865.0,655.0,210.0,,,,,,,25,97
3,731,716,1,,3585.0,3590.0,5.0,,,,,,,25,97
0,184,168,1,,870.0,1085.0,215.0,,,,,,,25,98
1,358,385,1,,865.0,655.0,210.0,,,,,,,25,98
2,531,516,1,,2660.0,2865.0,205.0,,,,,,,25,98
3,1063,1089,1,,925.0,715.0,210.0,,,,,,,25,98
4,1248,1232,1,,905.0,900.0,5.0,,,,,,,25,98
0,158,185,1,,865.0,655.0,210.0,,,,,,,25,99
1,331,316,1,,3585.0,3590.0,5.0,,,,,,,25,99
2,1048,1034,1,,1805.0,1800.0,5.0,,,,,,,25,99
0,131,115,1,,2660.0,2870.0,210.0,,,,,,,25,100
1,663,689,1,,925.0,715.0,210.0,,,,,,,25,100
2,848,832,1,,905.0,900.0,5.0,,,,,,,25,100
3,1029,1012,1,,900.0,900.0,0.0,,,,,,,25,100
4,1209,1192,1,,895.0,905.0,10.0,,,,,,,25,100
0,648,630,1,,905.0,900.0,5.0,,,,,,,25,101
1,829,810,1,,900.0,860.0,40.0,,,,,,,25,101
2,1009,982,1,,895.0,945.0,50.0,,,,,,,25,101
0,448,430,1,,905.0,850.0,55.0,,,,,,,25,102
1,629,600,1,,900.0,910.0,10.0,,,,,,,25,102
2,809,782,1,,895.0,945.0,50.0,,,,,,,25,102
0,248,230,1,,905.0,900.0,5.0,,,,,,,25,103
1,429,410,1,,900.0,860.0,40.0,,,,,,,25,103
2,609,582,1,,895.0,945.0,50.0,,,,,,,25,103
3,788,771,1,,3550.0,3750.0,200.0,,,,,,,25,103
0,229,200,1,,900.0,900.0,0.0,,,,,,,25,104
1,409,380,1,,895.0,955.0,60.0,,,,,,,25,104
2,588,571,1,,3550.0,3750.0,200.0,,,,,,,25,104
3,1298,1321,1,,955.0,960.0,5.0,,,,,,,25,104
0,209,182,1,,895.0,945.0,50.0,,,,,,,25,105
1,388,371,1,,3550.0,3750.0,200.0,,,,,,,25,105
2,1098,1121,1,,955.0,960.0,5.0,,,,,,,25,105
0,188,170,1,,3550.0,3755.0,205.0,,,,,,,25,106
1,898,921,1,,2845.0,2605.0,240.0,,,,,,,25,106
0,698,721,1,,2845.0,2635.0,210.0,,,,,,,25,107
0,1067,1093,1,,895.0,900.0,5.0,,,,,,,25,108
1,1246,1273,1,,850.0,840.0,10.0,,,,,,,25,108
0,867,893,1,,895.0,900.0,5.0,,,,,,,25,109
1,1046,1073,1,,850.0,840.0,10.0,,,,,,,25,109
0,667,693,1,,895.0,900.0,5.0,,,,,,,25,110
1,846,873,1,,850.0,840.0,10.0,,,,,,,25,110
2,1016,1041,1,,1610.0,1410.0,200.0,,,,,,,25,110
0,467,493,1,,895.0,900.0,5.0,,,,,,,25,111
1,646,673,1,,850.0,840.0,10.0,,,,,,,25,111
2,816,841,1,,1610.0,1410.0,200.0,,,,,,,25,111
0,267,293,1,,895.0,900.0,5.0,,,,,,,25,112
1,446,473,1,,850.0,840.0,10.0,,,,,,,25,112
2,616,641,1,,1610.0,1410.0,200.0,,,,,,,25,112
3,938,923,1,,2775.0,2970.0,195.0,,,,,,,25,112
0,67,93,1,,1745.0,1740.0,5.0,,,,,,,25,113
0,216,241,1,,6305.0,6095.0,210.0,,,,,,,25,114
0,887,913,1,,950.0,740.0,210.0,,,,,,,25,116
1,1077,1061,1,,1795.0,2000.0,205.0,,,,,,,25,116
0,877,860,1,,2705.0,2905.0,200.0,,,,,,,25,117
0,677,660,1,,2705.0,2905.0,200.0,,,,,,,25,118
0,287,313,1,,950.0,740.0,210.0,,,,,,,25,119
1,477,461,1,,1795.0,2000.0,205.0,,,,,,,25,119
0,87,113,1,,950.0,740.0,210.0,,,,,,,25,120
1,277,261,1,,6070.0,6280.0,210.0,,,,,,,25,120
0,1291,1317,1,,700.0,485.0,215.0,,,,,,,25,121
0,1031,1015,1,,705.0,910.0,205.0,,,,,,,25,123
0,831,815,1,,705.0,910.0,205.0,,,,,,,25,124
1,972,997,1,,755.0,760.0,5.0,,,,,,,25,124
0,175,205,1,,835.0,820.0,15.0,,,,,,,25,125
1,342,369,1,,1445.0,1235.0,210.0,,,,,,,25,125
2,631,616,1,,705.0,925.0,220.0,,,,,,,25,125
3,772,801,1,,3410.0,3400.0,10.0,,,,,,,25,125
0,291,317,1,,700.0,485.0,215.0,,,,,,,25,126
1,431,414,1,,705.0,915.0,210.0,,,,,,,25,126
0,231,214,1,,705.0,915.0,210.0,,,,,,,25,127
1,372,397,1,,5215.0,5010.0,205.0,,,,,,,25,127
0,172,197,1,,755.0,550.0,205.0,,,,,,,25,128
1,323,307,1,,4460.0,4460.0,0.0,,,,,,,25,128
2,1215,1199,1,,1710.0,1910.0,200.0,,,,,,,25,128
0,815,800,1,,2600.0,2540.0,60.0,,,,,,,25,130
0,439,465,1,,880.0,675.0,205.0,,,,,,,25,131
1,615,600,1,,3500.0,3705.0,205.0,,,,,,,25,131
0,415,400,1,,3500.0,3705.0,205.0,,,,,,,25,132
1,1115,1141,1,,905.0,900.0,5.0,,,,,,,25,132
0,215,199,1,,1710.0,1910.0,200.0,,,,,,,25,133
1,557,581,1,,1790.0,1800.0,10.0,,,,,,,25,133
2,915,941,1,,905.0,900.0,5.0,,,,,,,25,133
0,535,510,1,,900.0,1155.0,255.0,,,,,,,25,134
1,715,741,1,,905.0,900.0,5.0,,,,,,,25,134
0,335,310,1,,900.0,1155.0,255.0,,,,,,,25,135
1,515,541,1,,905.0,900.0,5.0,,,,,,,25,135
0,135,161,1,,900.0,900.0,0.0,,,,,,,25,136
1,315,341,1,,3560.0,3560.0,0.0,,,,,,,25,136
2,1027,1053,1,,910.0,815.0,95.0,,,,,,,25,136
3,1209,1216,1,,930.0,1025.0,95.0,,,,,,,25,136
0,115,141,1,,3560.0,3560.0,0.0,,,,,,,25,137
1,827,853,1,,910.0,815.0,95.0,,,,,,,25,137
2,1009,1016,1,,930.0,1025.0,95.0,,,,,,,25,137
3,1195,1221,1,,1805.0,1745.0,60.0,,,,,,,25,137
0,995,1021,1,,915.0,920.0,5.0,,,,,,,25,138
1,1178,1205,1,,890.0,880.0,10.0,,,,,,,25,138
0,795,821,1,,1805.0,1800.0,5.0,,,,,,,25,139
0,595,621,1,,915.0,920.0,5.0,,,,,,,25,140
1,778,805,1,,890.0,880.0,10.0,,,,,,,25,140
0,395,421,1,,1805.0,1800.0,5.0,,,,,,,25,141
0,195,221,1,,1805.0,1800.0,5.0,,,,,,,25,142
0,685,709,1,,880.0,880.0,0.0,,,,,,,25,148
1,861,885,1,,2815.0,2820.0,5.0,,,,,,,25,148
0,485,509,1,,880.0,880.0,0.0,,,,,,,25,149
1,661,685,1,,2815.0,2820.0,5.0,,,,,,,25,149
0,285,309,1,,880.0,880.0,0.0,,,,,,,25,150
1,461,485,1,,2815.0,2820.0,5.0,,,,,,,25,150
2,1024,1049,1,,1885.0,1880.0,5.0,,,,,,,25,150
0,824,849,1,,1885.0,1880.0,5.0,,,,,,,25,151
0,61,85,1,,2815.0,2820.0,5.0,,,,,,,25,152
0,201,225,1,,1860.0,1860.0,0.0,,,,,,,25,156
1,573,597,1,,1900.0,1900.0,0.0,,,,,,,25,156
2,953,977,1,,870.0,880.0,10.0,,,,,,,25,156
3,1127,1153,1,,870.0,860.0,10.0,,,,,,,25,156
0,373,401,1,,1900.0,1900.0,0.0,,,,,,,25,157
1,753,781,1,,870.0,880.0,10.0,,,,,,,25,157
2,927,957,1,,870.0,860.0,10.0,,,,,,,25,157
0,644,669,1,,1875.0,1880.0,5.0,,,,,,,25,162
1,1019,1045,1,,1880.0,1880.0,0.0,,,,,,,25,162
0,74,101,1,,2795.0,2800.0,5.0,,,,,,,25,163
1,633,661,1,,930.0,920.0,10.0,,,,,,,25,163
2,819,845,1,,1880.0,1880.0,0.0,,,,,,,25,163
3,1195,1221,1,,935.0,730.0,205.0,,,,,,,25,163
0,433,461,1,,930.0,920.0,10.0,,,,,,,25,164
1,619,645,1,,2815.0,2820.0,5.0,,,,,,,25,164
0,233,261,1,,930.0,920.0,10.0,,,,,,,25,165
1,419,445,1,,1880.0,1880.0,0.0,,,,,,,25,165
2,795,821,1,,935.0,940.0,5.0,,,,,,,25,165
0,219,245,1,,1880.0,1880.0,0.0,,,,,,,25,166
1,595,621,1,,935.0,940.0,5.0,,,,,,,25,166
2,782,809,1,,2745.0,2740.0,5.0,,,,,,,25,166
0,395,421,1,,935.0,940.0,5.0,,,,,,,25,167
1,582,609,1,,920.0,920.0,0.0,,,,,,,25,167
2,766,793,1,,3545.0,3540.0,5.0,,,,,,,25,167
0,382,409,1,,920.0,705.0,215.0,,,,,,,25,168
1,566,550,1,,1825.0,1770.0,55.0,,,,,,,25,168
2,931,904,1,,2575.0,2845.0,270.0,,,,,,,25,168
0,182,167,1,,920.0,1130.0,210.0,,,,,,,25,169
1,366,393,1,,925.0,920.0,5.0,,,,,,,25,169
2,551,577,1,,900.0,635.0,265.0,,,,,,,25,169
3,731,704,1,,1720.0,1985.0,265.0,,,,,,,25,169
4,1075,1101,1,,855.0,860.0,5.0,,,,,,,25,169
0,166,150,1,,1825.0,1770.0,55.0,,,,,,,25,170
1,531,504,1,,2575.0,2845.0,270.0,,,,,,,25,170
2,1046,1073,1,,1825.0,1820.0,5.0,,,,,,,25,170
0,331,304,1,,2575.0,2845.0,270.0,,,,,,,25,171
1,846,873,1,,1825.0,1820.0,5.0,,,,,,,25,171
0,131,104,1,,860.0,1125.0,265.0,,,,,,,25,172
1,303,329,1,,5395.0,5175.0,220.0,,,,,,,25,172
2,1382,1364,1,,910.0,1070.0,160.0,,,,,,,25,172
0,275,301,1,,855.0,860.0,5.0,,,,,,,25,173
1,446,473,1,,1825.0,1820.0,5.0,,,,,,,25,173
2,811,837,1,,935.0,940.0,5.0,,,,,,,25,173
3,998,1025,1,,920.0,705.0,215.0,,,,,,,25,173
4,1182,1166,1,,910.0,910.0,0.0,,,,,,,25,173
0,75,101,1,,855.0,860.0,5.0,,,,,,,25,174
1,246,273,1,,2760.0,2760.0,0.0,,,,,,,25,174
2,798,825,1,,920.0,705.0,215.0,,,,,,,25,174
3,982,966,1,,910.0,910.0,0.0,,,,,,,25,174
0,598,625,1,,920.0,705.0,215.0,,,,,,,25,175
1,782,766,1,,910.0,880.0,30.0,,,,,,,25,175
2,964,942,1,,1740.0,1975.0,235.0,,,,,,,25,175
0,398,425,1,,920.0,705.0,215.0,,,,,,,25,176
1,582,566,1,,910.0,880.0,30.0,,,,,,,25,176
2,764,742,1,,1740.0,1975.0,235.0,,,,,,,25,176
0,198,225,1,,920.0,705.0,215.0,,,,,,,25,177
1,382,366,1,,910.0,910.0,0.0,,,,,,,25,177
2,564,548,1,,875.0,1085.0,210.0,,,,,,,25,177
3,739,765,1,,865.0,860.0,5.0,,,,,,,25,177
0,182,166,1,,910.0,910.0,0.0,,,,,,,25,178
1,364,348,1,,1740.0,1945.0,205.0,,,,,,,25,178
2,712,737,1,,3430.0,3335.0,95.0,,,,,,,25,178
3,1398,1404,1,,820.0,910.0,90.0,,,,,,,25,178
0,512,537,1,,3430.0,3440.0,10.0,,,,,,,25,179
1,1198,1225,1,,820.0,820.0,0.0,,,,,,,25,179
0,312,337,1,,3430.0,3440.0,10.0,,,,,,,25,180
1,998,1025,1,,820.0,820.0,0.0,,,,,,,25,180
0,112,137,1,,1725.0,1720.0,5.0,,,,,,,25,181
1,457,481,1,,3395.0,3400.0,5.0,,,,,,,25,181
0,762,789,1,,870.0,860.0,10.0,,,,,,,25,182
1,936,961,1,,2680.0,2475.0,205.0,,,,,,,25,182
0,398,402,1,,820.0,680.0,140.0,,,,,,,25,183
1,562,538,1,,870.0,1115.0,245.0,,,,,,,25,183
2,736,761,1,,880.0,690.0,190.0,,,,,,,25,183
3,912,899,1,,905.0,890.0,15.0,,,,,,,25,183
4,1093,1077,1,,895.0,895.0,0.0,,,,,,,25,183
5,1272,1256,1,,910.0,1020.0,110.0,,,,,,,25,183
0,198,200,1,,820.0,735.0,85.0,,,,,,,25,184
1,362,347,1,,1750.0,1685.0,65.0,,,,,,,25,184
2,712,684,1,,905.0,950.0,45.0,,,,,,,25,184
3,893,874,1,,895.0,900.0,5.0,,,,,,,25,184
4,1072,1054,1,,910.0,1020.0,110.0,,,,,,,25,184
0,336,357,1,,880.0,880.0,0.0,,,,,,,25,185
1,512,533,1,,905.0,705.0,200.0,,,,,,,25,185
2,693,674,1,,895.0,895.0,0.0,,,,,,,25,185
3,872,853,1,,910.0,1020.0,110.0,,,,,,,25,185
4,1054,1057,1,,930.0,885.0,45.0,,,,,,,25,185
0,493,517,1,,895.0,690.0,205.0,,,,,,,25,186
1,672,655,1,,910.0,1025.0,115.0,,,,,,,25,186
0,472,455,1,,910.0,1025.0,115.0,,,,,,,25,187
1,654,660,1,,2765.0,2745.0,20.0,,,,,,,25,187
2,1207,1209,1,,900.0,805.0,95.0,,,,,,,25,187
3,1387,1370,1,,865.0,975.0,110.0,,,,,,,25,187
0,93,117,1,,895.0,690.0,205.0,,,,,,,25,188
1,272,255,1,,910.0,1020.0,110.0,,,,,,,25,188
2,454,459,1,,3665.0,3555.0,110.0,,,,,,,25,188
3,1187,1170,1,,865.0,865.0,0.0,,,,,,,25,188
0,254,259,1,,3665.0,3555.0,110.0,,,,,,,25,189
1,987,970,1,,865.0,865.0,0.0,,,,,,,25,189
0,587,572,1,,865.0,1065.0,200.0,,,,,,,25,190
1,760,785,1,,2585.0,2600.0,15.0,,,,,,,25,190
0,387,372,1,,2590.0,2805.0,215.0,,,,,,,25,191
1,905,933,1,,860.0,860.0,0.0,,,,,,,25,191
0,187,172,1,,2590.0,2805.0,215.0,,,,,,,25,192
1,705,733,1,,860.0,860.0,0.0,,,,,,,25,192
2,877,905,1,,2590.0,2580.0,10.0,,,,,,,25,192
0,505,533,1,,860.0,860.0,0.0,,,,,,,25,193
1,677,705,1,,2590.0,2580.0,10.0,,,,,,,25,193
0,477,505,1,,2590.0,2580.0,10.0,,,,,,,25,194
1,995,1021,1,,1840.0,1840.0,0.0,,,,,,,25,194
0,277,281,1,,3515.0,3620.0,105.0,,,,,,,25,195
1,980,1005,1,,1820.0,1820.0,0.0,,,,,,,25,195
0,77,101,1,,840.0,840.0,0.0,,,,,,,25,196
1,245,269,1,,2675.0,2680.0,5.0,,,,,,,25,196
2,780,805,1,,2745.0,2740.0,5.0,,,,,,,25,196
0,580,605,1,,2745.0,2740.0,5.0,,,,,,,25,197
1,1129,1153,1,,1820.0,1820.0,0.0,,,,,,,25,197
0,363,385,1,,5435.0,5475.0,40.0,,,,,,,25,199
0,344,369,1,,2745.0,2740.0,5.0,,,,,,,25,200
0,144,169,1,,5405.0,5165.0,240.0,,,,,,,25,201
0,129,153,1,,915.0,920.0,5.0,,,,,,,25,202
1,312,337,1,,905.0,900.0,5.0,,,,,,,25,202
2,493,517,1,,2660.0,2450.0,210.0,,,,,,,25,202
0,825,808,1,,2725.0,2945.0,220.0,,,,,,,25,203
1,1370,1397,1,,910.0,870.0,40.0,,,,,,,25,203
0,1170,1197,1,,910.0,795.0,115.0,,,,,,,25,204
0,71,97,1,,1770.0,1515.0,255.0,,,,,,,25,205
1,425,400,1,,885.0,1145.0,260.0,,,,,,,25,205
2,602,629,1,,1840.0,1770.0,70.0,,,,,,,25,205
3,970,983,1,,910.0,770.0,140.0,,,,,,,25,205
4,1152,1137,1,,890.0,1100.0,210.0,,,,,,,25,205
0,770,797,1,,1800.0,1800.0,0.0,,,,,,,25,206
0,570,597,1,,1800.0,1800.0,0.0,,,,,,,25,207
0,370,397,1,,2695.0,2700.0,5.0,,,,,,,25,208
0,170,183,1,,910.0,735.0,175.0,,,,,,,25,209
1,352,330,1,,890.0,1135.0,245.0,,,,,,,25,209
2,530,557,1,,3585.0,3580.0,5.0,,,,,,,25,209
0,152,155,1,,3595.0,3445.0,150.0,,,,,,,25,210
0,130,157,1,,6140.0,6140.0,0.0,,,,,,,25,211
0,247,273,1,,2555.0,2560.0,5.0,,,,,,,25,214
1,758,785,1,,835.0,840.0,5.0,,,,,,,25,214
0,558,585,1,,835.0,840.0,5.0,,,,,,,25,215
1,725,753,1,,3205.0,3200.0,5.0,,,,,,,25,215
0,358,385,1,,835.0,840.0,5.0,,,,,,,25,216
1,525,553,1,,3205.0,3200.0,5.0,,,,,,,25,216
2,1166,1193,1,,845.0,805.0,40.0,,,,,,,25,216
0,325,353,1,,3205.0,3200.0,5.0,,,,,,,25,217
1,966,993,1,,845.0,805.0,40.0,,,,,,,25,217
0,288,313,1,,1595.0,1615.0,20.0,,,,,,,25,218
1,607,636,1,,795.0,740.0,55.0,,,,,,,25,218
2,766,784,1,,2690.0,2725.0,35.0,,,,,,,25,218
3,1304,1329,1,,920.0,675.0,245.0,,,,,,,25,218
0,88,113,1,,1595.0,1615.0,20.0,,,,,,,25,219
1,407,436,1,,795.0,650.0,145.0,,,,,,,25,219
2,566,566,1,,2690.0,2815.0,125.0,,,,,,,25,219
3,1104,1129,1,,920.0,675.0,245.0,,,,,,,25,219
4,1288,1264,1,,900.0,940.0,40.0,,,,,,,25,219
0,207,190,1,,4405.0,4380.0,25.0,,,,,,,25,220
1,1088,1066,1,,900.0,935.0,35.0,,,,,,,25,220
0,166,150,1,,845.0,840.0,5.0,,,,,,,25,221
1,335,318,1,,1845.0,2055.0,210.0,,,,,,,25,221
2,704,729,1,,920.0,715.0,205.0,,,,,,,25,221
3,888,872,1,,900.0,900.0,0.0,,,,,,,25,221
4,1068,1052,1,,1675.0,1670.0,5.0,,,,,,,25,221
0,688,713,1,,1760.0,1760.0,0.0,,,,,,,25,222
1,1040,1065,1,,815.0,600.0,215.0,,,,,,,25,222
2,1203,1185,1,,820.0,1040.0,220.0,,,,,,,25,222
0,488,506,1,,1760.0,1795.0,35.0,,,,,,,25,223
1,840,865,1,,815.0,600.0,215.0,,,,,,,25,223
2,1003,985,1,,820.0,1040.0,220.0,,,,,,,25,223
3,1167,1193,1,,1655.0,1435.0,220.0,,,,,,,25,223
0,104,129,1,,920.0,715.0,205.0,,,,,,,25,224
1,288,272,1,,900.0,900.0,0.0,,,,,,,25,224
2,468,452,1,,1675.0,1670.0,5.0,,,,,,,25,224
3,803,786,1,,820.0,1035.0,215.0,,,,,,,25,224
4,967,993,1,,825.0,630.0,195.0,,,,,,,25,224
5,1132,1119,1,,830.0,805.0,25.0,,,,,,,25,224
0,88,106,1,,2575.0,2395.0,180.0,,,,,,,25,225
1,603,585,1,,820.0,1040.0,220.0,,,,,,,25,225
2,767,793,1,,1655.0,1435.0,220.0,,,,,,,25,225
3,1098,1080,1,,875.0,1085.0,210.0,,,,,,,25,225
4,1273,1297,1,,895.0,900.0,5.0,,,,,,,25,225
0,403,385,1,,820.0,1040.0,220.0,,,,,,,25,226
1,567,593,1,,1655.0,1435.0,220.0,,,,,,,25,226
2,898,880,1,,875.0,1085.0,210.0,,,,,,,25,226
3,1073,1097,1,,895.0,900.0,5.0,,,,,,,25,226
4,1252,1277,1,,885.0,880.0,5.0,,,,,,,25,226
0,203,184,1,,2475.0,2470.0,5.0,,,,,,,25,227
1,698,678,1,,875.0,1095.0,220.0,,,,,,,25,227
2,873,897,1,,895.0,900.0,5.0,,,,,,,25,227
3,1052,1077,1,,885.0,880.0,5.0,,,,,,,25,227
0,167,193,1,,1655.0,1435.0,220.0,,,,,,,25,228
1,498,480,1,,1770.0,1985.0,215.0,,,,,,,25,228
2,852,877,1,,885.0,880.0,5.0,,,,,,,25,228
0,298,278,1,,875.0,1095.0,220.0,,,,,,,25,229
1,473,497,1,,895.0,900.0,5.0,,,,,,,25,229
2,652,677,1,,885.0,880.0,5.0,,,,,,,25,229
0,98,78,1,,875.0,1095.0,220.0,,,,,,,25,230
1,273,297,1,,895.0,900.0,5.0,,,,,,,25,230
2,452,477,1,,885.0,880.0,5.0,,,,,,,25,230
3,629,653,1,,3670.0,3455.0,215.0,,,,,,,25,230
0,73,97,1,,895.0,900.0,5.0,,,,,,,25,231
1,252,277,1,,885.0,880.0,5.0,,,,,,,25,231
2,429,453,1,,3670.0,3455.0,215.0,,,,,,,25,231
3,1163,1144,1,,895.0,1105.0,210.0,,,,,,,25,231
0,229,253,1,,3670.0,3455.0,215.0,,,,,,,25,232
1,963,944,1,,895.0,1105.0,210.0,,,,,,,25,232
2,1142,1165,1,,1795.0,1800.0,5.0,,,,,,,25,232
0,208,233,1,,2775.0,2570.0,205.0,,,,,,,25,233
1,763,747,1,,2690.0,2625.0,65.0,,,,,,,25,233
0,563,547,1,,2690.0,2625.0,65.0,,,,,,,25,234
1,1101,1072,1,,1670.0,1945.0,275.0,,,,,,,25,234
0,363,347,1,,2690.0,2625.0,65.0,,,,,,,25,235
1,901,872,1,,1670.0,1945.0,275.0,,,,,,,25,235
2,1235,1261,1,,805.0,590.0,215.0,,,,,,,25,235
0,163,148,1,,895.0,1105.0,210.0,,,,,,,25,236
1,342,369,1,,2640.0,2640.0,0.0,,,,,,,25,236
2,870,897,1,,1630.0,1415.0,215.0,,,,,,,25,236
3,1196,1180,1,,1750.0,1965.0,215.0,,,,,,,25,236
0,142,169,1,,2640.0,2640.0,0.0,,,,,,,25,237
1,670,697,1,,1630.0,1415.0,215.0,,,,,,,25,237
0,301,325,1,,1670.0,1680.0,10.0,,,,,,,25,238
1,635,661,1,,805.0,585.0,220.0,,,,,,,25,238
0,435,461,1,,805.0,590.0,215.0,,,,,,,25,239
1,596,579,1,,1750.0,1970.0,220.0,,,,,,,25,239
0,235,261,1,,805.0,585.0,220.0,,,,,,,25,240
1,396,378,1,,5560.0,5775.0,215.0,,,,,,,25,240
0,196,178,1,,5560.0,5775.0,215.0,,,,,,,25,241
1,1308,1333,1,,945.0,735.0,210.0,,,,,,,25,241
0,1108,1133,1,,945.0,735.0,210.0,,,,,,,25,242
0,333,361,1,,940.0,940.0,0.0,,,,,,,25,243
1,521,549,1,,1935.0,1940.0,5.0,,,,,,,25,243
2,908,937,1,,945.0,730.0,215.0,,,,,,,25,243
3,1097,1083,1,,920.0,1130.0,210.0,,,,,,,25,243
0,897,874,1,,1835.0,1865.0,30.0,,,,,,,25,244
0,121,149,1,,1935.0,1940.0,5.0,,,,,,,25,245
1,508,537,1,,945.0,730.0,215.0,,,,,,,25,245
2,697,683,1,,920.0,1130.0,210.0,,,,,,,25,245
3,881,909,1,,1840.0,1840.0,0.0,,,,,,,25,245
4,1249,1277,1,,900.0,900.0,0.0,,,,,,,25,245
0,308,337,1,,945.0,730.0,215.0,,,,,,,25,246
1,497,483,1,,920.0,1130.0,210.0,,,,,,,25,246
2,681,709,1,,1840.0,1840.0,0.0,,,,,,,25,246
3,1049,1077,1,,900.0,900.0,0.0,,,,,,,25,246
4,1229,1257,1,,880.0,880.0,0.0,,,,,,,25,246
0,108,137,1,,945.0,730.0,215.0,,,,,,,25,247
1,297,283,1,,920.0,1130.0,210.0,,,,,,,25,247
2,481,509,1,,1840.0,1840.0,0.0,,,,,,,25,247
3,849,877,1,,900.0,900.0,0.0,,,,,,,25,247
4,1029,1057,1,,880.0,880.0,0.0,,,,,,,25,247
0,97,83,1,,920.0,1130.0,210.0,,,,,,,25,248
1,281,309,1,,1840.0,1840.0,0.0,,,,,,,25,248
2,649,677,1,,900.0,900.0,0.0,,,,,,,25,248
3,829,857,1,,880.0,880.0,0.0,,,,,,,25,248
4,1005,1033,1,,1825.0,1615.0,210.0,,,,,,,25,248
0,629,616,1,,880.0,1085.0,205.0,,,,,,,25,249
1,805,833,1,,1825.0,1585.0,240.0,,,,,,,25,249
2,1170,1150,1,,930.0,970.0,40.0,,,,,,,25,249
3,1356,1344,1,,925.0,1125.0,200.0,,,,,,,25,249
0,229,259,1,,3635.0,3425.0,210.0,,,,,,,25,251
0,205,233,1,,2755.0,2555.0,200.0,,,,,,,25,252
1,756,744,1,,925.0,1125.0,200.0,,,,,,,25,252
0,370,397,1,,930.0,725.0,205.0,,,,,,,25,253
1,556,542,1,,2805.0,3015.0,210.0,,,,,,,25,253
0,170,197,1,,930.0,725.0,205.0,,,,,,,25,254
1,356,342,1,,2805.0,3015.0,210.0,,,,,,,25,254
2,917,945,1,,1765.0,1760.0,5.0,,,,,,,25,254
0,156,140,1,,3690.0,3905.0,215.0,,,,,,,25,255
1,894,921,1,,1790.0,1780.0,10.0,,,,,,,25,255
2,1252,1277,1,,915.0,815.0,100.0,,,,,,,25,255
0,517,545,1,,885.0,880.0,5.0,,,,,,,25,256
1,694,721,1,,880.0,880.0,0.0,,,,,,,25,256
2,870,897,1,,1825.0,1715.0,110.0,,,,,,,25,256
3,1235,1240,1,,900.0,805.0,95.0,,,,,,,25,256
0,130,157,1,,3610.0,3600.0,10.0,,,,,,,25,257
1,852,877,1,,915.0,805.0,110.0,,,,,,,25,257
2,1035,1038,1,,900.0,805.0,95.0,,,,,,,25,257
3,1215,1199,1,,905.0,1110.0,205.0,,,,,,,25,257
0,294,321,1,,1790.0,1780.0,10.0,,,,,,,25,258
1,652,677,1,,915.0,815.0,100.0,,,,,,,25,258
2,835,840,1,,900.0,795.0,105.0,,,,,,,25,258
3,1015,999,1,,905.0,1110.0,205.0,,,,,,,25,258
4,1196,1221,1,,955.0,960.0,5.0,,,,,,,25,258
0,94,121,1,,1790.0,1780.0,10.0,,,,,,,25,259
1,452,477,1,,915.0,815.0,100.0,,,,,,,25,259
2,635,640,1,,900.0,795.0,105.0,,,,,,,25,259
3,815,799,1,,905.0,1110.0,205.0,,,,,,,25,259
4,996,1021,1,,955.0,960.0,5.0,,,,,,,25,259
0,252,277,1,,1815.0,1610.0,205.0,,,,,,,25,260
1,615,599,1,,905.0,1110.0,205.0,,,,,,,25,260
2,796,821,1,,2860.0,2860.0,0.0,,,,,,,25,260
0,415,399,1,,905.0,1110.0,205.0,,,,,,,25,261
1,596,621,1,,2860.0,2860.0,0.0,,,,,,,25,261
2,1168,1193,1,,900.0,900.0,0.0,,,,,,,25,261
0,968,993,1,,900.0,900.0,0.0,,,,,,,25,262
1,1148,1173,1,,1730.0,1720.0,10.0,,,,,,,25,262
0,768,793,1,,900.0,900.0,0.0,,,,,,,25,263
0,568,593,1,,900.0,900.0,0.0,,,,,,,25,264
0,368,393,1,,900.0,900.0,0.0,,,,,,,25,265
1,548,573,1,,4555.0,4345.0,210.0,,,,,,,25,265
0,1259,1243,1,,885.0,900.0,15.0,,,,,,,25,266
0,148,173,1,,4555.0,4335.0,220.0,,,,,,,25,267
1,1059,1040,1,,885.0,840.0,45.0,,,,,,,25,267
2,1236,1208,1,,885.0,1145.0,260.0,,,,,,,25,267
0,480,505,1,,1895.0,1690.0,205.0,,,,,,,25,268
1,859,843,1,,885.0,900.0,15.0,,,,,,,25,268
2,1036,1023,1,,1795.0,1780.0,15.0,,,,,,,25,268
0,659,643,1,,885.0,900.0,15.0,,,,,,,25,269
1,836,823,1,,1795.0,1780.0,15.0,,,,,,,25,269
2,1195,1179,1,,880.0,1090.0,210.0,,,,,,,25,269
3,1371,1397,1,,870.0,765.0,105.0,,,,,,,25,269
0,459,444,1,,885.0,895.0,10.0,,,,,,,25,270
1,636,623,1,,1795.0,1785.0,10.0,,,,,,,25,270
2,995,980,1,,880.0,1085.0,205.0,,,,,,,25,270
0,259,244,1,,885.0,895.0,10.0,,,,,,,25,271
1,436,423,1,,1795.0,1785.0,10.0,,,,,,,25,271
2,795,780,1,,880.0,1085.0,205.0,,,,,,,25,271
3,971,997,1,,1750.0,1505.0,245.0,,,,,,,25,271
4,1321,1298,1,,915.0,950.0,35.0,,,,,,,25,271
0,236,223,1,,1795.0,1785.0,10.0,,,,,,,25,272
1,595,580,1,,880.0,1085.0,205.0,,,,,,,25,272
2,771,797,1,,1750.0,1505.0,245.0,,,,,,,25,272
3,1121,1098,1,,915.0,920.0,5.0,,,,,,,25,272
4,1304,1282,1,,905.0,940.0,35.0,,,,,,,25,272
0,395,379,1,,880.0,1090.0,210.0,,,,,,,25,273
1,571,597,1,,1750.0,1505.0,245.0,,,,,,,25,273
2,921,898,1,,915.0,950.0,35.0,,,,,,,25,273
3,1104,1088,1,,905.0,910.0,5.0,,,,,,,25,273
4,1285,1270,1,,865.0,1075.0,210.0,,,,,,,25,273
0,195,179,1,,880.0,1090.0,210.0,,,,,,,25,274
1,371,397,1,,2665.0,2425.0,240.0,,,,,,,25,274
2,904,882,1,,905.0,940.0,35.0,,,,,,,25,274
3,1085,1070,1,,865.0,1075.0,210.0,,,,,,,25,274
0,345,373,1,,1795.0,1585.0,210.0,,,,,,,25,275
1,704,690,1,,905.0,905.0,0.0,,,,,,,25,275
2,885,871,1,,865.0,1070.0,205.0,,,,,,,25,275
3,1058,1085,1,,1735.0,1740.0,5.0,,,,,,,25,275
0,504,488,1,,905.0,910.0,5.0,,,,,,,25,276
1,685,670,1,,865.0,875.0,10.0,,,,,,,25,276
2,858,845,1,,3385.0,3365.0,20.0,,,,,,,25,276
0,121,98,1,,915.0,950.0,35.0,,,,,,,25,277
1,304,288,1,,905.0,910.0,5.0,,,,,,,25,277
2,485,470,1,,865.0,875.0,10.0,,,,,,,25,277
3,658,645,1,,3385.0,3365.0,20.0,,,,,,,25,277
4,1335,1318,1,,820.0,825.0,5.0,,,,,,,25,277
0,104,88,1,,905.0,910.0,5.0,,,,,,,25,278
1,285,270,1,,865.0,875.0,10.0,,,,,,,25,278
2,458,445,1,,3385.0,3365.0,20.0,,,,,,,25,278
3,1135,1118,1,,820.0,825.0,5.0,,,,,,,25,278
0,85,70,1,,865.0,875.0,10.0,,,,,,,25,279
1,258,245,1,,3385.0,3365.0,20.0,,,,,,,25,279
2,935,918,1,,820.0,825.0,5.0,,,,,,,25,279
0,735,718,1,,820.0,820.0,0.0,,,,,,,25,280
1,899,882,1,,1795.0,1800.0,5.0,,,,,,,25,280
2,1258,1242,1,,920.0,1135.0,215.0,,,,,,,25,280
0,535,518,1,,820.0,820.0,0.0,,,,,,,25,281
1,699,682,1,,1795.0,1800.0,5.0,,,,,,,25,281
2,1058,1042,1,,920.0,1135.0,215.0,,,,,,,25,281
0,499,482,1,,1795.0,1790.0,5.0,,,,,,,25,282
1,858,840,1,,920.0,920.0,0.0,,,,,,,25,282
2,1042,1024,1,,910.0,1030.0,120.0,,,,,,,25,282
0,583,565,1,,885.0,1100.0,215.0,,,,,,,25,283
1,760,785,1,,850.0,605.0,245.0,,,,,,,25,283
2,930,906,1,,1635.0,1875.0,240.0,,,,,,,25,283
3,1257,1281,1,,810.0,820.0,10.0,,,,,,,25,283
0,383,366,1,,885.0,900.0,15.0,,,,,,,25,284
1,560,546,1,,850.0,830.0,20.0,,,,,,,25,284
2,730,712,1,,1635.0,1610.0,25.0,,,,,,,25,284
3,1057,1034,1,,810.0,865.0,55.0,,,,,,,25,284
4,1219,1207,1,,825.0,800.0,25.0,,,,,,,25,284
0,183,167,1,,1735.0,1735.0,0.0,,,,,,,25,285
1,530,514,1,,1635.0,1855.0,220.0,,,,,,,25,285
2,857,885,1,,810.0,610.0,200.0,,,,,,,25,285
0,330,357,1,,820.0,820.0,0.0,,,,,,,25,286
1,494,521,1,,815.0,820.0,5.0,,,,,,,25,286
2,657,685,1,,810.0,610.0,200.0,,,,,,,25,286
0,619,603,1,,3515.0,3730.0,215.0,,,,,,,25,287
1,1322,1349,1,,880.0,880.0,0.0,,,,,,,25,287
0,257,281,1,,4325.0,4320.0,5.0,,,,,,,25,288
0,922,945,1,,2575.0,2580.0,5.0,,,,,,,25,289
0,722,745,1,,2575.0,2580.0,5.0,,,,,,,25,290
0,140,165,1,,910.0,920.0,10.0,,,,,,,25,292
0,122,98,1,,880.0,870.0,10.0,,,,,,,25,293
1,298,272,1,,1695.0,1945.0,250.0,,,,,,,25,293
2,637,661,1,,860.0,860.0,0.0,,,,,,,25,293
3,809,833,1,,875.0,880.0,5.0,,,,,,,25,293
0,437,461,1,,860.0,860.0,0.0,,,,,,,25,294
1,609,633,1,,875.0,880.0,5.0,,,,,,,25,294
0,237,261,1,,860.0,860.0,0.0,,,,,,,25,295
1,409,433,1,,4520.0,4520.0,0.0,,,,,,,25,295
2,1313,1337,1,,950.0,960.0,10.0,,,,,,,25,295
0,913,941,1,,1875.0,1880.0,5.0,,,,,,,25,297
0,322,349,1,,955.0,960.0,5.0,,,,,,,25,299
1,513,541,1,,1875.0,1880.0,5.0,,,,,,,25,299
2,888,917,1,,905.0,900.0,5.0,,,,,,,25,299
0,313,341,1,,950.0,845.0,105.0,,,,,,,25,300
0,303,329,1,,925.0,940.0,15.0,,,,,,,25,301
1,488,517,1,,2720.0,2700.0,20.0,,,,,,,25,301
0,288,313,1,,905.0,900.0,5.0,,,,,,,25,302
1,469,493,1,,920.0,920.0,0.0,,,,,,,25,302
2,653,677,1,,4475.0,4480.0,5.0,,,,,,,25,302
0,88,113,1,,905.0,900.0,5.0,,,,,,,25,303
1,269,293,1,,920.0,920.0,0.0,,,,,,,25,303
2,453,477,1,,4475.0,4480.0,5.0,,,,,,,25,303
0,253,277,1,,4475.0,4480.0,5.0,,,,,,,25,304
0,368,393,1,,900.0,890.0,10.0,,,,,,,25,307
1,548,571,1,,3625.0,3630.0,5.0,,,,,,,25,307
0,348,371,1,,3625.0,3630.0,5.0,,,,,,,25,308
0,873,850,1,,825.0,1075.0,250.0,,,,,,,25,309
1,1038,1065,1,,810.0,800.0,10.0,,,,,,,25,309
2,1200,1225,1,,765.0,570.0,195.0,,,,,,,25,309
0,307,333,1,,925.0,710.0,215.0,,,,,,,25,310
1,492,475,1,,905.0,910.0,5.0,,,,,,,25,310
2,673,657,1,,825.0,1040.0,215.0,,,,,,,25,310
3,838,865,1,,810.0,800.0,10.0,,,,,,,25,310
4,1000,1025,1,,765.0,570.0,195.0,,,,,,,25,310
5,1153,1139,1,,1415.0,1425.0,10.0,,,,,,,25,310
0,107,133,1,,925.0,710.0,215.0,,,,,,,25,311
1,292,275,1,,905.0,910.0,5.0,,,,,,,25,311
2,473,457,1,,825.0,1040.0,215.0,,,,,,,25,311
3,638,665,1,,810.0,800.0,10.0,,,,,,,25,311
4,800,825,1,,765.0,570.0,195.0,,,,,,,25,311
5,953,939,1,,1415.0,1425.0,10.0,,,,,,,25,311
0,600,625,1,,765.0,570.0,195.0,,,,,,,25,312
1,753,739,1,,1415.0,1425.0,10.0,,,,,,,25,312
0,73,97,1,,2400.0,2195.0,205.0,,,,,,,25,313
1,553,536,1,,2165.0,2210.0,45.0,,,,,,,25,313
2,986,978,1,,2780.0,2745.0,35.0,,,,,,,25,313
0,353,336,1,,2165.0,2210.0,45.0,,,,,,,25,314
1,786,778,1,,2780.0,2775.0,5.0,,,,,,,25,314
2,1342,1333,1,,940.0,920.0,20.0,,,,,,,25,314
0,153,143,1,,1415.0,1420.0,5.0,,,,,,,25,315
1,436,427,1,,3530.0,3475.0,55.0,,,,,,,25,315
2,1142,1122,1,,940.0,995.0,55.0,,,,,,,25,315
0,236,224,1,,750.0,735.0,15.0,,,,,,,25,316
1,386,371,1,,2780.0,2810.0,30.0,,,,,,,25,316
2,942,933,1,,940.0,920.0,20.0,,,,,,,25,316
0,186,216,1,,1820.0,1820.0,0.0,,,,,,,25,317
1,550,580,1,,1900.0,1675.0,225.0,,,,,,,25,317
2,930,915,1,,1880.0,2105.0,225.0,,,,,,,25,317
3,1306,1336,1,,870.0,620.0,250.0,,,,,,,25,317
0,542,533,1,,940.0,920.0,20.0,,,,,,,25,318
1,730,717,1,,2750.0,2730.0,20.0,,,,,,,25,318
0,530,517,1,,2750.0,2675.0,75.0,,,,,,,25,319
1,1080,1052,1,,1670.0,1925.0,255.0,,,,,,,25,319
0,330,318,1,,2750.0,2690.0,60.0,,,,,,,25,320
1,880,856,1,,835.0,1085.0,250.0,,,,,,,25,320
0,130,118,1,,2750.0,2730.0,20.0,,,,,,,25,321
1,680,664,1,,835.0,835.0,0.0,,,,,,,25,321
2,847,831,1,,1700.0,1910.0,210.0,,,,,,,25,321
3,1187,1213,1,,860.0,860.0,0.0,,,,,,,25,321
0,480,464,1,,835.0,1045.0,210.0,,,,,,,25,322
1,647,673,1,,2560.0,2560.0,0.0,,,,,,,25,322
0,280,264,1,,835.0,835.0,0.0,,,,,,,25,323
1,447,431,1,,1700.0,1910.0,210.0,,,,,,,25,323
2,787,813,1,,860.0,860.0,0.0,,,,,,,25,323
0,247,231,1,,1700.0,1910.0,210.0,,,,,,,25,324
1,587,613,1,,860.0,860.0,0.0,,,,,,,25,324
2,759,785,1,,3510.0,3310.0,200.0,,,,,,,25,324
0,387,413,1,,860.0,860.0,0.0,,,,,,,25,325
1,559,585,1,,3510.0,3310.0,200.0,,,,,,,25,325
2,1261,1247,1,,875.0,875.0,0.0,,,,,,,25,325
0,359,385,1,,3510.0,3245.0,265.0,,,,,,,25,326
1,1061,1034,1,,875.0,940.0,65.0,,,,,,,25,326
2,1236,1222,1,,860.0,1055.0,195.0,,,,,,,25,326
0,661,634,1,,875.0,940.0,65.0,,,,,,,25,328
1,836,822,1,,860.0,1055.0,195.0,,,,,,,25,328
2,1008,1033,1,,1850.0,1725.0,125.0,,,,,,,25,328
0,461,447,1,,875.0,875.0,0.0,,,,,,,25,329
1,636,622,1,,860.0,1055.0,195.0,,,,,,,25,329
2,808,833,1,,1850.0,1760.0,90.0,,,,,,,25,329
3,1178,1185,1,,950.0,825.0,125.0,,,,,,,25,329
4,1368,1350,1,,910.0,1100.0,190.0,,,,,,,25,329
0,261,234,1,,875.0,940.0,65.0,,,,,,,25,330
1,436,422,1,,3660.0,3640.0,20.0,,,,,,,25,330
2,1168,1150,1,,910.0,1135.0,225.0,,,,,,,25,330
0,236,241,1,,3660.0,3495.0,165.0,,,,,,,25,331
1,968,940,1,,1800.0,2065.0,265.0,,,,,,,25,331
0,208,198,1,,2800.0,2975.0,175.0,,,,,,,25,332
1,768,793,1,,1800.0,1800.0,0.0,,,,,,,25,332
2,1128,1153,1,,900.0,900.0,0.0,,,,,,,25,332
3,1308,1333,1,,920.0,920.0,0.0,,,,,,,25,332
0,368,393,1,,1800.0,1800.0,0.0,,,,,,,25,334
1,728,753,1,,900.0,900.0,0.0,,,,,,,25,334
2,908,933,1,,920.0,920.0,0.0,,,,,,,25,334
3,1092,1117,1,,1755.0,1760.0,5.0,,,,,,,25,334
0,168,140,1,,1800.0,2065.0,265.0,,,,,,,25,335
1,528,553,1,,900.0,900.0,0.0,,,,,,,25,335
2,708,733,1,,920.0,920.0,0.0,,,,,,,25,335
3,892,917,1,,2580.0,2370.0,210.0,,,,,,,25,335
4,1408,1391,1,,770.0,945.0,175.0,,,,,,,25,335
0,128,153,1,,900.0,900.0,0.0,,,,,,,25,337
1,308,333,1,,920.0,920.0,0.0,,,,,,,25,337
2,492,517,1,,890.0,645.0,245.0,,,,,,,25,337
3,670,646,1,,1690.0,1725.0,35.0,,,,,,,25,337
4,1008,991,1,,770.0,910.0,140.0,,,,,,,25,337
0,108,133,1,,920.0,920.0,0.0,,,,,,,25,338
1,292,317,1,,890.0,645.0,245.0,,,,,,,25,338
2,470,446,1,,1690.0,1725.0,35.0,,,,,,,25,338
3,808,791,1,,770.0,910.0,140.0,,,,,,,25,338
4,962,973,1,,2310.0,2380.0,70.0,,,,,,,25,338
0,92,117,1,,890.0,645.0,245.0,,,,,,,25,339
1,270,246,1,,1690.0,1720.0,30.0,,,,,,,25,339
2,608,590,1,,770.0,950.0,180.0,,,,,,,25,339
3,762,780,1,,2310.0,2345.0,35.0,,,,,,,25,339
4,1224,1249,1,,1780.0,1720.0,60.0,,,,,,,25,339
0,408,391,1,,770.0,910.0,140.0,,,,,,,25,340
1,562,573,1,,1480.0,1340.0,140.0,,,,,,,25,340
2,858,841,1,,830.0,1040.0,210.0,,,,,,,25,340
3,1024,1049,1,,1780.0,1780.0,0.0,,,,,,,25,340
0,208,191,1,,770.0,945.0,175.0,,,,,,,25,341
1,362,380,1,,2310.0,2345.0,35.0,,,,,,,25,341
2,824,849,1,,1780.0,1770.0,10.0,,,,,,,25,341
0,162,180,1,,2310.0,2345.0,35.0,,,,,,,25,342
1,624,649,1,,1780.0,1770.0,10.0,,,,,,,25,342
0,424,449,1,,1780.0,1590.0,190.0,,,,,,,25,343
1,780,767,1,,1810.0,2010.0,200.0,,,,,,,25,343
2,1142,1169,1,,885.0,810.0,75.0,,,,,,,25,343
3,1319,1331,1,,860.0,930.0,70.0,,,,,,,25,343
0,402,429,1,,1785.0,1780.0,5.0,,,,,,,25,344
1,759,785,1,,915.0,920.0,5.0,,,,,,,25,344
2,942,969,1,,2605.0,2600.0,5.0,,,,,,,25,344
0,202,229,1,,2700.0,2700.0,0.0,,,,,,,25,345
1,742,769,1,,2605.0,2600.0,5.0,,,,,,,25,345
2,1263,1289,1,,860.0,860.0,0.0,,,,,,,25,345
0,180,207,1,,2695.0,2710.0,15.0,,,,,,,25,346
1,719,749,1,,3430.0,3420.0,10.0,,,,,,,25,346
0,142,169,1,,4315.0,4310.0,5.0,,,,,,,25,348
1,1005,1031,1,,840.0,850.0,10.0,,,,,,,25,348
2,1173,1201,1,,865.0,860.0,5.0,,,,,,,25,348
0,635,661,1,,850.0,850.0,0.0,,,,,,,25,349
0,435,461,1,,850.0,850.0,0.0,,,,,,,25,350
0,205,229,1,,2590.0,2600.0,10.0,,,,,,,25,352
1,723,749,1,,1725.0,1720.0,5.0,,,,,,,25,352
0,523,549,1,,1725.0,1720.0,5.0,,,,,,,25,353
0,323,349,1,,1725.0,1720.0,5.0,,,,,,,25,354
1,668,693,1,,2620.0,2620.0,0.0,,,,,,,25,354
2,1192,1217,1,,900.0,695.0,205.0,,,,,,,25,354
0,123,149,1,,1725.0,1720.0,5.0,,,,,,,25,355
1,468,493,1,,3520.0,3315.0,205.0,,,,,,,25,355
0,268,293,1,,3520.0,3315.0,205.0,,,,,,,25,356
1,972,956,1,,2700.0,2805.0,105.0,,,,,,,25,356
0,68,93,1,,2620.0,2620.0,0.0,,,,,,,25,357
1,592,617,1,,900.0,695.0,205.0,,,,,,,25,357
2,772,756,1,,2700.0,2805.0,105.0,,,,,,,25,357
3,1312,1317,1,,895.0,1000.0,105.0,,,,,,,25,357
0,572,557,1,,2700.0,2830.0,130.0,,,,,,,25,358
1,1112,1123,1,,895.0,970.0,75.0,,,,,,,25,358
2,1291,1317,1,,865.0,860.0,5.0,,,,,,,25,358
0,192,217,1,,900.0,695.0,205.0,,,,,,,25,359
1,372,356,1,,2700.0,2810.0,110.0,,,,,,,25,359
2,912,918,1,,1760.0,1855.0,95.0,,,,,,,25,359
0,172,156,1,,2700.0,2810.0,110.0,,,,,,,25,360
1,712,718,1,,1760.0,1855.0,95.0,,,,,,,25,360
0,149,173,1,,3575.0,3570.0,5.0,,,,,,,25,361
1,864,887,1,,845.0,850.0,5.0,,,,,,,25,361
0,664,687,1,,845.0,850.0,5.0,,,,,,,25,362
1,833,857,1,,3325.0,3130.0,195.0,,,,,,,25,362
0,291,313,1,,1710.0,1720.0,10.0,,,,,,,25,363
1,633,657,1,,3325.0,3105.0,220.0,,,,,,,25,363
0,433,457,1,,1685.0,1460.0,225.0,,,,,,,25,364
1,770,749,1,,1640.0,1645.0,5.0,,,,,,,25,364
0,233,257,1,,1685.0,1460.0,225.0,,,,,,,25,365
1,570,549,1,,1640.0,1645.0,5.0,,,,,,,25,365
2,898,878,1,,1750.0,1760.0,10.0,,,,,,,25,365
3,1248,1230,1,,910.0,905.0,5.0,,,,,,,25,365
0,698,678,1,,2660.0,2665.0,5.0,,,,,,,25,366
0,498,478,1,,2660.0,2665.0,5.0,,,,,,,25,367
1,1030,1011,1,,1845.0,2050.0,205.0,,,,,,,25,367
0,298,277,1,,5435.0,5660.0,225.0,,,,,,,25,368
0,98,78,1,,2660.0,2665.0,5.0,,,,,,,25,369
1,630,611,1,,2775.0,2990.0,215.0,,,,,,,25,369
2,1185,1209,1,,915.0,920.0,5.0,,,,,,,25,369
0,430,411,1,,2775.0,2990.0,215.0,,,,,,,25,370
1,985,1009,1,,915.0,920.0,5.0,,,,,,,25,370
0,230,211,1,,2775.0,3010.0,235.0,,,,,,,25,371
1,785,813,1,,915.0,690.0,225.0,,,,,,,25,371
0,585,613,1,,915.0,690.0,225.0,,,,,,,25,372
1,768,751,1,,2680.0,2890.0,210.0,,,,,,,25,372
0,385,413,1,,915.0,690.0,225.0,,,,,,,25,373
1,568,551,1,,2680.0,2890.0,210.0,,,,,,,25,373
2,1104,1129,1,,1700.0,1700.0,0.0,,,,,,,25,373
0,304,329,1,,5360.0,5360.0,0.0,,,,,,,25,376
0,274,301,1,,3585.0,3580.0,5.0,,,,,,,25,377
1,991,1017,1,,925.0,920.0,5.0,,,,,,,25,377
0,976,1001,1,,1865.0,1860.0,5.0,,,,,,,25,378
0,176,201,1,,5435.0,5430.0,5.0,,,,,,,25,382
0,164,189,1,,4495.0,4490.0,5.0,,,,,,,25,383
0,149,173,1,,3570.0,3570.0,0.0,,,,,,,25,384
0,63,89,1,,6260.0,6260.0,0.0,,,,,,,25,388
1,1315,1341,1,,840.0,630.0,210.0,,,,,,,25,388
0,915,941,1,,840.0,595.0,245.0,,,,,,,25,390
1,1083,1060,1,,1710.0,1945.0,235.0,,,,,,,25,390
0,515,541,1,,2550.0,2540.0,10.0,,,,,,,25,392
1,1025,1049,1,,935.0,940.0,5.0,,,,,,,25,392
0,315,341,1,,2550.0,2540.0,10.0,,,,,,,25,393
1,825,849,1,,935.0,940.0,5.0,,,,,,,25,393
2,1012,1037,1,,1865.0,1725.0,140.0,,,,,,,25,393
0,115,141,1,,2550.0,2540.0,10.0,,,,,,,25,394
1,625,649,1,,935.0,940.0,5.0,,,,,,,25,394
2,812,837,1,,1865.0,1725.0,140.0,,,,,,,25,394
0,425,449,1,,2800.0,2695.0,105.0,,,,,,,25,395
0,225,249,1,,2800.0,2695.0,105.0,,,,,,,25,396
0,585,588,1,,3655.0,3755.0,100.0,,,,,,,25,397
1,1316,1339,1,,900.0,910.0,10.0,,,,,,,25,397
0,385,388,1,,3655.0,3755.0,100.0,,,,,,,25,398
1,1116,1139,1,,1805.0,1810.0,5.0,,,,,,,25,398
0,535,559,1,,3600.0,3610.0,10.0,,,,,,,25,400
1,1255,1281,1,,860.0,860.0,0.0,,,,,,,25,400
0,149,173,1,,1835.0,1840.0,5.0,,,,,,,25,401
0,591,613,1,,1640.0,1470.0,170.0,,,,,,,25,405
1,919,907,1,,1940.0,2110.0,170.0,,,,,,,25,405
0,191,213,1,,1640.0,1470.0,170.0,,,,,,,25,407
1,519,507,1,,2960.0,3130.0,170.0,,,,,,,25,407
2,1111,1133,1,,995.0,1035.0,40.0,,,,,,,25,407
0,707,736,1,,1020.0,1020.0,0.0,,,,,,,25,408
1,911,940,1,,995.0,1000.0,5.0,,,,,,,25,408
2,1110,1140,1,,950.0,905.0,45.0,,,,,,,25,408
3,1300,1321,1,,930.0,975.0,45.0,,,,,,,25,408
0,304,310,1,,2035.0,1920.0,115.0,,,,,,,25,409
1,711,694,1,,1945.0,2155.0,210.0,,,,,,,25,409
0,104,108,1,,2035.0,1920.0,115.0,,,,,,,25,410
1,511,492,1,,995.0,1205.0,210.0,,,,,,,25,410
2,710,733,1,,950.0,960.0,10.0,,,,,,,25,410
3,900,925,1,,930.0,920.0,10.0,,,,,,,25,410
4,1086,1109,1,,920.0,920.0,0.0,,,,,,,25,410
5,1270,1293,1,,900.0,695.0,205.0,,,,,,,25,410
0,311,294,1,,1945.0,2155.0,210.0,,,,,,,25,411
0,111,94,1,,1945.0,2155.0,210.0,,,,,,,25,412
1,500,525,1,,4485.0,4480.0,5.0,,,,,,,25,412
0,300,325,1,,2750.0,2760.0,10.0,,,,,,,25,413
1,850,877,1,,3495.0,3480.0,15.0,,,,,,,25,413
0,100,125,1,,2750.0,2760.0,10.0,,,,,,,25,414
0,250,277,1,,5270.0,5260.0,10.0,,,,,,,25,416
0,1104,1129,1,,1795.0,1800.0,5.0,,,,,,,25,417
0,904,929,1,,1795.0,1800.0,5.0,,,,,,,25,418
1,1263,1289,1,,940.0,940.0,0.0,,,,,,,25,418
0,1063,1048,1,,940.0,1145.0,205.0,,,,,,,25,419
1,1251,1277,1,,925.0,705.0,220.0,,,,,,,25,419
0,504,529,1,,2735.0,2740.0,5.0,,,,,,,25,420
1,1051,1077,1,,925.0,920.0,5.0,,,,,,,25,420
0,304,329,1,,1795.0,1800.0,5.0,,,,,,,25,421
1,663,689,1,,940.0,940.0,0.0,,,,,,,25,421
2,851,877,1,,925.0,920.0,5.0,,,,,,,25,421
3,1036,1061,1,,1865.0,1860.0,5.0,,,,,,,25,421
0,104,129,1,,1795.0,1545.0,250.0,,,,,,,25,422
1,463,438,1,,940.0,1195.0,255.0,,,,,,,25,422
2,651,677,1,,2790.0,2780.0,10.0,,,,,,,25,422
3,1209,1233,1,,895.0,900.0,5.0,,,,,,,25,422
0,255,237,1,,1095.0,1085.0,10.0,,,,,,,25,423
1,474,454,1,,1085.0,1295.0,210.0,,,,,,,25,423
2,691,713,1,,1030.0,820.0,210.0,,,,,,,25,423
3,897,877,1,,1960.0,2180.0,220.0,,,,,,,25,423
4,1289,1313,1,,945.0,940.0,5.0,,,,,,,25,423
0,274,255,1,,2115.0,2115.0,0.0,,,,,,,25,424
1,697,678,1,,1960.0,2175.0,215.0,,,,,,,25,424
2,1089,1113,1,,945.0,940.0,5.0,,,,,,,25,424
0,497,478,1,,1960.0,2175.0,215.0,,,,,,,25,425
1,889,913,1,,945.0,940.0,5.0,,,,,,,25,425
0,297,278,1,,1960.0,2175.0,215.0,,,,,,,25,426
1,689,713,1,,945.0,940.0,5.0,,,,,,,25,426
0,97,78,1,,1960.0,2175.0,215.0,,,,,,,25,427
1,489,513,1,,945.0,940.0,5.0,,,,,,,25,427
2,678,701,1,,2675.0,2680.0,5.0,,,,,,,25,427
0,94,117,1,,975.0,980.0,5.0,,,,,,,25,428
1,289,313,1,,945.0,940.0,5.0,,,,,,,25,428
2,478,501,1,,905.0,900.0,5.0,,,,,,,25,428
3,659,681,1,,3655.0,3695.0,40.0,,,,,,,25,428
0,89,113,1,,945.0,940.0,5.0,,,,,,,25,429
1,278,301,1,,4560.0,4595.0,35.0,,,,,,,25,429
0,78,101,1,,2675.0,2680.0,5.0,,,,,,,25,430
1,613,637,1,,1885.0,1880.0,5.0,,,,,,,25,430
0,789,813,1,,980.0,980.0,0.0,,,,,,,25,432
1,985,1009,1,,1845.0,1635.0,210.0,,,,,,,25,432
0,390,413,1,,1975.0,1980.0,5.0,,,,,,,25,433
1,785,809,1,,945.0,905.0,40.0,,,,,,,25,433
2,974,990,1,,900.0,730.0,170.0,,,,,,,25,433
3,1154,1136,1,,865.0,1030.0,165.0,,,,,,,25,433
0,954,939,1,,2585.0,2720.0,135.0,,,,,,,25,434
0,754,739,1,,2585.0,2720.0,135.0,,,,,,,25,435
0,554,539,1,,865.0,1070.0,205.0,,,,,,,25,436
1,727,753,1,,850.0,860.0,10.0,,,,,,,25,436
2,897,925,1,,870.0,790.0,80.0,,,,,,,25,436
0,354,339,1,,865.0,1070.0,205.0,,,,,,,25,437
1,527,553,1,,850.0,860.0,10.0,,,,,,,25,437
2,697,725,1,,870.0,790.0,80.0,,,,,,,25,437
3,871,883,1,,2585.0,2560.0,25.0,,,,,,,25,437
0,327,353,1,,1720.0,1650.0,70.0,,,,,,,25,438
1,671,683,1,,845.0,910.0,65.0,,,,,,,25,438
2,840,865,1,,1740.0,1645.0,95.0,,,,,,,25,438
0,127,153,1,,1720.0,1650.0,70.0,,,,,,,25,439
1,471,483,1,,2585.0,2560.0,25.0,,,,,,,25,439
0,97,125,1,,870.0,790.0,80.0,,,,,,,25,440
1,271,283,1,,2585.0,2560.0,25.0,,,,,,,25,440
2,788,795,1,,3475.0,3570.0,95.0,,,,,,,25,440
0,71,83,1,,1700.0,1770.0,70.0,,,,,,,25,441
1,411,437,1,,885.0,790.0,95.0,,,,,,,25,441
2,588,595,1,,3475.0,3570.0,95.0,,,,,,,25,441
0,211,237,1,,885.0,790.0,95.0,,,,,,,25,442
1,388,395,1,,3475.0,3570.0,95.0,,,,,,,25,442
2,1083,1109,1,,1620.0,1405.0,215.0,,,,,,,25,442
0,1007,991,1,,830.0,1050.0,220.0,,,,,,,25,444
1,1173,1201,1,,825.0,820.0,5.0,,,,,,,25,444
0,807,791,1,,830.0,1050.0,220.0,,,,,,,25,445
1,973,1001,1,,825.0,820.0,5.0,,,,,,,25,445
2,1138,1165,1,,825.0,820.0,5.0,,,,,,,25,445
0,607,590,1,,1655.0,1875.0,220.0,,,,,,,25,446
1,938,965,1,,825.0,820.0,5.0,,,,,,,25,446
0,407,391,1,,830.0,1050.0,220.0,,,,,,,25,447
1,573,601,1,,825.0,820.0,5.0,,,,,,,25,447
2,738,765,1,,825.0,820.0,5.0,,,,,,,25,447
0,207,191,1,,830.0,1050.0,220.0,,,,,,,25,448
1,373,401,1,,825.0,820.0,5.0,,,,,,,25,448
2,538,565,1,,825.0,820.0,5.0,,,,,,,25,448
3,703,729,1,,3435.0,3440.0,5.0,,,,,,,25,448
0,338,365,1,,825.0,820.0,5.0,,,,,,,25,449
1,503,529,1,,825.0,630.0,195.0,,,,,,,25,449
2,668,655,1,,3450.0,3650.0,200.0,,,,,,,25,449
0,468,451,1,,1755.0,1970.0,215.0,,,,,,,25,450
1,819,845,1,,3325.0,3105.0,220.0,,,,,,,25,450
0,103,129,1,,3435.0,3440.0,5.0,,,,,,,25,451
1,790,817,1,,840.0,840.0,0.0,,,,,,,25,451
2,958,985,1,,1630.0,1410.0,220.0,,,,,,,25,451
0,590,617,1,,840.0,840.0,0.0,,,,,,,25,452
1,758,785,1,,1630.0,1410.0,220.0,,,,,,,25,452
0,390,417,1,,840.0,840.0,0.0,,,,,,,25,453
1,558,585,1,,1630.0,1410.0,220.0,,,,,,,25,453
0,190,217,1,,840.0,840.0,0.0,,,,,,,25,454
1,358,385,1,,1630.0,1430.0,200.0,,,,,,,25,454
0,284,271,1,,5155.0,5350.0,195.0,,,,,,,25,456
1,1315,1341,1,,905.0,695.0,210.0,,,,,,,25,456
0,932,957,1,,915.0,715.0,200.0,,,,,,,25,457
1,1115,1100,1,,905.0,900.0,5.0,,,,,,,25,457
2,1296,1280,1,,890.0,1105.0,215.0,,,,,,,25,457
0,225,251,1,,3450.0,3450.0,0.0,,,,,,,25,458
1,915,941,1,,1795.0,1800.0,5.0,,,,,,,25,458
0,715,741,1,,1795.0,1800.0,5.0,,,,,,,25,459
1,1074,1101,1,,1795.0,1800.0,5.0,,,,,,,25,459
0,332,357,1,,915.0,715.0,200.0,,,,,,,25,460
1,515,500,1,,905.0,900.0,5.0,,,,,,,25,460
2,696,680,1,,890.0,1105.0,215.0,,,,,,,25,460
3,874,901,1,,2680.0,2680.0,0.0,,,,,,,25,460
0,315,341,1,,1795.0,1800.0,5.0,,,,,,,25,461
1,674,701,1,,1795.0,1800.0,5.0,,,,,,,25,461
2,1033,1061,1,,1720.0,1720.0,0.0,,,,,,,25,461
0,115,141,1,,905.0,695.0,210.0,,,,,,,25,462
1,296,280,1,,890.0,1105.0,215.0,,,,,,,25,462
2,474,501,1,,2680.0,2680.0,0.0,,,,,,,25,462
0,96,101,1,,1785.0,1880.0,95.0,,,,,,,25,463
0,253,277,1,,5275.0,5280.0,5.0,,,,,,,25,464
0,308,333,1,,6040.0,5830.0,210.0,,,,,,,25,469
0,108,133,1,,910.0,695.0,215.0,,,,,,,25,470
1,290,272,1,,5130.0,5135.0,5.0,,,,,,,25,470
2,1316,1299,1,,820.0,815.0,5.0,,,,,,,25,470
0,450,459,1,,3330.0,3195.0,135.0,,,,,,,25,471
1,1116,1098,1,,820.0,820.0,0.0,,,,,,,25,471
2,1280,1262,1,,845.0,1055.0,210.0,,,,,,,25,471
0,250,259,1,,3330.0,3200.0,130.0,,,,,,,25,472
1,916,899,1,,820.0,815.0,5.0,,,,,,,25,472
2,1080,1062,1,,845.0,1055.0,210.0,,,,,,,25,472
3,1249,1273,1,,870.0,880.0,10.0,,,,,,,25,472
0,716,699,1,,820.0,815.0,5.0,,,,,,,25,473
1,880,862,1,,845.0,1055.0,210.0,,,,,,,25,473
0,680,661,1,,845.0,1060.0,215.0,,,,,,,25,474
0,316,295,1,,820.0,825.0,5.0,,,,,,,25,475
1,480,460,1,,1715.0,1925.0,210.0,,,,,,,25,475
0,280,261,1,,845.0,1060.0,215.0,,,,,,,25,476
0,80,110,1,,1715.0,1675.0,40.0,,,,,,,25,477
1,423,445,1,,865.0,870.0,5.0,,,,,,,25,477
2,596,619,1,,3575.0,3605.0,30.0,,,,,,,25,477
0,165,185,1,,1775.0,1815.0,40.0,,,,,,,25,480
1,520,548,1,,955.0,960.0,5.0,,,,,,,25,480
2,711,740,1,,1865.0,1860.0,5.0,,,,,,,25,480
3,1084,1112,1,,1760.0,1760.0,0.0,,,,,,,25,480
0,684,666,1,,885.0,850.0,35.0,,,,,,,25,482
1,861,836,1,,2510.0,2540.0,30.0,,,,,,,25,482
2,1363,1344,1,,800.0,770.0,30.0,,,,,,,25,482
0,461,489,1,,2510.0,2275.0,235.0,,,,,,,25,484
0,261,289,1,,2510.0,2275.0,235.0,,,,,,,25,485
0,61,89,1,,2510.0,2275.0,235.0,,,,,,,25,486
1,563,544,1,,4220.0,4445.0,225.0,,,,,,,25,486
0,363,346,1,,1620.0,1620.0,0.0,,,,,,,25,487
1,687,670,1,,2600.0,2815.0,215.0,,,,,,,25,487
2,1207,1233,1,,865.0,860.0,5.0,,,,,,,25,487
3,1380,1405,1,,850.0,645.0,205.0,,,,,,,25,487
0,163,151,1,,800.0,800.0,0.0,,,,,,,25,488
1,323,311,1,,5135.0,5120.0,15.0,,,,,,,25,488
0,607,633,1,,865.0,860.0,5.0,,,,,,,25,490
1,780,805,1,,850.0,640.0,210.0,,,,,,,25,490
2,950,933,1,,2475.0,2465.0,10.0,,,,,,,25,490
0,750,734,1,,3290.0,3280.0,10.0,,,,,,,25,491
0,550,534,1,,3290.0,3280.0,10.0,,,,,,,25,492
1,1208,1190,1,,805.0,810.0,5.0,,,,,,,25,492
0,350,334,1,,3290.0,3280.0,10.0,,,,,,,25,493
1,1008,990,1,,805.0,810.0,5.0,,,,,,,25,493
2,1169,1152,1,,830.0,1045.0,215.0,,,,,,,25,493
0,150,135,1,,1660.0,1660.0,0.0,,,,,,,25,494
1,482,467,1,,1630.0,1620.0,10.0,,,,,,,25,494
2,808,791,1,,805.0,815.0,10.0,,,,,,,25,494
3,969,954,1,,2630.0,2835.0,205.0,,,,,,,25,494
0,608,590,1,,805.0,810.0,5.0,,,,,,,25,495
1,769,752,1,,830.0,1045.0,215.0,,,,,,,25,495
2,935,961,1,,1800.0,1800.0,0.0,,,,,,,25,495
3,1295,1321,1,,935.0,940.0,5.0,,,,,,,25,495
0,245,226,1,,815.0,820.0,5.0,,,,,,,25,496
1,408,390,1,,805.0,810.0,5.0,,,,,,,25,496
2,569,552,1,,4480.0,4480.0,0.0,,,,,,,25,496
0,208,190,1,,805.0,810.0,5.0,,,,,,,25,497
1,369,352,1,,830.0,1045.0,215.0,,,,,,,25,497
2,535,561,1,,1800.0,1800.0,0.0,,,,,,,25,497
3,895,921,1,,935.0,940.0,5.0,,,,,,,25,497
4,1082,1109,1,,915.0,705.0,210.0,,,,,,,25,497
5,1265,1250,1,,915.0,1115.0,200.0,,,,,,,25,497
0,169,151,1,,3565.0,3790.0,225.0,,,,,,,25,498
1,882,909,1,,915.0,695.0,220.0,,,,,,,25,498
0,682,705,1,,915.0,920.0,5.0,,,,,,,25,499
1,865,889,1,,1805.0,1800.0,5.0,,,,,,,25,499
0,665,689,1,,3375.0,3380.0,5.0,,,,,,,25,500
1,1340,1365,1,,755.0,760.0,5.0,,,,,,,25,500
0,282,305,1,,915.0,920.0,5.0,,,,,,,25,501
1,465,489,1,,1805.0,1800.0,5.0,,,,,,,25,501
2,826,849,1,,1570.0,1580.0,10.0,,,,,,,25,501
0,82,105,1,,915.0,710.0,205.0,,,,,,,25,502
1,265,247,1,,1805.0,2010.0,205.0,,,,,,,25,502
2,626,649,1,,1570.0,1580.0,10.0,,,,,,,25,502
0,65,89,1,,1805.0,1800.0,5.0,,,,,,,25,503
1,426,449,1,,1570.0,1580.0,10.0,,,,,,,25,503
0,226,249,1,,1570.0,1580.0,10.0,,,,,,,25,504
1,540,565,1,,4375.0,4165.0,210.0,,,,,,,25,504
0,340,365,1,,4375.0,4165.0,210.0,,,,,,,25,505
0,140,165,1,,4375.0,4165.0,210.0,,,,,,,25,506
0,815,798,1,,1950.0,2155.0,205.0,,,,,,,25,507
0,419,448,1,,980.0,740.0,240.0,,,,,,,25,508
0,219,248,1,,980.0,740.0,240.0,,,,,,,25,509
1,415,396,1,,4610.0,4825.0,215.0,,,,,,,25,509
0,215,196,1,,4610.0,4825.0,215.0,,,,,,,25,510
1,1137,1161,1,,825.0,820.0,5.0,,,,,,,25,510
0,937,961,1,,825.0,820.0,5.0,,,,,,,25,511
1,1102,1125,1,,1720.0,1755.0,35.0,,,,,,,25,511
0,391,413,1,,2555.0,2595.0,40.0,,,,,,,25,512
1,902,932,1,,1720.0,1720.0,0.0,,,,,,,25,512
2,1246,1276,1,,870.0,625.0,245.0,,,,,,,25,512
0,702,683,1,,1720.0,1965.0,245.0,,,,,,,25,513
0,502,487,1,,1720.0,1945.0,225.0,,,,,,,25,514
1,846,876,1,,870.0,630.0,240.0,,,,,,,25,514
2,1020,1002,1,,815.0,825.0,10.0,,,,,,,25,514
3,1183,1167,1,,1615.0,1595.0,20.0,,,,,,,25,514
0,302,283,1,,1720.0,1965.0,245.0,,,,,,,25,515
1,646,676,1,,2480.0,2270.0,210.0,,,,,,,25,515
2,1142,1130,1,,820.0,780.0,40.0,,,,,,,25,515
0,102,83,1,,840.0,1050.0,210.0,,,,,,,25,516
1,270,293,1,,880.0,915.0,35.0,,,,,,,25,516
2,446,476,1,,2480.0,2260.0,220.0,,,,,,,25,516
3,942,928,1,,820.0,790.0,30.0,,,,,,,25,516
0,70,100,1,,2565.0,2335.0,230.0,,,,,,,25,517
1,583,567,1,,795.0,805.0,10.0,,,,,,,25,517
2,742,728,1,,820.0,790.0,30.0,,,,,,,25,517
0,542,530,1,,820.0,780.0,40.0,,,,,,,25,518
0,183,167,1,,795.0,815.0,20.0,,,,,,,25,519
1,342,330,1,,820.0,780.0,40.0,,,,,,,25,519
2,506,486,1,,4885.0,4905.0,20.0,,,,,,,25,519
0,306,287,1,,5695.0,5700.0,5.0,,,,,,,25,520
0,106,86,1,,4885.0,4905.0,20.0,,,,,,,25,521
1,1083,1067,1,,810.0,1010.0,200.0,,,,,,,25,521
2,1245,1269,1,,825.0,605.0,220.0,,,,,,,25,521
0,569,554,1,,1570.0,1520.0,50.0,,,,,,,25,522
1,883,858,1,,810.0,845.0,35.0,,,,,,,25,522
2,1045,1027,1,,1680.0,1890.0,210.0,,,,,,,25,522
0,683,667,1,,810.0,800.0,10.0,,,,,,,25,523
1,845,827,1,,1680.0,1890.0,210.0,,,,,,,25,523
0,483,467,1,,1635.0,1865.0,230.0,,,,,,,25,524
1,810,840,1,,855.0,825.0,30.0,,,,,,,25,524
0,283,267,1,,1635.0,1865.0,230.0,,,,,,,25,525
1,610,640,1,,855.0,825.0,30.0,,,,,,,25,525
2,781,805,1,,2480.0,2480.0,0.0,,,,,,,25,525
3,1277,1301,1,,820.0,605.0,215.0,,,,,,,25,525
0,581,605,1,,3300.0,3085.0,215.0,,,,,,,25,526
1,1241,1222,1,,830.0,825.0,5.0,,,,,,,25,526
0,1041,1022,1,,830.0,825.0,5.0,,,,,,,25,527
0,181,205,1,,3300.0,3085.0,215.0,,,,,,,25,528
1,841,822,1,,830.0,825.0,5.0,,,,,,,25,528
0,641,622,1,,830.0,825.0,5.0,,,,,,,25,529
1,807,787,1,,1665.0,1890.0,225.0,,,,,,,25,529
0,277,301,1,,820.0,605.0,215.0,,,,,,,25,530
1,441,422,1,,830.0,825.0,5.0,,,,,,,25,530
0,77,101,1,,820.0,605.0,215.0,,,,,,,25,531
1,241,222,1,,830.0,825.0,5.0,,,,,,,25,531
2,407,387,1,,835.0,1050.0,215.0,,,,,,,25,531
3,574,597,1,,3390.0,3135.0,255.0,,,,,,,25,531
4,1252,1224,1,,865.0,1125.0,260.0,,,,,,,25,531
0,207,187,1,,1665.0,1890.0,225.0,,,,,,,25,532
1,540,565,1,,3425.0,3420.0,5.0,,,,,,,25,532
2,1225,1249,1,,1675.0,1680.0,5.0,,,,,,,25,532
0,340,365,1,,3425.0,3420.0,5.0,,,,,,,25,533
1,1025,1049,1,,1675.0,1680.0,5.0,,,,,,,25,533
0,140,165,1,,3425.0,3420.0,5.0,,,,,,,25,534
1,825,849,1,,1675.0,1680.0,5.0,,,,,,,25,534
2,1160,1185,1,,840.0,840.0,0.0,,,,,,,25,534
3,1328,1353,1,,880.0,880.0,0.0,,,,,,,25,534
0,625,653,1,,1675.0,1660.0,15.0,,,,,,,25,535
1,960,985,1,,840.0,650.0,190.0,,,,,,,25,535
2,1128,1115,1,,880.0,1070.0,190.0,,,,,,,25,535
3,1304,1329,1,,925.0,715.0,210.0,,,,,,,25,535
0,594,619,1,,1670.0,1480.0,190.0,,,,,,,25,536
1,928,915,1,,880.0,1070.0,190.0,,,,,,,25,536
2,1104,1129,1,,925.0,685.0,240.0,,,,,,,25,536
0,394,419,1,,2550.0,2550.0,0.0,,,,,,,25,537
1,904,929,1,,925.0,935.0,10.0,,,,,,,25,537
0,194,219,1,,2550.0,2550.0,0.0,,,,,,,25,538
1,704,729,1,,925.0,935.0,10.0,,,,,,,25,538
0,328,319,1,,1805.0,1990.0,185.0,,,,,,,25,539
1,689,717,1,,3645.0,3640.0,5.0,,,,,,,25,539
0,128,157,1,,1805.0,1595.0,210.0,,,,,,,25,540
0,89,117,1,,3645.0,3640.0,5.0,,,,,,,25,542
1,818,845,1,,825.0,820.0,5.0,,,,,,,25,542
2,983,1009,1,,2555.0,2560.0,5.0,,,,,,,25,542
0,618,645,1,,825.0,820.0,5.0,,,,,,,25,543
1,783,809,1,,2555.0,2560.0,5.0,,,,,,,25,543
0,418,445,1,,5045.0,4965.0,80.0,,,,,,,25,544
0,218,245,1,,5045.0,4965.0,80.0,,,,,,,25,545
0,349,373,1,,860.0,860.0,0.0,,,,,,,25,546
1,521,545,1,,2530.0,2490.0,40.0,,,,,,,25,546
0,149,173,1,,860.0,860.0,0.0,,,,,,,25,547
1,321,345,1,,2530.0,2490.0,40.0,,,,,,,25,547
0,294,317,1,,1665.0,1625.0,40.0,,,,,,,25,548
1,627,642,1,,3435.0,3475.0,40.0,,,,,,,25,548
2,1314,1337,1,,945.0,940.0,5.0,,,,,,,25,548
0,94,117,1,,1665.0,1625.0,40.0,,,,,,,25,549
1,427,442,1,,3435.0,3475.0,40.0,,,,,,,25,549
2,1114,1137,1,,945.0,940.0,5.0,,,,,,,25,549
0,714,737,1,,945.0,940.0,5.0,,,,,,,25,551
1,903,925,1,,1765.0,1780.0,15.0,,,,,,,25,551
2,1256,1281,1,,825.0,820.0,5.0,,,,,,,25,551
0,883,866,1,,865.0,1075.0,210.0,,,,,,,25,552
0,683,666,1,,3380.0,3595.0,215.0,,,,,,,25,553
0,483,456,1,,3380.0,3645.0,265.0,,,,,,,25,554
1,1159,1185,1,,865.0,860.0,5.0,,,,,,,25,554
0,1304,1329,1,,865.0,860.0,5.0,,,,,,,25,555
0,932,957,1,,860.0,860.0,0.0,,,,,,,25,556
1,1104,1129,1,,865.0,860.0,5.0,,,,,,,25,556
0,386,409,1,,2590.0,2600.0,10.0,,,,,,,25,557
1,904,929,1,,865.0,860.0,5.0,,,,,,,25,557
0,186,209,1,,2590.0,2600.0,10.0,,,,,,,25,558
1,704,729,1,,865.0,860.0,5.0,,,,,,,25,558
0,332,357,1,,860.0,860.0,0.0,,,,,,,25,559
1,504,529,1,,865.0,860.0,5.0,,,,,,,25,559
0,132,157,1,,860.0,860.0,0.0,,,,,,,25,560
1,304,329,1,,865.0,860.0,5.0,,,,,,,25,560
2,477,501,1,,4455.0,4460.0,5.0,,,,,,,25,560
0,104,129,1,,865.0,860.0,5.0,,,,,,,25,561
1,277,301,1,,4455.0,4460.0,5.0,,,,,,,25,561
2,1168,1193,1,,915.0,695.0,220.0,,,,,,,25,561
0,77,101,1,,4455.0,4460.0,5.0,,,,,,,25,562
1,968,993,1,,915.0,695.0,220.0,,,,,,,25,562
2,1151,1132,1,,885.0,1105.0,220.0,,,,,,,25,562
3,1328,1353,1,,885.0,635.0,250.0,,,,,,,25,562
0,951,932,1,,1770.0,1985.0,215.0,,,,,,,25,563
0,568,593,1,,915.0,695.0,220.0,,,,,,,25,564
1,751,732,1,,885.0,1105.0,220.0,,,,,,,25,564
2,928,953,1,,885.0,675.0,210.0,,,,,,,25,564
0,728,706,1,,885.0,1135.0,250.0,,,,,,,25,565
1,905,933,1,,860.0,860.0,0.0,,,,,,,25,565
2,1077,1105,1,,845.0,840.0,5.0,,,,,,,25,565
3,1246,1273,1,,825.0,785.0,40.0,,,,,,,25,565
0,528,506,1,,885.0,1135.0,250.0,,,,,,,25,566
1,705,733,1,,860.0,860.0,0.0,,,,,,,25,566
2,877,905,1,,845.0,840.0,5.0,,,,,,,25,566
3,1046,1073,1,,825.0,785.0,40.0,,,,,,,25,566
4,1211,1230,1,,810.0,855.0,45.0,,,,,,,25,566
0,128,153,1,,885.0,645.0,240.0,,,,,,,25,568
1,305,282,1,,860.0,1115.0,255.0,,,,,,,25,568
0,105,133,1,,860.0,860.0,0.0,,,,,,,25,569
1,277,305,1,,845.0,840.0,5.0,,,,,,,25,569
2,446,473,1,,3460.0,3460.0,0.0,,,,,,,25,569
3,1138,1165,1,,985.0,980.0,5.0,,,,,,,25,569
0,77,105,1,,845.0,840.0,5.0,,,,,,,25,570
1,246,273,1,,825.0,785.0,40.0,,,,,,,25,570
2,411,430,1,,2635.0,2675.0,40.0,,,,,,,25,570
3,938,965,1,,985.0,980.0,5.0,,,,,,,25,570
4,1135,1161,1,,1905.0,1695.0,210.0,,,,,,,25,570
0,738,765,1,,2890.0,2675.0,215.0,,,,,,,25,571
1,1316,1300,1,,895.0,1125.0,230.0,,,,,,,25,571
0,538,565,1,,985.0,980.0,5.0,,,,,,,25,572
1,735,761,1,,1905.0,1695.0,210.0,,,,,,,25,572
2,1116,1100,1,,895.0,1105.0,210.0,,,,,,,25,572
3,1295,1321,1,,840.0,860.0,20.0,,,,,,,25,572
0,916,899,1,,2580.0,2790.0,210.0,,,,,,,25,573
0,138,165,1,,985.0,980.0,5.0,,,,,,,25,574
1,335,361,1,,1905.0,1695.0,210.0,,,,,,,25,574
2,716,700,1,,895.0,1105.0,210.0,,,,,,,25,574
0,135,161,1,,1905.0,1695.0,210.0,,,,,,,25,575
1,516,500,1,,1735.0,1935.0,200.0,,,,,,,25,575
2,863,887,1,,845.0,850.0,5.0,,,,,,,25,575
3,1032,1057,1,,820.0,840.0,20.0,,,,,,,25,575
4,1196,1225,1,,815.0,585.0,230.0,,,,,,,25,575
0,316,300,1,,2580.0,2805.0,225.0,,,,,,,25,576
1,832,861,1,,3455.0,3440.0,15.0,,,,,,,25,576
0,116,100,1,,2580.0,2805.0,225.0,,,,,,,25,577
1,632,661,1,,4410.0,4400.0,10.0,,,,,,,25,577
0,396,421,1,,815.0,820.0,5.0,,,,,,,25,579
1,559,585,1,,2775.0,2780.0,5.0,,,,,,,25,579
2,1114,1141,1,,1830.0,1820.0,10.0,,,,,,,25,579
0,196,221,1,,815.0,820.0,5.0,,,,,,,25,580
1,359,385,1,,2775.0,2780.0,5.0,,,,,,,25,580
2,914,941,1,,1830.0,1820.0,10.0,,,,,,,25,580
0,127,133,1,,925.0,1010.0,85.0,,,,,,,27,581
1,312,335,1,,960.0,870.0,90.0,,,,,,,27,581
2,504,509,1,,1000.0,1000.0,0.0,,,,,,,27,581
3,704,709,1,,1010.0,1000.0,10.0,,,,,,,27,581
4,906,909,1,,965.0,980.0,15.0,,,,,,,27,581
5,1099,1105,1,,975.0,960.0,15.0,,,,,,,27,581
6,1294,1297,1,,1000.0,1000.0,0.0,,,,,,,27,581
0,112,136,1,,960.0,865.0,95.0,,,,,,,27,582
1,304,309,1,,1000.0,1000.0,0.0,,,,,,,27,582
2,504,509,1,,1010.0,1000.0,10.0,,,,,,,27,582
3,706,709,1,,965.0,980.0,15.0,,,,,,,27,582
4,899,905,1,,975.0,960.0,15.0,,,,,,,27,582
5,1094,1097,1,,1000.0,1020.0,20.0,,,,,,,27,582
6,1294,1301,1,,1005.0,980.0,25.0,,,,,,,27,582
0,104,109,1,,1000.0,1015.0,15.0,,,,,,,27,583
1,304,312,1,,1010.0,1005.0,5.0,,,,,,,27,583
2,506,513,1,,965.0,960.0,5.0,,,,,,,27,583
3,699,705,1,,975.0,980.0,5.0,,,,,,,27,583
4,894,901,1,,1000.0,1000.0,0.0,,,,,,,27,583
5,1094,1101,1,,1005.0,1000.0,5.0,,,,,,,27,583
6,1295,1301,1,,985.0,980.0,5.0,,,,,,,27,583
0,104,112,1,,1010.0,1005.0,5.0,,,,,,,27,584
1,306,313,1,,965.0,960.0,5.0,,,,,,,27,584
2,499,505,1,,975.0,980.0,5.0,,,,,,,27,584
3,694,701,1,,1000.0,1000.0,0.0,,,,,,,27,584
4,894,901,1,,1005.0,1000.0,5.0,,,,,,,27,584
5,1095,1101,1,,985.0,980.0,5.0,,,,,,,27,584
6,1292,1297,1,,980.0,995.0,15.0,,,,,,,27,584
0,106,109,1,,965.0,980.0,15.0,,,,,,,27,585
1,299,305,1,,975.0,960.0,15.0,,,,,,,27,585
2,494,497,1,,1000.0,1020.0,20.0,,,,,,,27,585
3,694,701,1,,1005.0,1045.0,40.0,,,,,,,27,585
4,895,910,1,,985.0,935.0,50.0,,,,,,,27,585
5,1092,1097,1,,980.0,985.0,5.0,,,,,,,27,585
6,1288,1294,1,,990.0,990.0,0.0,,,,,,,27,585
0,99,105,1,,975.0,980.0,5.0,,,,,,,27,586
1,294,301,1,,1000.0,1000.0,0.0,,,,,,,27,586
2,494,501,1,,1005.0,980.0,25.0,,,,,,,27,586
3,695,697,1,,985.0,1000.0,15.0,,,,,,,27,586
4,892,897,1,,980.0,985.0,5.0,,,,,,,27,586
5,1088,1094,1,,990.0,990.0,0.0,,,,,,,27,586
6,1286,1292,1,,1055.0,990.0,65.0,,,,,,,27,586
0,94,101,1,,1000.0,1000.0,0.0,,,,,,,27,587
1,294,301,1,,1005.0,980.0,25.0,,,,,,,27,587
2,495,497,1,,985.0,1000.0,15.0,,,,,,,27,587
3,692,697,1,,980.0,985.0,5.0,,,,,,,27,587
4,888,894,1,,990.0,990.0,0.0,,,,,,,27,587
5,1086,1092,1,,1055.0,990.0,65.0,,,,,,,27,587
6,1297,1290,1,,1060.0,1100.0,40.0,,,,,,,27,587
0,94,101,1,,1005.0,1000.0,5.0,,,,,,,27,588
1,295,301,1,,985.0,980.0,5.0,,,,,,,27,588
2,492,497,1,,980.0,985.0,5.0,,,,,,,27,588
3,688,694,1,,990.0,990.0,0.0,,,,,,,27,588
4,886,892,1,,2115.0,2105.0,10.0,,,,,,,27,588
5,1309,1313,1,,1020.0,1020.0,0.0,,,,,,,27,588
0,95,101,1,,985.0,980.0,5.0,,,,,,,27,589
1,292,297,1,,980.0,985.0,5.0,,,,,,,27,589
2,488,494,1,,990.0,990.0,0.0,,,,,,,27,589
3,686,692,1,,1055.0,1030.0,25.0,,,,,,,27,589
4,897,898,1,,1060.0,1075.0,15.0,,,,,,,27,589
5,1109,1113,1,,1020.0,1020.0,0.0,,,,,,,27,589
6,1313,1317,1,,995.0,1050.0,55.0,,,,,,,27,589
0,92,97,1,,980.0,985.0,5.0,,,,,,,27,590
1,288,294,1,,990.0,990.0,0.0,,,,,,,27,590
2,486,492,1,,1055.0,1030.0,25.0,,,,,,,27,590
3,697,698,1,,1060.0,1075.0,15.0,,,,,,,27,590
4,909,913,1,,1020.0,1020.0,0.0,,,,,,,27,590
5,1113,1117,1,,995.0,1095.0,100.0,,,,,,,27,590
6,1312,1336,1,,1000.0,910.0,90.0,,,,,,,27,590
0,88,94,1,,990.0,990.0,0.0,,,,,,,27,591
1,286,292,1,,2115.0,2105.0,10.0,,,,,,,27,591
2,709,713,1,,1020.0,1020.0,0.0,,,,,,,27,591
3,913,917,1,,995.0,1095.0,100.0,,,,,,,27,591
4,1112,1136,1,,1000.0,910.0,90.0,,,,,,,27,591
5,1312,1318,1,,1025.0,1035.0,10.0,,,,,,,27,591
0,86,92,1,,2115.0,2105.0,10.0,,,,,,,27,592
1,509,513,1,,1020.0,1020.0,0.0,,,,,,,27,592
2,713,717,1,,995.0,1095.0,100.0,,,,,,,27,592
3,912,936,1,,1000.0,910.0,90.0,,,,,,,27,592
4,1112,1118,1,,1025.0,1035.0,10.0,,,,,,,27,592
5,1317,1325,1,,1040.0,1040.0,0.0,,,,,,,27,592
0,97,101,1,,1060.0,1060.0,0.0,,,,,,,27,593
1,309,313,1,,1020.0,1020.0,0.0,,,,,,,27,593
2,513,517,1,,995.0,980.0,15.0,,,,,,,27,593
3,712,713,1,,2025.0,2045.0,20.0,,,,,,,27,593
4,1117,1122,1,,1040.0,1035.0,5.0,,,,,,,27,593
5,1325,1329,1,,1040.0,1040.0,0.0,,,,,,,27,593
0,109,113,1,,1020.0,1020.0,0.0,,,,,,,27,594
1,313,317,1,,995.0,980.0,15.0,,,,,,,27,594
2,512,513,1,,2025.0,2045.0,20.0,,,,,,,27,594
3,917,922,1,,1040.0,1035.0,5.0,,,,,,,27,594
4,1125,1129,1,,1040.0,1045.0,5.0,,,,,,,27,594
5,1333,1338,1,,995.0,995.0,0.0,,,,,,,27,594
0,113,117,1,,995.0,1005.0,10.0,,,,,,,27,595
1,312,318,1,,2025.0,2015.0,10.0,,,,,,,27,595
2,717,721,1,,1040.0,1040.0,0.0,,,,,,,27,595
3,925,929,1,,1040.0,1040.0,0.0,,,,,,,27,595
4,1133,1137,1,,995.0,1000.0,5.0,,,,,,,27,595
0,112,135,1,,2025.0,1935.0,90.0,,,,,,,27,596
1,517,522,1,,1040.0,1035.0,5.0,,,,,,,27,596
2,725,729,1,,1040.0,1045.0,5.0,,,,,,,27,596
3,933,938,1,,995.0,995.0,0.0,,,,,,,27,596
4,1132,1137,1,,2000.0,2000.0,0.0,,,,,,,27,596
0,317,322,1,,1040.0,1035.0,5.0,,,,,,,27,597
1,525,529,1,,1040.0,1045.0,5.0,,,,,,,27,597
2,733,738,1,,995.0,995.0,0.0,,,,,,,27,597
3,932,937,1,,3030.0,3040.0,10.0,,,,,,,27,597
0,117,118,1,,1040.0,1055.0,15.0,,,,,,,27,598
1,325,329,1,,1040.0,1045.0,5.0,,,,,,,27,598
2,533,538,1,,995.0,995.0,0.0,,,,,,,27,598
3,732,737,1,,3030.0,3040.0,10.0,,,,,,,27,598
0,125,129,1,,1040.0,1045.0,5.0,,,,,,,27,599
1,333,338,1,,995.0,995.0,0.0,,,,,,,27,599
2,532,537,1,,3030.0,3040.0,10.0,,,,,,,27,599
3,1138,1145,1,,1085.0,1080.0,5.0,,,,,,,27,599
0,133,141,1,,995.0,980.0,15.0,,,,,,,27,600
1,332,337,1,,3030.0,3040.0,10.0,,,,,,,27,600
2,938,945,1,,1085.0,1080.0,5.0,,,,,,,27,600
3,1155,1161,1,,1030.0,1040.0,10.0,,,,,,,27,600
4,1361,1369,1,,1010.0,1085.0,75.0,,,,,,,27,600
0,132,137,1,,3030.0,3040.0,10.0,,,,,,,27,601
1,738,745,1,,1085.0,1080.0,5.0,,,,,,,27,601
2,955,961,1,,1030.0,1040.0,10.0,,,,,,,27,601
3,1161,1169,1,,1010.0,1045.0,35.0,,,,,,,27,601
0,129,146,1,,1015.0,955.0,60.0,,,,,,,27,602
1,332,337,1,,2115.0,2105.0,10.0,,,,,,,27,602
2,755,758,1,,1030.0,1055.0,25.0,,,,,,,27,602
3,961,969,1,,2050.0,2025.0,25.0,,,,,,,27,602
0,132,137,1,,2115.0,2105.0,10.0,,,,,,,27,603
1,555,558,1,,1030.0,1055.0,25.0,,,,,,,27,603
2,761,769,1,,3140.0,3120.0,20.0,,,,,,,27,603
0,355,358,1,,1030.0,1055.0,25.0,,,,,,,27,604
1,561,569,1,,2050.0,2025.0,25.0,,,,,,,27,604
2,971,974,1,,1090.0,1095.0,5.0,,,,,,,27,604
3,1189,1193,1,,1080.0,1080.0,0.0,,,,,,,27,604
0,155,161,1,,1030.0,1040.0,10.0,,,,,,,27,605
1,361,369,1,,1010.0,1045.0,35.0,,,,,,,27,605
2,563,578,1,,2130.0,2050.0,80.0,,,,,,,27,605
3,989,988,1,,1080.0,1090.0,10.0,,,,,,,27,605
4,1205,1206,1,,1010.0,1035.0,25.0,,,,,,,27,605
0,161,169,1,,1010.0,1045.0,35.0,,,,,,,27,606
1,363,378,1,,2130.0,2050.0,80.0,,,,,,,27,606
2,789,788,1,,1080.0,1105.0,25.0,,,,,,,27,606
3,1005,1009,1,,1010.0,1020.0,10.0,,,,,,,27,606
4,1207,1213,1,,975.0,955.0,20.0,,,,,,,27,606
0,163,178,1,,2130.0,2050.0,80.0,,,,,,,27,607
1,589,588,1,,1080.0,1090.0,10.0,,,,,,,27,607
2,805,806,1,,1010.0,1035.0,25.0,,,,,,,27,607
3,1007,1013,1,,975.0,955.0,20.0,,,,,,,27,607
4,1202,1204,1,,985.0,1005.0,20.0,,,,,,,27,607
0,389,388,1,,1080.0,1090.0,10.0,,,,,,,27,608
1,605,606,1,,1010.0,1035.0,25.0,,,,,,,27,608
2,807,813,1,,1960.0,1960.0,0.0,,,,,,,27,608
3,1199,1205,1,,1025.0,1040.0,15.0,,,,,,,27,608
0,189,202,1,,1080.0,1015.0,65.0,,,,,,,27,609
1,405,405,1,,1010.0,1040.0,30.0,,,,,,,27,609
2,607,613,1,,975.0,945.0,30.0,,,,,,,27,609
3,802,802,1,,985.0,1015.0,30.0,,,,,,,27,609
4,999,1005,1,,1025.0,1025.0,0.0,,,,,,,27,609
5,1204,1210,1,,1055.0,1035.0,20.0,,,,,,,27,609
0,205,205,1,,1010.0,1040.0,30.0,,,,,,,27,610
1,407,413,1,,975.0,945.0,30.0,,,,,,,27,610
2,602,602,1,,985.0,1015.0,30.0,,,,,,,27,610
3,799,805,1,,1025.0,1025.0,0.0,,,,,,,27,610
4,1004,1010,1,,1055.0,1035.0,20.0,,,,,,,27,610
5,1215,1217,1,,1030.0,1040.0,10.0,,,,,,,27,610
0,207,213,1,,1960.0,1960.0,0.0,,,,,,,27,611
1,599,605,1,,1025.0,1025.0,0.0,,,,,,,27,611
2,804,810,1,,1055.0,1035.0,20.0,,,,,,,27,611
3,1015,1017,1,,1030.0,1040.0,10.0,,,,,,,27,611
4,1221,1225,1,,1005.0,1020.0,15.0,,,,,,,27,611
0,202,202,1,,985.0,1015.0,30.0,,,,,,,27,612
1,399,405,1,,1025.0,1025.0,0.0,,,,,,,27,612
2,604,610,1,,1055.0,1055.0,0.0,,,,,,,27,612
3,815,821,1,,1030.0,1020.0,10.0,,,,,,,27,612
4,1021,1025,1,,1005.0,1020.0,15.0,,,,,,,27,612
5,1222,1229,1,,1010.0,1005.0,5.0,,,,,,,27,612
0,199,205,1,,1025.0,1040.0,15.0,,,,,,,27,613
1,404,413,1,,1055.0,1040.0,15.0,,,,,,,27,613
2,615,621,1,,1030.0,1040.0,10.0,,,,,,,27,613
3,821,829,1,,1005.0,1005.0,0.0,,,,,,,27,613
4,1022,1030,1,,1010.0,1015.0,5.0,,,,,,,27,613
5,1224,1233,1,,1065.0,1060.0,5.0,,,,,,,27,613
0,204,213,1,,1055.0,1040.0,15.0,,,,,,,27,614
1,415,421,1,,1030.0,1040.0,10.0,,,,,,,27,614
2,621,629,1,,1005.0,1005.0,0.0,,,,,,,27,614
3,822,830,1,,1010.0,1015.0,5.0,,,,,,,27,614
4,1024,1033,1,,1065.0,1060.0,5.0,,,,,,,27,614
5,1237,1245,1,,1065.0,1060.0,5.0,,,,,,,27,614
0,215,217,1,,1030.0,1040.0,10.0,,,,,,,27,615
1,421,425,1,,1005.0,1020.0,15.0,,,,,,,27,615
2,622,629,1,,1010.0,1005.0,5.0,,,,,,,27,615
3,824,830,1,,1065.0,980.0,85.0,,,,,,,27,615
4,1037,1026,1,,1065.0,1135.0,70.0,,,,,,,27,615
5,1250,1253,1,,1030.0,1040.0,10.0,,,,,,,27,615
0,221,225,1,,1005.0,1020.0,15.0,,,,,,,27,616
1,422,429,1,,1010.0,1005.0,5.0,,,,,,,27,616
2,624,630,1,,1065.0,980.0,85.0,,,,,,,27,616
3,837,826,1,,1065.0,1135.0,70.0,,,,,,,27,616
4,1050,1053,1,,1030.0,1040.0,10.0,,,,,,,27,616
0,222,229,1,,1010.0,1015.0,5.0,,,,,,,27,617
1,424,432,1,,1065.0,1065.0,0.0,,,,,,,27,617
2,637,645,1,,1065.0,1060.0,5.0,,,,,,,27,617
3,850,857,1,,1030.0,1020.0,10.0,,,,,,,27,617
4,1056,1061,1,,995.0,1050.0,55.0,,,,,,,27,617
0,224,232,1,,1065.0,1065.0,0.0,,,,,,,27,618
1,437,445,1,,1065.0,1060.0,5.0,,,,,,,27,618
2,650,657,1,,1030.0,1020.0,10.0,,,,,,,27,618
3,856,861,1,,3075.0,3080.0,5.0,,,,,,,27,618
0,237,245,1,,1065.0,1060.0,5.0,,,,,,,27,619
1,450,457,1,,1030.0,1020.0,10.0,,,,,,,27,619
2,656,661,1,,3075.0,3080.0,5.0,,,,,,,27,619
3,1271,1277,1,,1030.0,1020.0,10.0,,,,,,,27,619
0,250,253,1,,1030.0,1040.0,10.0,,,,,,,27,620
1,456,461,1,,995.0,980.0,15.0,,,,,,,27,620
2,655,657,1,,1030.0,1040.0,10.0,,,,,,,27,620
3,861,865,1,,1050.0,1055.0,5.0,,,,,,,27,620
4,1071,1076,1,,1030.0,1025.0,5.0,,,,,,,27,620
5,1277,1281,1,,995.0,1010.0,15.0,,,,,,,27,620
0,256,261,1,,995.0,980.0,15.0,,,,,,,27,621
1,455,457,1,,1030.0,1040.0,10.0,,,,,,,27,621
2,661,665,1,,1050.0,1040.0,10.0,,,,,,,27,621
3,871,873,1,,1030.0,1040.0,10.0,,,,,,,27,621
4,1077,1081,1,,995.0,1010.0,15.0,,,,,,,27,621
5,1276,1283,1,,1000.0,995.0,5.0,,,,,,,27,621
0,461,465,1,,1050.0,1060.0,10.0,,,,,,,27,622
1,671,677,1,,1030.0,1020.0,10.0,,,,,,,27,622
2,877,881,1,,995.0,1010.0,15.0,,,,,,,27,622
3,1076,1083,1,,1000.0,1035.0,35.0,,,,,,,27,622
4,1276,1290,1,,1030.0,995.0,35.0,,,,,,,27,622
0,261,265,1,,1050.0,1060.0,10.0,,,,,,,27,623
1,471,477,1,,1030.0,1020.0,10.0,,,,,,,27,623
2,677,681,1,,995.0,1010.0,15.0,,,,,,,27,623
3,876,883,1,,1000.0,1035.0,35.0,,,,,,,27,623
4,1076,1090,1,,1030.0,995.0,35.0,,,,,,,27,623
5,1282,1289,1,,1045.0,1050.0,5.0,,,,,,,27,623
0,271,277,1,,1030.0,1020.0,10.0,,,,,,,27,624
1,477,481,1,,995.0,1010.0,15.0,,,,,,,27,624
2,676,683,1,,1000.0,1035.0,35.0,,,,,,,27,624
3,876,890,1,,1030.0,995.0,35.0,,,,,,,27,624
4,1082,1089,1,,1045.0,1050.0,5.0,,,,,,,27,624
5,1291,1299,1,,1055.0,1050.0,5.0,,,,,,,27,624
0,71,77,1,,1030.0,1020.0,10.0,,,,,,,27,625
1,277,281,1,,995.0,1010.0,15.0,,,,,,,27,625
2,476,483,1,,1000.0,1035.0,35.0,,,,,,,27,625
3,676,690,1,,1030.0,960.0,70.0,,,,,,,27,625
4,882,882,1,,1045.0,1085.0,40.0,,,,,,,27,625
5,1091,1099,1,,1055.0,1050.0,5.0,,,,,,,27,625
6,1302,1309,1,,1025.0,1020.0,5.0,,,,,,,27,625
0,77,81,1,,995.0,1010.0,15.0,,,,,,,27,626
1,276,283,1,,1000.0,995.0,5.0,,,,,,,27,626
2,476,482,1,,1030.0,1000.0,30.0,,,,,,,27,626
3,682,682,1,,1045.0,1075.0,30.0,,,,,,,27,626
4,891,897,1,,1055.0,1055.0,0.0,,,,,,,27,626
5,1102,1108,1,,1025.0,1025.0,0.0,,,,,,,27,626
6,1307,1313,1,,1005.0,1045.0,40.0,,,,,,,27,626
0,76,83,1,,1000.0,1045.0,45.0,,,,,,,27,627
1,276,292,1,,1030.0,1020.0,10.0,,,,,,,27,627
2,482,496,1,,1045.0,1050.0,5.0,,,,,,,27,627
3,691,706,1,,1055.0,1015.0,40.0,,,,,,,27,627
4,902,909,1,,1025.0,1020.0,5.0,,,,,,,27,627
5,1107,1113,1,,1005.0,1055.0,50.0,,,,,,,27,627
6,1308,1324,1,,1010.0,965.0,45.0,,,,,,,27,627
0,76,93,1,,1030.0,980.0,50.0,,,,,,,27,628
1,282,289,1,,2100.0,2100.0,0.0,,,,,,,27,628
2,702,709,1,,1025.0,1025.0,0.0,,,,,,,27,628
3,907,914,1,,1005.0,980.0,25.0,,,,,,,27,628
4,1108,1110,1,,1010.0,1035.0,25.0,,,,,,,27,628
5,1310,1317,1,,1025.0,1020.0,5.0,,,,,,,27,628
0,82,89,1,,2100.0,2100.0,0.0,,,,,,,27,629
1,502,509,1,,1025.0,1025.0,0.0,,,,,,,27,629
2,707,714,1,,1005.0,1050.0,45.0,,,,,,,27,629
3,908,924,1,,1010.0,965.0,45.0,,,,,,,27,629
4,1110,1117,1,,1025.0,1020.0,5.0,,,,,,,27,629
5,1315,1321,1,,1010.0,1020.0,10.0,,,,,,,27,629
0,91,108,1,,1055.0,1005.0,50.0,,,,,,,27,630
1,302,309,1,,1025.0,1025.0,0.0,,,,,,,27,630
2,507,514,1,,1005.0,1050.0,45.0,,,,,,,27,630
3,708,724,1,,1010.0,965.0,45.0,,,,,,,27,630
4,910,917,1,,1025.0,1020.0,5.0,,,,,,,27,630
5,1115,1121,1,,1010.0,1020.0,10.0,,,,,,,27,630
6,1317,1325,1,,1005.0,1000.0,5.0,,,,,,,27,630
0,102,109,1,,1025.0,1020.0,5.0,,,,,,,27,631
1,307,313,1,,2015.0,2020.0,5.0,,,,,,,27,631
2,710,717,1,,1025.0,1020.0,5.0,,,,,,,27,631
3,915,921,1,,1010.0,1020.0,10.0,,,,,,,27,631
4,1117,1125,1,,1005.0,980.0,25.0,,,,,,,27,631
5,1318,1321,1,,980.0,1000.0,20.0,,,,,,,27,631
0,107,113,1,,2015.0,2020.0,5.0,,,,,,,27,632
1,510,517,1,,1025.0,1020.0,5.0,,,,,,,27,632
2,715,721,1,,1010.0,1020.0,10.0,,,,,,,27,632
3,917,925,1,,1005.0,1000.0,5.0,,,,,,,27,632
4,1118,1125,1,,980.0,980.0,0.0,,,,,,,27,632
5,1314,1321,1,,965.0,960.0,5.0,,,,,,,27,632
0,108,110,1,,1010.0,1035.0,25.0,,,,,,,27,633
1,310,317,1,,1025.0,1020.0,5.0,,,,,,,27,633
2,515,521,1,,1010.0,1020.0,10.0,,,,,,,27,633
3,717,725,1,,1005.0,1000.0,5.0,,,,,,,27,633
4,918,925,1,,980.0,980.0,0.0,,,,,,,27,633
5,1114,1121,1,,965.0,960.0,5.0,,,,,,,27,633
6,1307,1313,1,,1010.0,1020.0,10.0,,,,,,,27,633
0,110,117,1,,1025.0,1020.0,5.0,,,,,,,27,634
1,315,321,1,,1010.0,1020.0,10.0,,,,,,,27,634
2,517,525,1,,1005.0,1000.0,5.0,,,,,,,27,634
3,718,725,1,,980.0,980.0,0.0,,,,,,,27,634
4,914,921,1,,965.0,960.0,5.0,,,,,,,27,634
5,1107,1113,1,,2035.0,2040.0,5.0,,,,,,,27,634
0,115,121,1,,1010.0,1020.0,10.0,,,,,,,27,635
1,317,325,1,,1005.0,1000.0,5.0,,,,,,,27,635
2,518,525,1,,980.0,980.0,0.0,,,,,,,27,635
3,714,721,1,,965.0,960.0,5.0,,,,,,,27,635
4,907,913,1,,1010.0,1050.0,40.0,,,,,,,27,635
5,1109,1123,1,,1025.0,990.0,35.0,,,,,,,27,635
0,117,125,1,,1005.0,980.0,25.0,,,,,,,27,636
1,318,321,1,,980.0,1000.0,20.0,,,,,,,27,636
2,514,521,1,,965.0,960.0,5.0,,,,,,,27,636
3,707,713,1,,2035.0,2040.0,5.0,,,,,,,27,636
4,1114,1121,1,,1050.0,1040.0,10.0,,,,,,,27,636
5,1324,1329,1,,1000.0,980.0,20.0,,,,,,,27,636
0,118,121,1,,980.0,1000.0,20.0,,,,,,,27,637
1,314,321,1,,965.0,960.0,5.0,,,,,,,27,637
2,507,513,1,,2035.0,2040.0,5.0,,,,,,,27,637
3,914,921,1,,1050.0,1040.0,10.0,,,,,,,27,637
4,1124,1129,1,,1000.0,980.0,20.0,,,,,,,27,637
5,1324,1325,1,,975.0,1000.0,25.0,,,,,,,27,637
0,114,121,1,,965.0,960.0,5.0,,,,,,,27,638
1,307,313,1,,1010.0,1000.0,10.0,,,,,,,27,638
2,509,513,1,,1025.0,1040.0,15.0,,,,,,,27,638
3,714,721,1,,1050.0,1040.0,10.0,,,,,,,27,638
4,924,929,1,,1000.0,980.0,20.0,,,,,,,27,638
5,1124,1125,1,,975.0,1000.0,25.0,,,,,,,27,638
6,1319,1325,1,,985.0,980.0,5.0,,,,,,,27,638
0,107,113,1,,1010.0,1000.0,10.0,,,,,,,27,639
1,309,313,1,,1025.0,1040.0,15.0,,,,,,,27,639
2,514,521,1,,1050.0,1040.0,10.0,,,,,,,27,639
3,724,729,1,,1000.0,980.0,20.0,,,,,,,27,639
4,924,925,1,,975.0,1000.0,25.0,,,,,,,27,639
5,1119,1125,1,,985.0,980.0,5.0,,,,,,,27,639
6,1316,1321,1,,990.0,995.0,5.0,,,,,,,27,639
0,109,117,1,,1025.0,1020.0,5.0,,,,,,,27,640
1,314,321,1,,1050.0,1040.0,10.0,,,,,,,27,640
2,524,529,1,,1000.0,980.0,20.0,,,,,,,27,640
3,724,725,1,,975.0,1000.0,25.0,,,,,,,27,640
4,919,925,1,,985.0,980.0,5.0,,,,,,,27,640
5,1116,1121,1,,990.0,1000.0,10.0,,,,,,,27,640
6,1314,1321,1,,990.0,980.0,10.0,,,,,,,27,640
0,114,121,1,,1050.0,1040.0,10.0,,,,,,,27,641
1,324,329,1,,1000.0,980.0,20.0,,,,,,,27,641
2,524,525,1,,975.0,1000.0,25.0,,,,,,,27,641
3,719,725,1,,985.0,980.0,5.0,,,,,,,27,641
4,916,921,1,,990.0,995.0,5.0,,,,,,,27,641
5,1114,1120,1,,990.0,985.0,5.0,,,,,,,27,641
6,1312,1317,1,,1005.0,1000.0,5.0,,,,,,,27,641
0,124,129,1,,1000.0,980.0,20.0,,,,,,,27,642
1,324,325,1,,975.0,1000.0,25.0,,,,,,,27,642
2,519,525,1,,985.0,980.0,5.0,,,,,,,27,642
3,716,721,1,,990.0,995.0,5.0,,,,,,,27,642
4,914,920,1,,990.0,985.0,5.0,,,,,,,27,642
5,1112,1117,1,,1005.0,1000.0,5.0,,,,,,,27,642
6,1313,1317,1,,975.0,985.0,10.0,,,,,,,27,642
0,124,125,1,,975.0,1000.0,25.0,,,,,,,27,643
1,319,325,1,,985.0,980.0,5.0,,,,,,,27,643
2,516,521,1,,990.0,1000.0,10.0,,,,,,,27,643
3,714,721,1,,990.0,980.0,10.0,,,,,,,27,643
4,912,917,1,,1005.0,1000.0,5.0,,,,,,,27,643
5,1113,1117,1,,975.0,985.0,10.0,,,,,,,27,643
6,1308,1314,1,,950.0,955.0,5.0,,,,,,,27,643
0,119,125,1,,985.0,980.0,5.0,,,,,,,27,644
1,316,321,1,,990.0,1000.0,10.0,,,,,,,27,644
2,514,521,1,,990.0,980.0,10.0,,,,,,,27,644
3,712,717,1,,1005.0,1000.0,5.0,,,,,,,27,644
4,913,917,1,,975.0,985.0,10.0,,,,,,,27,644
5,1108,1114,1,,950.0,955.0,5.0,,,,,,,27,644
6,1298,1305,1,,995.0,1000.0,5.0,,,,,,,27,644
0,116,121,1,,990.0,1000.0,10.0,,,,,,,27,645
1,314,321,1,,990.0,980.0,10.0,,,,,,,27,645
2,512,517,1,,1005.0,1000.0,5.0,,,,,,,27,645
3,713,717,1,,975.0,985.0,10.0,,,,,,,27,645
4,908,914,1,,950.0,955.0,5.0,,,,,,,27,645
5,1098,1105,1,,995.0,1000.0,5.0,,,,,,,27,645
6,1297,1305,1,,1015.0,1000.0,15.0,,,,,,,27,645
0,114,121,1,,990.0,980.0,10.0,,,,,,,27,646
1,312,317,1,,1005.0,1020.0,15.0,,,,,,,27,646
2,513,521,1,,975.0,980.0,5.0,,,,,,,27,646
3,708,717,1,,950.0,940.0,10.0,,,,,,,27,646
4,898,905,1,,995.0,1000.0,5.0,,,,,,,27,646
5,1097,1105,1,,1015.0,1015.0,0.0,,,,,,,27,646
6,1300,1308,1,,1020.0,1005.0,15.0,,,,,,,27,646
0,112,117,1,,1005.0,1000.0,5.0,,,,,,,27,647
1,313,317,1,,975.0,985.0,10.0,,,,,,,27,647
2,508,514,1,,950.0,955.0,5.0,,,,,,,27,647
3,698,705,1,,995.0,1000.0,5.0,,,,,,,27,647
4,897,905,1,,1015.0,1000.0,15.0,,,,,,,27,647
5,1100,1105,1,,1020.0,1020.0,0.0,,,,,,,27,647
6,1304,1309,1,,1000.0,1000.0,0.0,,,,,,,27,647
0,113,117,1,,975.0,985.0,10.0,,,,,,,27,648
1,308,314,1,,950.0,955.0,5.0,,,,,,,27,648
2,498,505,1,,995.0,1000.0,5.0,,,,,,,27,648
3,697,705,1,,1015.0,1000.0,15.0,,,,,,,27,648
4,900,905,1,,1020.0,1020.0,0.0,,,,,,,27,648
5,1104,1109,1,,1000.0,1000.0,0.0,,,,,,,27,648
0,108,117,1,,950.0,940.0,10.0,,,,,,,27,649
1,298,305,1,,995.0,1000.0,5.0,,,,,,,27,649
2,497,505,1,,1015.0,1015.0,0.0,,,,,,,27,649
3,700,708,1,,1020.0,1005.0,15.0,,,,,,,27,649
4,904,909,1,,1000.0,1020.0,20.0,,,,,,,27,649
5,1104,1113,1,,1000.0,1000.0,0.0,,,,,,,27,649
0,98,105,1,,995.0,1000.0,5.0,,,,,,,27,650
1,297,305,1,,1015.0,1015.0,0.0,,,,,,,27,650
2,500,508,1,,1020.0,1005.0,15.0,,,,,,,27,650
3,704,709,1,,1000.0,1020.0,20.0,,,,,,,27,650
4,904,913,1,,3035.0,3035.0,0.0,,,,,,,27,650
0,97,105,1,,1015.0,1015.0,0.0,,,,,,,27,651
1,300,308,1,,1020.0,1005.0,15.0,,,,,,,27,651
2,504,509,1,,1000.0,1020.0,20.0,,,,,,,27,651
3,704,713,1,,3035.0,3035.0,0.0,,,,,,,27,651
0,100,105,1,,1020.0,1020.0,0.0,,,,,,,27,652
1,304,309,1,,1000.0,1020.0,20.0,,,,,,,27,652
2,504,513,1,,3035.0,3035.0,0.0,,,,,,,27,652
3,1111,1120,1,,1070.0,1065.0,5.0,,,,,,,27,652
4,1325,1333,1,,1045.0,1020.0,25.0,,,,,,,27,652
0,104,109,1,,1000.0,1000.0,0.0,,,,,,,27,653
1,304,309,1,,4105.0,4100.0,5.0,,,,,,,27,653
2,1125,1129,1,,1045.0,1040.0,5.0,,,,,,,27,653
3,1334,1337,1,,1010.0,1030.0,20.0,,,,,,,27,653
0,104,109,1,,4105.0,4100.0,5.0,,,,,,,27,654
1,925,929,1,,1045.0,1040.0,5.0,,,,,,,27,654
2,1134,1137,1,,1010.0,1025.0,15.0,,,,,,,27,654
3,1336,1342,1,,980.0,975.0,5.0,,,,,,,27,654
0,725,729,1,,1045.0,1040.0,5.0,,,,,,,27,655
1,934,937,1,,1010.0,1025.0,15.0,,,,,,,27,655
2,1136,1142,1,,980.0,975.0,5.0,,,,,,,27,655
3,1332,1337,1,,995.0,1000.0,5.0,,,,,,,27,655
0,525,518,1,,1045.0,1095.0,50.0,,,,,,,27,656
1,734,737,1,,1010.0,1020.0,10.0,,,,,,,27,656
2,936,941,1,,980.0,960.0,20.0,,,,,,,27,656
3,1132,1133,1,,995.0,1020.0,25.0,,,,,,,27,656
0,111,106,1,,1070.0,1115.0,45.0,,,,,,,27,657
1,325,329,1,,1045.0,1040.0,5.0,,,,,,,27,657
2,534,537,1,,1010.0,1020.0,10.0,,,,,,,27,657
3,736,741,1,,980.0,960.0,20.0,,,,,,,27,657
4,932,933,1,,995.0,1020.0,25.0,,,,,,,27,657
5,1131,1137,1,,2075.0,2155.0,80.0,,,,,,,27,657
0,125,118,1,,1045.0,1095.0,50.0,,,,,,,27,658
1,334,337,1,,1010.0,1020.0,10.0,,,,,,,27,658
2,536,541,1,,980.0,960.0,20.0,,,,,,,27,658
3,732,733,1,,995.0,1020.0,25.0,,,,,,,27,658
4,931,937,1,,2075.0,2060.0,15.0,,,,,,,27,658
5,1346,1349,1,,1065.0,1045.0,20.0,,,,,,,27,658
0,134,137,1,,1010.0,1020.0,10.0,,,,,,,27,659
1,336,341,1,,980.0,960.0,20.0,,,,,,,27,659
2,532,533,1,,995.0,1020.0,25.0,,,,,,,27,659
3,731,737,1,,2075.0,2045.0,30.0,,,,,,,27,659
4,1146,1146,1,,1065.0,1020.0,45.0,,,,,,,27,659
5,1359,1350,1,,1030.0,1185.0,155.0,,,,,,,27,659
0,136,141,1,,980.0,960.0,20.0,,,,,,,27,660
1,332,333,1,,995.0,1020.0,25.0,,,,,,,27,660
2,531,537,1,,2075.0,2060.0,15.0,,,,,,,27,660
3,946,949,1,,1065.0,1080.0,15.0,,,,,,,27,660
4,1159,1165,1,,1030.0,1020.0,10.0,,,,,,,27,660
5,1365,1369,1,,1005.0,1100.0,95.0,,,,,,,27,660
0,132,133,1,,995.0,1020.0,25.0,,,,,,,27,661
1,331,337,1,,2075.0,2060.0,15.0,,,,,,,27,661
2,746,749,1,,1065.0,1080.0,15.0,,,,,,,27,661
3,959,965,1,,1030.0,1020.0,10.0,,,,,,,27,661
4,1165,1169,1,,2020.0,2115.0,95.0,,,,,,,27,661
0,131,137,1,,2075.0,2060.0,15.0,,,,,,,27,662
1,546,549,1,,1065.0,1080.0,15.0,,,,,,,27,662
2,759,765,1,,1030.0,1020.0,10.0,,,,,,,27,662
0,138,145,1,,1040.0,1020.0,20.0,,,,,,,27,663
1,346,349,1,,1065.0,1080.0,15.0,,,,,,,27,663
2,559,565,1,,1030.0,1020.0,10.0,,,,,,,27,663
0,146,149,1,,1065.0,1080.0,15.0,,,,,,,27,664
1,359,365,1,,1030.0,1020.0,10.0,,,,,,,27,664
2,565,569,1,,3070.0,3125.0,55.0,,,,,,,27,664
3,1179,1194,1,,1080.0,1035.0,45.0,,,,,,,27,664
0,159,157,1,,1030.0,1060.0,30.0,,,,,,,27,665
1,365,369,1,,2020.0,2110.0,90.0,,,,,,,27,665
2,769,791,1,,1050.0,970.0,80.0,,,,,,,27,665
3,979,985,1,,1080.0,1060.0,20.0,,,,,,,27,665
4,1195,1197,1,,1060.0,1045.0,15.0,,,,,,,27,665
0,165,169,1,,2020.0,2005.0,15.0,,,,,,,27,666
1,569,570,1,,1050.0,1075.0,25.0,,,,,,,27,666
2,779,785,1,,1080.0,1080.0,0.0,,,,,,,27,666
3,995,1001,1,,1060.0,1040.0,20.0,,,,,,,27,666
4,1207,1209,1,,1020.0,1090.0,70.0,,,,,,,27,666
0,579,585,1,,1080.0,1060.0,20.0,,,,,,,27,667
1,795,797,1,,1060.0,1060.0,0.0,,,,,,,27,667
2,1007,1009,1,,1020.0,1020.0,0.0,,,,,,,27,667
3,1211,1213,1,,1000.0,1020.0,20.0,,,,,,,27,667
0,379,385,1,,1080.0,1080.0,0.0,,,,,,,27,668
1,595,601,1,,1060.0,1040.0,20.0,,,,,,,27,668
2,807,809,1,,1020.0,1090.0,70.0,,,,,,,27,668
3,1011,1027,1,,1000.0,950.0,50.0,,,,,,,27,668
4,1211,1217,1,,1020.0,1020.0,0.0,,,,,,,27,668
0,179,185,1,,1080.0,1080.0,0.0,,,,,,,27,669
1,395,401,1,,1060.0,1040.0,20.0,,,,,,,27,669
2,607,609,1,,1020.0,1090.0,70.0,,,,,,,27,669
3,811,827,1,,1000.0,950.0,50.0,,,,,,,27,669
4,1011,1017,1,,1020.0,1020.0,0.0,,,,,,,27,669
0,195,201,1,,1060.0,1060.0,0.0,,,,,,,27,670
1,407,413,1,,1020.0,1005.0,15.0,,,,,,,27,670
2,611,614,1,,1000.0,1020.0,20.0,,,,,,,27,670
3,811,818,1,,1020.0,1065.0,45.0,,,,,,,27,670
4,1015,1031,1,,1050.0,975.0,75.0,,,,,,,27,670
5,1225,1226,1,,1075.0,1070.0,5.0,,,,,,,27,670
0,207,209,1,,1020.0,1020.0,0.0,,,,,,,27,671
1,411,413,1,,1000.0,1020.0,20.0,,,,,,,27,671
2,611,617,1,,1020.0,985.0,35.0,,,,,,,27,671
3,815,814,1,,2125.0,2155.0,30.0,,,,,,,27,671
4,1240,1245,1,,1060.0,1060.0,0.0,,,,,,,27,671
0,211,227,1,,1000.0,950.0,50.0,,,,,,,27,672
1,411,417,1,,1020.0,1020.0,0.0,,,,,,,27,672
2,615,621,1,,2125.0,2125.0,0.0,,,,,,,27,672
3,1040,1046,1,,1060.0,1055.0,5.0,,,,,,,27,672
4,1252,1257,1,,1030.0,1040.0,10.0,,,,,,,27,672
0,211,217,1,,1020.0,1020.0,0.0,,,,,,,27,673
1,415,421,1,,2125.0,2120.0,5.0,,,,,,,27,673
2,840,845,1,,1060.0,1060.0,0.0,,,,,,,27,673
3,1052,1057,1,,1030.0,1040.0,10.0,,,,,,,27,673
4,1258,1265,1,,1005.0,1055.0,50.0,,,,,,,27,673
0,215,222,1,,1050.0,1055.0,5.0,,,,,,,27,674
1,425,433,1,,1075.0,1035.0,40.0,,,,,,,27,674
2,640,640,1,,1060.0,1085.0,25.0,,,,,,,27,674
3,852,857,1,,1030.0,1045.0,15.0,,,,,,,27,674
4,1058,1066,1,,1005.0,1045.0,40.0,,,,,,,27,674
0,225,233,1,,1075.0,1035.0,40.0,,,,,,,27,675
1,440,440,1,,1060.0,1085.0,25.0,,,,,,,27,675
2,652,657,1,,1030.0,1045.0,15.0,,,,,,,27,675
3,858,866,1,,1005.0,1045.0,40.0,,,,,,,27,675
0,240,245,1,,1060.0,1060.0,0.0,,,,,,,27,676
1,452,457,1,,1030.0,1040.0,10.0,,,,,,,27,676
2,658,665,1,,1005.0,1055.0,50.0,,,,,,,27,676
3,859,876,1,,3115.0,3065.0,50.0,,,,,,,27,676
0,252,257,1,,1030.0,1040.0,10.0,,,,,,,27,677
1,458,465,1,,1005.0,1055.0,50.0,,,,,,,27,677
2,659,676,1,,3115.0,3065.0,50.0,,,,,,,27,677
3,1282,1289,1,,1025.0,1065.0,40.0,,,,,,,27,677
0,258,265,1,,1005.0,1055.0,50.0,,,,,,,27,678
1,459,476,1,,3115.0,3065.0,50.0,,,,,,,27,678
2,1082,1089,1,,1025.0,1065.0,40.0,,,,,,,27,678
0,259,275,1,,2070.0,2065.0,5.0,,,,,,,27,679
1,673,688,1,,4105.0,4065.0,40.0,,,,,,,27,679
0,1294,1294,1,,1050.0,1075.0,25.0,,,,,,,27,680
0,273,290,1,,2070.0,2000.0,70.0,,,,,,,27,681
1,687,690,1,,3085.0,3095.0,10.0,,,,,,,27,681
2,1304,1309,1,,1035.0,1040.0,5.0,,,,,,,27,681
0,894,894,1,,1050.0,1075.0,25.0,,,,,,,27,682
1,1104,1109,1,,1035.0,1040.0,5.0,,,,,,,27,682
2,1311,1317,1,,1010.0,1020.0,10.0,,,,,,,27,682
0,1111,1117,1,,1010.0,1020.0,10.0,,,,,,,27,683
1,1313,1321,1,,990.0,985.0,5.0,,,,,,,27,683
0,494,494,1,,1050.0,1075.0,25.0,,,,,,,27,684
1,704,709,1,,1035.0,1040.0,5.0,,,,,,,27,684
2,911,917,1,,1010.0,1020.0,10.0,,,,,,,27,684
3,1113,1121,1,,990.0,985.0,5.0,,,,,,,27,684
4,1311,1318,1,,970.0,975.0,5.0,,,,,,,27,684
0,294,294,1,,1050.0,1075.0,25.0,,,,,,,27,685
1,504,509,1,,1035.0,1040.0,5.0,,,,,,,27,685
2,711,717,1,,1010.0,1020.0,10.0,,,,,,,27,685
3,913,921,1,,990.0,980.0,10.0,,,,,,,27,685
4,1111,1117,1,,970.0,980.0,10.0,,,,,,,27,685
5,1305,1313,1,,1000.0,980.0,20.0,,,,,,,27,685
0,94,94,1,,1050.0,1075.0,25.0,,,,,,,27,686
1,304,309,1,,1035.0,1040.0,5.0,,,,,,,27,686
2,511,517,1,,1010.0,1020.0,10.0,,,,,,,27,686
3,713,721,1,,990.0,980.0,10.0,,,,,,,27,686
4,911,917,1,,970.0,980.0,10.0,,,,,,,27,686
5,1105,1113,1,,1000.0,980.0,20.0,,,,,,,27,686
6,1305,1309,1,,1025.0,1040.0,15.0,,,,,,,27,686
0,104,109,1,,1035.0,1040.0,5.0,,,,,,,27,687
1,311,317,1,,1010.0,1020.0,10.0,,,,,,,27,687
2,513,521,1,,990.0,985.0,5.0,,,,,,,27,687
3,711,718,1,,970.0,975.0,5.0,,,,,,,27,687
4,905,913,1,,1000.0,980.0,20.0,,,,,,,27,687
5,1105,1109,1,,1025.0,1040.0,15.0,,,,,,,27,687
6,1310,1317,1,,1040.0,1040.0,0.0,,,,,,,27,687
0,111,117,1,,1010.0,1005.0,5.0,,,,,,,27,688
1,313,318,1,,990.0,995.0,5.0,,,,,,,27,688
2,511,517,1,,970.0,960.0,10.0,,,,,,,27,688
3,705,709,1,,1000.0,1000.0,0.0,,,,,,,27,688
4,905,909,1,,1025.0,1020.0,5.0,,,,,,,27,688
5,1110,1113,1,,1040.0,1060.0,20.0,,,,,,,27,688
0,113,118,1,,990.0,995.0,5.0,,,,,,,27,689
1,311,317,1,,970.0,945.0,25.0,,,,,,,27,689
2,505,506,1,,1000.0,1015.0,15.0,,,,,,,27,689
3,705,709,1,,1025.0,1020.0,5.0,,,,,,,27,689
4,910,913,1,,1040.0,1060.0,20.0,,,,,,,27,689
5,1118,1125,1,,1005.0,1045.0,40.0,,,,,,,27,689
6,1319,1334,1,,970.0,915.0,55.0,,,,,,,27,689
0,111,117,1,,970.0,980.0,10.0,,,,,,,27,690
1,305,313,1,,1000.0,980.0,20.0,,,,,,,27,690
2,505,509,1,,1025.0,1040.0,15.0,,,,,,,27,690
3,710,717,1,,1040.0,1040.0,0.0,,,,,,,27,690
4,918,925,1,,1005.0,1050.0,45.0,,,,,,,27,690
5,1119,1135,1,,970.0,930.0,40.0,,,,,,,27,690
6,1313,1321,1,,985.0,980.0,5.0,,,,,,,27,690
0,105,113,1,,1000.0,980.0,20.0,,,,,,,27,691
1,305,309,1,,1025.0,1040.0,15.0,,,,,,,27,691
2,510,517,1,,1040.0,1040.0,0.0,,,,,,,27,691
3,718,725,1,,1005.0,1050.0,45.0,,,,,,,27,691
4,919,935,1,,970.0,930.0,40.0,,,,,,,27,691
5,1113,1121,1,,985.0,980.0,5.0,,,,,,,27,691
6,1310,1317,1,,1000.0,1000.0,0.0,,,,,,,27,691
0,105,109,1,,1025.0,1040.0,15.0,,,,,,,27,692
1,310,317,1,,1040.0,1040.0,0.0,,,,,,,27,692
2,518,525,1,,1005.0,1005.0,0.0,,,,,,,27,692
3,719,726,1,,970.0,975.0,5.0,,,,,,,27,692
4,913,921,1,,985.0,980.0,5.0,,,,,,,27,692
5,1110,1117,1,,1000.0,1000.0,0.0,,,,,,,27,692
6,1310,1317,1,,1020.0,1020.0,0.0,,,,,,,27,692
0,110,117,1,,1040.0,1040.0,0.0,,,,,,,27,693
1,318,325,1,,1005.0,1005.0,0.0,,,,,,,27,693
2,519,526,1,,970.0,975.0,5.0,,,,,,,27,693
3,713,721,1,,985.0,980.0,5.0,,,,,,,27,693
4,910,917,1,,1000.0,1000.0,0.0,,,,,,,27,693
5,1110,1117,1,,1020.0,1020.0,0.0,,,,,,,27,693
6,1314,1321,1,,1030.0,1000.0,30.0,,,,,,,27,693
0,118,125,1,,1005.0,1005.0,0.0,,,,,,,27,694
1,319,326,1,,970.0,970.0,0.0,,,,,,,27,694
2,513,520,1,,985.0,985.0,0.0,,,,,,,27,694
3,710,717,1,,1000.0,1000.0,0.0,,,,,,,27,694
4,910,917,1,,1020.0,1020.0,0.0,,,,,,,27,694
5,1114,1121,1,,1030.0,1030.0,0.0,,,,,,,27,694
6,1320,1327,1,,1000.0,990.0,10.0,,,,,,,27,694
0,313,321,1,,985.0,980.0,5.0,,,,,,,27,695
1,510,517,1,,1000.0,1000.0,0.0,,,,,,,27,695
2,710,717,1,,1020.0,1020.0,0.0,,,,,,,27,695
3,914,921,1,,1030.0,1000.0,30.0,,,,,,,27,695
4,1120,1121,1,,1000.0,1025.0,25.0,,,,,,,27,695
5,1320,1326,1,,1010.0,1000.0,10.0,,,,,,,27,695
0,113,121,1,,985.0,980.0,5.0,,,,,,,27,696
1,310,317,1,,1000.0,1000.0,0.0,,,,,,,27,696
2,510,517,1,,1020.0,1020.0,0.0,,,,,,,27,696
3,714,721,1,,1030.0,1000.0,30.0,,,,,,,27,696
4,920,921,1,,1000.0,1025.0,25.0,,,,,,,27,696
5,1120,1126,1,,1010.0,1020.0,10.0,,,,,,,27,696
6,1322,1330,1,,1005.0,1045.0,40.0,,,,,,,27,696
0,110,117,1,,1000.0,1000.0,0.0,,,,,,,27,697
1,310,317,1,,1020.0,1020.0,0.0,,,,,,,27,697
2,514,521,1,,1030.0,1000.0,30.0,,,,,,,27,697
3,720,721,1,,1000.0,1025.0,25.0,,,,,,,27,697
4,920,926,1,,1010.0,1020.0,10.0,,,,,,,27,697
5,1122,1130,1,,1005.0,1000.0,5.0,,,,,,,27,697
6,1323,1330,1,,1010.0,995.0,15.0,,,,,,,27,697
0,110,117,1,,1020.0,1020.0,0.0,,,,,,,27,698
1,314,321,1,,1030.0,1030.0,0.0,,,,,,,27,698
2,520,527,1,,1000.0,990.0,10.0,,,,,,,27,698
3,720,725,1,,1010.0,1020.0,10.0,,,,,,,27,698
4,922,929,1,,1005.0,1000.0,5.0,,,,,,,27,698
5,1123,1129,1,,1010.0,1000.0,10.0,,,,,,,27,698
6,1325,1329,1,,975.0,980.0,5.0,,,,,,,27,698
0,114,121,1,,1030.0,1030.0,0.0,,,,,,,27,699
1,320,327,1,,1000.0,990.0,10.0,,,,,,,27,699
2,520,525,1,,1010.0,1020.0,10.0,,,,,,,27,699
3,722,729,1,,1005.0,1000.0,5.0,,,,,,,27,699
4,923,929,1,,1010.0,1000.0,10.0,,,,,,,27,699
5,1125,1129,1,,975.0,980.0,5.0,,,,,,,27,699
0,120,127,1,,1000.0,990.0,10.0,,,,,,,27,700
1,320,325,1,,1010.0,1020.0,10.0,,,,,,,27,700
2,522,529,1,,1005.0,1000.0,5.0,,,,,,,27,700
3,723,729,1,,1010.0,1000.0,10.0,,,,,,,27,700
4,925,929,1,,975.0,980.0,5.0,,,,,,,27,700
5,1120,1125,1,,2025.0,2005.0,20.0,,,,,,,27,700
0,120,126,1,,1010.0,1020.0,10.0,,,,,,,27,701
1,322,330,1,,1005.0,1000.0,5.0,,,,,,,27,701
2,523,530,1,,1010.0,995.0,15.0,,,,,,,27,701
3,725,729,1,,975.0,980.0,5.0,,,,,,,27,701
4,920,925,1,,3065.0,3075.0,10.0,,,,,,,27,701
0,122,130,1,,1005.0,995.0,10.0,,,,,,,27,702
1,323,329,1,,1010.0,1000.0,10.0,,,,,,,27,702
2,525,529,1,,975.0,980.0,5.0,,,,,,,27,702
3,720,725,1,,3065.0,3080.0,15.0,,,,,,,27,702
0,123,129,1,,1010.0,1000.0,10.0,,,,,,,27,703
1,325,329,1,,975.0,980.0,5.0,,,,,,,27,703
2,520,525,1,,2025.0,2005.0,20.0,,,,,,,27,703
3,925,926,1,,1040.0,1070.0,30.0,,,,,,,27,703
4,1133,1140,1,,1080.0,1065.0,15.0,,,,,,,27,703
0,125,129,1,,975.0,980.0,5.0,,,,,,,27,704
1,320,325,1,,3065.0,3060.0,5.0,,,,,,,27,704
2,933,937,1,,1080.0,1080.0,0.0,,,,,,,27,704
3,1149,1153,1,,2030.0,2125.0,95.0,,,,,,,27,704
0,120,125,1,,2025.0,2005.0,20.0,,,,,,,27,705
1,525,526,1,,1040.0,1070.0,30.0,,,,,,,27,705
2,733,740,1,,1080.0,1065.0,15.0,,,,,,,27,705
3,949,953,1,,2030.0,2045.0,15.0,,,,,,,27,705
4,1355,1362,1,,1050.0,1085.0,35.0,,,,,,,27,705
0,325,326,1,,1040.0,1070.0,30.0,,,,,,,27,706
1,533,540,1,,1080.0,1065.0,15.0,,,,,,,27,706
2,749,753,1,,2030.0,2045.0,15.0,,,,,,,27,706
3,1155,1162,1,,1050.0,1055.0,5.0,,,,,,,27,706
0,333,337,1,,1080.0,1080.0,0.0,,,,,,,27,707
1,549,553,1,,2030.0,2045.0,15.0,,,,,,,27,707
2,955,962,1,,1050.0,1055.0,5.0,,,,,,,27,707
3,1165,1173,1,,1070.0,1060.0,10.0,,,,,,,27,707
0,133,137,1,,1080.0,1080.0,0.0,,,,,,,27,708
1,349,353,1,,2030.0,2040.0,10.0,,,,,,,27,708
2,755,761,1,,1050.0,1050.0,0.0,,,,,,,27,708
3,965,971,1,,1070.0,1035.0,35.0,,,,,,,27,708
4,1179,1178,1,,1035.0,1075.0,40.0,,,,,,,27,708
0,149,153,1,,2030.0,2040.0,10.0,,,,,,,27,709
1,555,561,1,,1050.0,1050.0,0.0,,,,,,,27,709
2,765,771,1,,1070.0,1035.0,35.0,,,,,,,27,709
3,979,978,1,,1035.0,1075.0,40.0,,,,,,,27,709
4,1186,1193,1,,995.0,980.0,15.0,,,,,,,27,709
0,355,361,1,,1050.0,1050.0,0.0,,,,,,,27,710
1,565,571,1,,1070.0,1035.0,35.0,,,,,,,27,710
2,779,778,1,,1035.0,1075.0,40.0,,,,,,,27,710
3,986,993,1,,995.0,980.0,15.0,,,,,,,27,710
4,1185,1189,1,,960.0,975.0,15.0,,,,,,,27,710
0,155,162,1,,1050.0,1055.0,5.0,,,,,,,27,711
1,365,373,1,,1070.0,1060.0,10.0,,,,,,,27,711
2,579,585,1,,1035.0,1040.0,5.0,,,,,,,27,711
3,786,793,1,,995.0,1000.0,5.0,,,,,,,27,711
4,985,993,1,,960.0,955.0,5.0,,,,,,,27,711
5,1177,1184,1,,980.0,965.0,15.0,,,,,,,27,711
0,165,173,1,,1070.0,1060.0,10.0,,,,,,,27,712
1,379,385,1,,1035.0,1040.0,5.0,,,,,,,27,712
2,586,593,1,,995.0,1000.0,5.0,,,,,,,27,712
3,785,793,1,,960.0,955.0,5.0,,,,,,,27,712
4,977,984,1,,980.0,965.0,15.0,,,,,,,27,712
0,179,178,1,,1035.0,1075.0,40.0,,,,,,,27,713
1,386,393,1,,995.0,980.0,15.0,,,,,,,27,713
2,585,589,1,,960.0,975.0,15.0,,,,,,,27,713
3,777,784,1,,980.0,965.0,15.0,,,,,,,27,713
4,973,977,1,,1020.0,1025.0,5.0,,,,,,,27,713
5,1177,1182,1,,1015.0,1015.0,0.0,,,,,,,27,713
0,186,193,1,,995.0,1000.0,5.0,,,,,,,27,714
1,385,393,1,,960.0,955.0,5.0,,,,,,,27,714
2,577,584,1,,980.0,965.0,15.0,,,,,,,27,714
3,773,777,1,,2035.0,2045.0,10.0,,,,,,,27,714
4,1180,1186,1,,985.0,975.0,10.0,,,,,,,27,714
0,185,189,1,,960.0,975.0,15.0,,,,,,,27,715
1,377,384,1,,980.0,965.0,15.0,,,,,,,27,715
2,573,577,1,,1020.0,1025.0,5.0,,,,,,,27,715
3,777,782,1,,1015.0,1015.0,0.0,,,,,,,27,715
4,980,985,1,,985.0,980.0,5.0,,,,,,,27,715
5,1177,1181,1,,955.0,960.0,5.0,,,,,,,27,715
0,177,184,1,,980.0,965.0,15.0,,,,,,,27,716
1,373,377,1,,2035.0,2045.0,10.0,,,,,,,27,716
2,780,786,1,,985.0,975.0,10.0,,,,,,,27,716
3,977,981,1,,955.0,960.0,5.0,,,,,,,27,716
4,1168,1173,1,,970.0,980.0,10.0,,,,,,,27,716
5,1362,1369,1,,1015.0,1095.0,80.0,,,,,,,27,716
0,173,181,1,,2035.0,2020.0,15.0,,,,,,,27,717
1,580,585,1,,985.0,995.0,10.0,,,,,,,27,717
2,777,784,1,,955.0,960.0,5.0,,,,,,,27,717
3,968,976,1,,970.0,965.0,5.0,,,,,,,27,717
4,1162,1169,1,,1015.0,1020.0,5.0,,,,,,,27,717
0,380,386,1,,985.0,975.0,10.0,,,,,,,27,718
1,577,581,1,,955.0,960.0,5.0,,,,,,,27,718
2,768,773,1,,970.0,980.0,10.0,,,,,,,27,718
3,962,969,1,,1015.0,1000.0,15.0,,,,,,,27,718
4,1165,1169,1,,1035.0,1040.0,5.0,,,,,,,27,718
0,180,186,1,,985.0,975.0,10.0,,,,,,,27,719
1,377,381,1,,955.0,960.0,5.0,,,,,,,27,719
2,568,573,1,,970.0,980.0,10.0,,,,,,,27,719
3,762,769,1,,1015.0,1000.0,15.0,,,,,,,27,719
4,965,969,1,,1035.0,1045.0,10.0,,,,,,,27,719
5,1172,1178,1,,1025.0,1035.0,10.0,,,,,,,27,719
0,177,181,1,,955.0,960.0,5.0,,,,,,,27,720
1,368,373,1,,970.0,980.0,10.0,,,,,,,27,720
2,562,569,1,,1015.0,1000.0,15.0,,,,,,,27,720
3,765,769,1,,1035.0,1045.0,10.0,,,,,,,27,720
4,972,978,1,,1025.0,1035.0,10.0,,,,,,,27,720
5,1177,1185,1,,1010.0,1000.0,10.0,,,,,,,27,720
0,168,173,1,,970.0,980.0,10.0,,,,,,,27,721
1,362,369,1,,1015.0,1000.0,15.0,,,,,,,27,721
2,565,569,1,,1035.0,1045.0,10.0,,,,,,,27,721
3,772,778,1,,1025.0,1030.0,5.0,,,,,,,27,721
4,977,984,1,,1010.0,1050.0,40.0,,,,,,,27,721
5,1179,1194,1,,1000.0,985.0,15.0,,,,,,,27,721
0,162,169,1,,1015.0,1000.0,15.0,,,,,,,27,722
1,365,369,1,,1035.0,1045.0,10.0,,,,,,,27,722
2,572,578,1,,1025.0,1030.0,5.0,,,,,,,27,722
3,777,784,1,,1010.0,1050.0,40.0,,,,,,,27,722
4,979,994,1,,1000.0,940.0,60.0,,,,,,,27,722
5,1179,1182,1,,1050.0,1070.0,20.0,,,,,,,27,722
0,165,169,1,,1035.0,1045.0,10.0,,,,,,,27,723
1,372,378,1,,1025.0,1030.0,5.0,,,,,,,27,723
2,577,584,1,,1010.0,1005.0,5.0,,,,,,,27,723
3,779,785,1,,1000.0,1050.0,50.0,,,,,,,27,723
4,979,995,1,,1050.0,1005.0,45.0,,,,,,,27,723
5,1189,1196,1,,1060.0,1020.0,40.0,,,,,,,27,723
0,172,177,1,,1025.0,1020.0,5.0,,,,,,,27,724
1,377,381,1,,1010.0,1020.0,10.0,,,,,,,27,724
2,579,585,1,,1000.0,965.0,35.0,,,,,,,27,724
3,779,778,1,,1050.0,1130.0,80.0,,,,,,,27,724
4,989,1004,1,,1060.0,1005.0,55.0,,,,,,,27,724
5,1201,1205,1,,1020.0,1020.0,0.0,,,,,,,27,724
0,177,181,1,,1010.0,1020.0,10.0,,,,,,,27,725
1,379,385,1,,2050.0,2095.0,45.0,,,,,,,27,725
2,789,804,1,,1060.0,1005.0,55.0,,,,,,,27,725
3,1001,1005,1,,1020.0,1020.0,0.0,,,,,,,27,725
4,1205,1209,1,,1000.0,1010.0,10.0,,,,,,,27,725
0,179,182,1,,1000.0,1000.0,0.0,,,,,,,27,726
1,379,382,1,,1050.0,1070.0,20.0,,,,,,,27,726
2,589,596,1,,1060.0,1020.0,40.0,,,,,,,27,726
3,801,800,1,,1020.0,1045.0,25.0,,,,,,,27,726
4,1005,1009,1,,1000.0,1020.0,20.0,,,,,,,27,726
5,1205,1213,1,,1020.0,1020.0,0.0,,,,,,,27,726
0,179,186,1,,1050.0,1050.0,0.0,,,,,,,27,727
1,389,396,1,,1060.0,1020.0,40.0,,,,,,,27,727
2,601,600,1,,1020.0,1045.0,25.0,,,,,,,27,727
3,805,809,1,,1000.0,1020.0,20.0,,,,,,,27,727
4,1005,1013,1,,1020.0,1020.0,0.0,,,,,,,27,727
5,1209,1217,1,,1035.0,1020.0,15.0,,,,,,,27,727
0,189,197,1,,1060.0,1015.0,45.0,,,,,,,27,728
1,401,400,1,,1020.0,1030.0,10.0,,,,,,,27,728
2,605,606,1,,1000.0,1035.0,35.0,,,,,,,27,728
3,805,813,1,,1020.0,1020.0,0.0,,,,,,,27,728
4,1009,1017,1,,1035.0,1020.0,15.0,,,,,,,27,728
5,1216,1221,1,,1055.0,1025.0,30.0,,,,,,,27,728
0,201,206,1,,1020.0,1015.0,5.0,,,,,,,27,729
1,405,409,1,,1000.0,1010.0,10.0,,,,,,,27,729
2,605,611,1,,1020.0,1015.0,5.0,,,,,,,27,729
3,809,814,1,,1035.0,1035.0,0.0,,,,,,,27,729
4,1016,1021,1,,1055.0,1065.0,10.0,,,,,,,27,729
5,1227,1234,1,,1045.0,1035.0,10.0,,,,,,,27,729
0,205,220,1,,1000.0,965.0,35.0,,,,,,,27,730
1,405,413,1,,1020.0,1020.0,0.0,,,,,,,27,730
2,609,617,1,,1035.0,1020.0,15.0,,,,,,,27,730
3,816,821,1,,1055.0,1075.0,20.0,,,,,,,27,730
4,1027,1036,1,,1045.0,1025.0,20.0,,,,,,,27,730
5,1236,1241,1,,1030.0,1005.0,25.0,,,,,,,27,730
0,205,213,1,,1020.0,1020.0,0.0,,,,,,,27,731
1,409,417,1,,1035.0,1020.0,15.0,,,,,,,27,731
2,616,621,1,,1055.0,1070.0,15.0,,,,,,,27,731
3,827,835,1,,1045.0,1030.0,15.0,,,,,,,27,731
4,1036,1041,1,,1030.0,995.0,35.0,,,,,,,27,731
5,1242,1240,1,,1005.0,1045.0,40.0,,,,,,,27,731
0,209,217,1,,1035.0,1020.0,15.0,,,,,,,27,732
1,416,421,1,,1055.0,1070.0,15.0,,,,,,,27,732
2,627,635,1,,1045.0,1030.0,15.0,,,,,,,27,732
3,836,841,1,,2035.0,2040.0,5.0,,,,,,,27,732
4,1243,1249,1,,1010.0,1005.0,5.0,,,,,,,27,732
0,216,221,1,,1055.0,1070.0,15.0,,,,,,,27,733
1,427,435,1,,1045.0,1030.0,15.0,,,,,,,27,733
2,636,641,1,,2035.0,2040.0,5.0,,,,,,,27,733
3,1043,1049,1,,1010.0,1005.0,5.0,,,,,,,27,733
4,1245,1250,1,,1050.0,1050.0,0.0,,,,,,,27,733
0,227,226,1,,1045.0,1075.0,30.0,,,,,,,27,734
1,436,441,1,,1030.0,1005.0,25.0,,,,,,,27,734
2,642,642,1,,1005.0,1035.0,30.0,,,,,,,27,734
3,843,849,1,,1010.0,1005.0,5.0,,,,,,,27,734
4,1045,1050,1,,1050.0,1055.0,5.0,,,,,,,27,734
5,1255,1261,1,,1030.0,1040.0,10.0,,,,,,,27,734
0,236,241,1,,1030.0,1005.0,25.0,,,,,,,27,735
1,442,442,1,,1005.0,1035.0,30.0,,,,,,,27,735
2,643,649,1,,1010.0,1015.0,5.0,,,,,,,27,735
3,845,852,1,,1050.0,1045.0,5.0,,,,,,,27,735
4,1055,1061,1,,1030.0,1020.0,10.0,,,,,,,27,735
5,1261,1265,1,,1040.0,1045.0,5.0,,,,,,,27,735
0,242,242,1,,1005.0,1035.0,30.0,,,,,,,27,736
1,443,449,1,,1010.0,1015.0,5.0,,,,,,,27,736
2,645,652,1,,1050.0,1045.0,5.0,,,,,,,27,736
3,855,861,1,,1030.0,1040.0,10.0,,,,,,,27,736
4,1061,1069,1,,1040.0,1025.0,15.0,,,,,,,27,736
5,1269,1274,1,,990.0,995.0,5.0,,,,,,,27,736
0,243,249,1,,1010.0,1015.0,5.0,,,,,,,27,737
1,445,452,1,,1050.0,1045.0,5.0,,,,,,,27,737
2,655,661,1,,1030.0,1040.0,10.0,,,,,,,27,737
3,861,869,1,,1040.0,1025.0,15.0,,,,,,,27,737
4,1069,1074,1,,990.0,995.0,5.0,,,,,,,27,737
5,1267,1273,1,,970.0,960.0,10.0,,,,,,,27,737
0,245,252,1,,1050.0,1045.0,5.0,,,,,,,27,738
1,455,461,1,,1030.0,1040.0,10.0,,,,,,,27,738
2,661,669,1,,1040.0,1025.0,15.0,,,,,,,27,738
3,869,874,1,,990.0,995.0,5.0,,,,,,,27,738
4,1067,1073,1,,970.0,960.0,10.0,,,,,,,27,738
5,1261,1265,1,,1005.0,1020.0,15.0,,,,,,,27,738
0,255,267,1,,1030.0,1010.0,20.0,,,,,,,27,739
1,461,469,1,,1040.0,1025.0,15.0,,,,,,,27,739
2,669,674,1,,990.0,995.0,5.0,,,,,,,27,739
3,867,873,1,,970.0,960.0,10.0,,,,,,,27,739
4,1061,1065,1,,2025.0,2040.0,15.0,,,,,,,27,739
0,261,265,1,,1040.0,1045.0,5.0,,,,,,,27,740
1,469,474,1,,990.0,995.0,5.0,,,,,,,27,740
2,667,673,1,,970.0,960.0,10.0,,,,,,,27,740
3,861,865,1,,1005.0,1020.0,15.0,,,,,,,27,740
4,1062,1069,1,,1020.0,1005.0,15.0,,,,,,,27,740
5,1266,1270,1,,1015.0,1015.0,0.0,,,,,,,27,740
0,269,274,1,,990.0,995.0,5.0,,,,,,,27,741
1,467,473,1,,970.0,960.0,10.0,,,,,,,27,741
2,661,665,1,,1005.0,1020.0,15.0,,,,,,,27,741
3,862,869,1,,1020.0,985.0,35.0,,,,,,,27,741
4,1066,1066,1,,1015.0,1035.0,20.0,,,,,,,27,741
5,1269,1273,1,,980.0,980.0,0.0,,,,,,,27,741
0,69,74,1,,990.0,995.0,5.0,,,,,,,27,742
1,267,273,1,,970.0,960.0,10.0,,,,,,,27,742
2,461,465,1,,1005.0,1020.0,15.0,,,,,,,27,742
3,662,669,1,,1020.0,985.0,35.0,,,,,,,27,742
4,866,866,1,,1015.0,1035.0,20.0,,,,,,,27,742
5,1069,1073,1,,980.0,980.0,0.0,,,,,,,27,742
6,1265,1269,1,,970.0,980.0,10.0,,,,,,,27,742
0,67,73,1,,970.0,960.0,10.0,,,,,,,27,743
1,261,265,1,,1005.0,1020.0,15.0,,,,,,,27,743
2,462,469,1,,1020.0,985.0,35.0,,,,,,,27,743
3,666,666,1,,1015.0,1035.0,20.0,,,,,,,27,743
4,869,873,1,,980.0,980.0,0.0,,,,,,,27,743
5,1065,1069,1,,970.0,980.0,10.0,,,,,,,27,743
6,1259,1265,1,,990.0,980.0,10.0,,,,,,,27,743
0,262,269,1,,1020.0,985.0,35.0,,,,,,,27,744
1,466,466,1,,1015.0,1035.0,20.0,,,,,,,27,744
2,669,673,1,,980.0,980.0,0.0,,,,,,,27,744
3,865,869,1,,970.0,980.0,10.0,,,,,,,27,744
4,1059,1065,1,,990.0,980.0,10.0,,,,,,,27,744
5,1257,1261,1,,1040.0,1060.0,20.0,,,,,,,27,744
0,266,273,1,,1015.0,1000.0,15.0,,,,,,,27,745
1,469,473,1,,980.0,980.0,0.0,,,,,,,27,745
2,665,669,1,,970.0,985.0,15.0,,,,,,,27,745
3,859,866,1,,990.0,975.0,15.0,,,,,,,27,745
4,1057,1061,1,,1040.0,1060.0,20.0,,,,,,,27,745
5,1265,1273,1,,1045.0,1040.0,5.0,,,,,,,27,745
0,269,273,1,,980.0,980.0,0.0,,,,,,,27,746
1,465,469,1,,970.0,980.0,10.0,,,,,,,27,746
2,659,665,1,,990.0,980.0,10.0,,,,,,,27,746
3,857,861,1,,1040.0,1060.0,20.0,,,,,,,27,746
4,1065,1073,1,,1045.0,1040.0,5.0,,,,,,,27,746
0,69,73,1,,980.0,980.0,0.0,,,,,,,27,747
1,265,269,1,,970.0,980.0,10.0,,,,,,,27,747
2,459,465,1,,990.0,980.0,10.0,,,,,,,27,747
3,657,661,1,,1040.0,1060.0,20.0,,,,,,,27,747
4,865,873,1,,1045.0,1040.0,5.0,,,,,,,27,747
5,1074,1081,1,,1045.0,1020.0,25.0,,,,,,,27,747
0,65,72,1,,970.0,970.0,0.0,,,,,,,27,748
1,259,266,1,,990.0,975.0,15.0,,,,,,,27,748
2,457,461,1,,1040.0,1060.0,20.0,,,,,,,27,748
3,665,673,1,,1045.0,1040.0,5.0,,,,,,,27,748
0,257,261,1,,1040.0,1060.0,20.0,,,,,,,27,749
1,465,473,1,,1045.0,1040.0,5.0,,,,,,,27,749
2,674,681,1,,4015.0,4000.0,15.0,,,,,,,27,749
0,265,273,1,,1045.0,1040.0,5.0,,,,,,,27,750
1,474,481,1,,5030.0,5025.0,5.0,,,,,,,27,750
0,65,73,1,,1045.0,1040.0,5.0,,,,,,,27,751
1,274,281,1,,3030.0,3020.0,10.0,,,,,,,27,751
2,880,885,1,,985.0,965.0,20.0,,,,,,,27,751
3,1077,1078,1,,1015.0,1040.0,25.0,,,,,,,27,751
4,1280,1286,1,,1020.0,1020.0,0.0,,,,,,,27,751
0,74,81,1,,3030.0,3020.0,10.0,,,,,,,27,752
1,680,685,1,,985.0,965.0,20.0,,,,,,,27,752
2,877,878,1,,1015.0,1040.0,25.0,,,,,,,27,752
3,1080,1086,1,,1020.0,1020.0,0.0,,,,,,,27,752
4,1284,1290,1,,1025.0,1035.0,10.0,,,,,,,27,752
0,480,485,1,,985.0,1000.0,15.0,,,,,,,27,753
1,677,685,1,,1015.0,1005.0,10.0,,,,,,,27,753
2,880,886,1,,1020.0,1015.0,5.0,,,,,,,27,753
3,1084,1089,1,,1025.0,1040.0,15.0,,,,,,,27,753
4,1289,1297,1,,1025.0,1020.0,5.0,,,,,,,27,753
0,85,86,1,,975.0,995.0,20.0,,,,,,,27,754
1,280,285,1,,985.0,1000.0,15.0,,,,,,,27,754
2,477,485,1,,1015.0,1005.0,10.0,,,,,,,27,754
3,680,686,1,,1020.0,1015.0,5.0,,,,,,,27,754
4,884,889,1,,1025.0,1040.0,15.0,,,,,,,27,754
5,1089,1097,1,,1025.0,1020.0,5.0,,,,,,,27,754
6,1294,1301,1,,1030.0,1020.0,10.0,,,,,,,27,754
0,80,85,1,,985.0,1000.0,15.0,,,,,,,27,755
1,277,285,1,,1015.0,1005.0,10.0,,,,,,,27,755
2,480,486,1,,1020.0,1015.0,5.0,,,,,,,27,755
3,684,689,1,,1025.0,1040.0,15.0,,,,,,,27,755
4,889,897,1,,1025.0,1020.0,5.0,,,,,,,27,755
5,1094,1101,1,,1030.0,1020.0,10.0,,,,,,,27,755
6,1300,1305,1,,1015.0,1020.0,5.0,,,,,,,27,755
0,77,85,1,,1015.0,1005.0,10.0,,,,,,,27,756
1,280,286,1,,1020.0,1015.0,5.0,,,,,,,27,756
2,484,489,1,,1025.0,1040.0,15.0,,,,,,,27,756
3,689,697,1,,1025.0,1020.0,5.0,,,,,,,27,756
4,894,901,1,,1030.0,1020.0,10.0,,,,,,,27,756
5,1100,1105,1,,1015.0,1020.0,5.0,,,,,,,27,756
6,1303,1309,1,,990.0,1000.0,10.0,,,,,,,27,756
0,80,86,1,,1020.0,1015.0,5.0,,,,,,,27,757
1,284,289,1,,1025.0,1040.0,15.0,,,,,,,27,757
2,489,497,1,,1025.0,1020.0,5.0,,,,,,,27,757
3,694,701,1,,1030.0,1020.0,10.0,,,,,,,27,757
4,900,905,1,,1015.0,1020.0,5.0,,,,,,,27,757
5,1103,1109,1,,990.0,1000.0,10.0,,,,,,,27,757
0,84,89,1,,1025.0,1040.0,15.0,,,,,,,27,758
1,289,297,1,,1025.0,1020.0,5.0,,,,,,,27,758
2,494,501,1,,1030.0,1020.0,10.0,,,,,,,27,758
3,700,705,1,,1015.0,1020.0,5.0,,,,,,,27,758
4,903,909,1,,990.0,1000.0,10.0,,,,,,,27,758
0,89,97,1,,1025.0,1020.0,5.0,,,,,,,27,759
1,294,301,1,,1030.0,1020.0,10.0,,,,,,,27,759
2,500,505,1,,1015.0,1020.0,5.0,,,,,,,27,759
3,703,709,1,,990.0,1000.0,10.0,,,,,,,27,759
4,901,909,1,,3080.0,3060.0,20.0,,,,,,,27,759
0,94,101,1,,1030.0,1020.0,10.0,,,,,,,27,760
1,300,305,1,,1015.0,1020.0,5.0,,,,,,,27,760
2,503,509,1,,990.0,1000.0,10.0,,,,,,,27,760
3,701,709,1,,3080.0,3060.0,20.0,,,,,,,27,760
4,1317,1321,1,,1045.0,1060.0,15.0,,,,,,,27,760
0,100,105,1,,1015.0,1020.0,5.0,,,,,,,27,761
1,303,309,1,,990.0,1000.0,10.0,,,,,,,27,761
2,501,509,1,,3080.0,3060.0,20.0,,,,,,,27,761
3,1117,1121,1,,1045.0,1060.0,15.0,,,,,,,27,761
4,1326,1333,1,,1025.0,1020.0,5.0,,,,,,,27,761
0,103,109,1,,5115.0,5120.0,5.0,,,,,,,27,762
1,1126,1133,1,,2025.0,2020.0,5.0,,,,,,,27,762
0,101,105,1,,4125.0,4140.0,15.0,,,,,,,27,763
1,926,933,1,,2025.0,2020.0,5.0,,,,,,,27,763
0,726,733,1,,2025.0,2020.0,5.0,,,,,,,27,764
1,1131,1137,1,,2015.0,2020.0,5.0,,,,,,,27,764
0,317,321,1,,1045.0,1060.0,15.0,,,,,,,27,765
1,526,533,1,,1025.0,1020.0,5.0,,,,,,,27,765
2,731,737,1,,1000.0,1000.0,0.0,,,,,,,27,765
3,931,937,1,,990.0,1000.0,10.0,,,,,,,27,765
4,1129,1137,1,,1025.0,1025.0,0.0,,,,,,,27,765
5,1334,1342,1,,1045.0,1090.0,45.0,,,,,,,27,765
0,117,121,1,,1045.0,1060.0,15.0,,,,,,,27,766
1,326,333,1,,1025.0,1020.0,5.0,,,,,,,27,766
2,531,537,1,,1000.0,1000.0,0.0,,,,,,,27,766
3,731,737,1,,990.0,965.0,25.0,,,,,,,27,766
4,929,930,1,,1025.0,1060.0,35.0,,,,,,,27,766
5,1134,1142,1,,1045.0,1040.0,5.0,,,,,,,27,766
0,126,133,1,,1025.0,1020.0,5.0,,,,,,,27,767
1,331,337,1,,1000.0,1000.0,0.0,,,,,,,27,767
2,531,537,1,,990.0,1000.0,10.0,,,,,,,27,767
3,729,737,1,,1025.0,1020.0,5.0,,,,,,,27,767
4,934,941,1,,1045.0,1020.0,25.0,,,,,,,27,767
5,1143,1145,1,,1045.0,1045.0,0.0,,,,,,,27,767
6,1352,1354,1,,1035.0,1150.0,115.0,,,,,,,27,767
0,131,137,1,,1000.0,1005.0,5.0,,,,,,,27,768
1,331,338,1,,990.0,995.0,5.0,,,,,,,27,768
2,529,537,1,,1025.0,1020.0,5.0,,,,,,,27,768
3,734,741,1,,1045.0,1020.0,25.0,,,,,,,27,768
4,943,945,1,,2080.0,2100.0,20.0,,,,,,,27,768
5,1359,1365,1,,1000.0,1095.0,95.0,,,,,,,27,768
0,131,138,1,,990.0,995.0,5.0,,,,,,,27,769
1,329,337,1,,1025.0,1020.0,5.0,,,,,,,27,769
2,534,541,1,,1045.0,1020.0,25.0,,,,,,,27,769
3,743,745,1,,1045.0,1045.0,0.0,,,,,,,27,769
4,952,954,1,,1035.0,1055.0,20.0,,,,,,,27,769
5,1159,1165,1,,1000.0,1000.0,0.0,,,,,,,27,769
0,334,341,1,,1045.0,1020.0,25.0,,,,,,,27,770
1,543,545,1,,2080.0,2100.0,20.0,,,,,,,27,770
2,959,965,1,,1000.0,1000.0,0.0,,,,,,,27,770
3,1159,1165,1,,975.0,980.0,5.0,,,,,,,27,770
4,1354,1361,1,,965.0,1005.0,40.0,,,,,,,27,770
0,134,141,1,,3125.0,3120.0,5.0,,,,,,,27,771
1,759,765,1,,1000.0,1000.0,0.0,,,,,,,27,771
2,959,965,1,,975.0,980.0,5.0,,,,,,,27,771
3,1154,1161,1,,965.0,960.0,5.0,,,,,,,27,771
4,1347,1353,1,,985.0,980.0,5.0,,,,,,,27,771
0,143,149,1,,2080.0,2080.0,0.0,,,,,,,27,772
1,559,565,1,,1000.0,1000.0,0.0,,,,,,,27,772
2,759,765,1,,975.0,975.0,0.0,,,,,,,27,772
3,954,960,1,,965.0,965.0,0.0,,,,,,,27,772
4,1147,1153,1,,985.0,980.0,5.0,,,,,,,27,772
5,1344,1349,1,,1035.0,1120.0,85.0,,,,,,,27,772
0,152,153,1,,1035.0,1040.0,5.0,,,,,,,27,773
1,359,361,1,,1000.0,1000.0,0.0,,,,,,,27,773
2,559,561,1,,975.0,985.0,10.0,,,,,,,27,773
3,754,758,1,,965.0,970.0,5.0,,,,,,,27,773
4,947,952,1,,985.0,985.0,0.0,,,,,,,27,773
5,1144,1149,1,,2100.0,2180.0,80.0,,,,,,,27,773
0,159,161,1,,1000.0,1000.0,0.0,,,,,,,27,774
1,359,361,1,,975.0,985.0,10.0,,,,,,,27,774
2,554,558,1,,965.0,965.0,0.0,,,,,,,27,774
3,747,751,1,,985.0,990.0,5.0,,,,,,,27,774
4,944,949,1,,2100.0,2060.0,40.0,,,,,,,27,774
5,1364,1361,1,,1060.0,1080.0,20.0,,,,,,,27,774
0,159,165,1,,975.0,975.0,0.0,,,,,,,27,775
1,354,360,1,,965.0,965.0,0.0,,,,,,,27,775
2,547,553,1,,985.0,980.0,5.0,,,,,,,27,775
3,744,749,1,,3160.0,3160.0,0.0,,,,,,,27,775
0,154,158,1,,965.0,960.0,5.0,,,,,,,27,776
1,347,350,1,,985.0,995.0,10.0,,,,,,,27,776
2,544,549,1,,2100.0,2080.0,20.0,,,,,,,27,776
3,964,965,1,,1060.0,1080.0,20.0,,,,,,,27,776
4,1176,1181,1,,1075.0,1060.0,15.0,,,,,,,27,776
0,147,153,1,,985.0,980.0,5.0,,,,,,,27,777
1,344,349,1,,2100.0,2085.0,15.0,,,,,,,27,777
2,764,766,1,,1060.0,1075.0,15.0,,,,,,,27,777
3,976,981,1,,1075.0,1060.0,15.0,,,,,,,27,777
4,1191,1193,1,,1040.0,1060.0,20.0,,,,,,,27,777
0,144,149,1,,2100.0,2080.0,20.0,,,,,,,27,778
1,564,565,1,,1060.0,1080.0,20.0,,,,,,,27,778
2,776,781,1,,1075.0,1060.0,15.0,,,,,,,27,778
3,991,993,1,,1040.0,1060.0,20.0,,,,,,,27,778
0,364,365,1,,1060.0,1080.0,20.0,,,,,,,27,779
1,576,581,1,,1075.0,1060.0,15.0,,,,,,,27,779
2,791,793,1,,1040.0,1060.0,20.0,,,,,,,27,779
0,376,381,1,,1075.0,1060.0,15.0,,,,,,,27,780
1,591,593,1,,1040.0,1060.0,20.0,,,,,,,27,780
2,799,805,1,,3140.0,3140.0,0.0,,,,,,,27,780
0,176,181,1,,1075.0,1060.0,15.0,,,,,,,27,781
1,391,393,1,,1040.0,1060.0,20.0,,,,,,,27,781
2,599,605,1,,3140.0,3140.0,0.0,,,,,,,27,781
3,1227,1233,1,,1020.0,1020.0,0.0,,,,,,,27,781
0,191,193,1,,1040.0,1060.0,20.0,,,,,,,27,782
1,399,405,1,,3140.0,3140.0,0.0,,,,,,,27,782
2,1027,1033,1,,1020.0,1020.0,0.0,,,,,,,27,782
3,1231,1237,1,,985.0,980.0,5.0,,,,,,,27,782
0,199,201,1,,2085.0,2065.0,20.0,,,,,,,27,783
1,616,614,1,,2075.0,2100.0,25.0,,,,,,,27,783
2,1031,1034,1,,985.0,975.0,10.0,,,,,,,27,783
3,1228,1229,1,,980.0,955.0,25.0,,,,,,,27,783
0,831,838,1,,985.0,975.0,10.0,,,,,,,27,784
1,1028,1033,1,,1965.0,1960.0,5.0,,,,,,,27,784
0,427,433,1,,1020.0,1020.0,0.0,,,,,,,27,785
1,631,637,1,,985.0,980.0,5.0,,,,,,,27,785
2,828,833,1,,2980.0,2960.0,20.0,,,,,,,27,785
0,227,233,1,,1020.0,1020.0,0.0,,,,,,,27,786
1,431,437,1,,985.0,980.0,5.0,,,,,,,27,786
2,628,633,1,,980.0,950.0,30.0,,,,,,,27,786
3,824,823,1,,2000.0,2010.0,10.0,,,,,,,27,786
4,1224,1225,1,,1010.0,1020.0,10.0,,,,,,,27,786
0,231,237,1,,985.0,980.0,5.0,,,,,,,27,787
1,428,433,1,,980.0,960.0,20.0,,,,,,,27,787
2,624,625,1,,2000.0,2000.0,0.0,,,,,,,27,787
3,1024,1025,1,,1010.0,1020.0,10.0,,,,,,,27,787
4,1226,1229,1,,1010.0,1020.0,10.0,,,,,,,27,787
0,228,233,1,,980.0,980.0,0.0,,,,,,,27,788
1,424,429,1,,2000.0,1980.0,20.0,,,,,,,27,788
2,824,825,1,,1010.0,1020.0,10.0,,,,,,,27,788
3,1026,1029,1,,1010.0,1020.0,10.0,,,,,,,27,788
4,1228,1233,1,,1025.0,1020.0,5.0,,,,,,,27,788
0,224,223,1,,2000.0,2010.0,10.0,,,,,,,27,789
1,624,625,1,,1010.0,1020.0,10.0,,,,,,,27,789
2,826,829,1,,1010.0,1020.0,10.0,,,,,,,27,789
3,1028,1033,1,,1025.0,1020.0,5.0,,,,,,,27,789
4,1233,1237,1,,995.0,1000.0,5.0,,,,,,,27,789
0,424,425,1,,1010.0,1020.0,10.0,,,,,,,27,790
1,626,629,1,,1010.0,1020.0,10.0,,,,,,,27,790
2,828,833,1,,1025.0,1020.0,5.0,,,,,,,27,790
3,1033,1037,1,,995.0,1000.0,5.0,,,,,,,27,790
4,1232,1237,1,,960.0,960.0,0.0,,,,,,,27,790
0,224,230,1,,1010.0,1015.0,5.0,,,,,,,27,791
1,426,433,1,,1010.0,1000.0,10.0,,,,,,,27,791
2,628,633,1,,1025.0,1020.0,5.0,,,,,,,27,791
3,833,837,1,,995.0,1000.0,5.0,,,,,,,27,791
4,1032,1037,1,,960.0,965.0,5.0,,,,,,,27,791
5,1224,1230,1,,950.0,955.0,5.0,,,,,,,27,791
0,226,229,1,,1010.0,1020.0,10.0,,,,,,,27,792
1,428,433,1,,1025.0,1020.0,5.0,,,,,,,27,792
2,633,637,1,,995.0,1000.0,5.0,,,,,,,27,792
3,832,837,1,,960.0,960.0,0.0,,,,,,,27,792
4,1024,1029,1,,950.0,955.0,5.0,,,,,,,27,792
5,1214,1220,1,,995.0,990.0,5.0,,,,,,,27,792
0,228,233,1,,1025.0,1020.0,5.0,,,,,,,27,793
1,433,437,1,,995.0,1000.0,5.0,,,,,,,27,793
2,632,637,1,,960.0,960.0,0.0,,,,,,,27,793
3,824,829,1,,950.0,955.0,5.0,,,,,,,27,793
4,1014,1020,1,,995.0,990.0,5.0,,,,,,,27,793
0,233,237,1,,995.0,1000.0,5.0,,,,,,,27,794
1,432,437,1,,960.0,960.0,0.0,,,,,,,27,794
2,624,629,1,,950.0,955.0,5.0,,,,,,,27,794
3,814,820,1,,995.0,990.0,5.0,,,,,,,27,794
4,1013,1018,1,,2065.0,2055.0,10.0,,,,,,,27,794
0,232,233,1,,960.0,985.0,25.0,,,,,,,27,795
1,424,430,1,,950.0,955.0,5.0,,,,,,,27,795
2,614,621,1,,995.0,1000.0,5.0,,,,,,,27,795
3,813,821,1,,2065.0,2040.0,25.0,,,,,,,27,795
4,1226,1229,1,,1030.0,1045.0,15.0,,,,,,,27,795
0,224,229,1,,950.0,955.0,5.0,,,,,,,27,796
1,414,420,1,,995.0,990.0,5.0,,,,,,,27,796
2,613,618,1,,2065.0,2055.0,10.0,,,,,,,27,796
3,1026,1029,1,,1030.0,1040.0,10.0,,,,,,,27,796
4,1232,1237,1,,995.0,1000.0,5.0,,,,,,,27,796
0,214,220,1,,995.0,990.0,5.0,,,,,,,27,797
1,413,418,1,,2065.0,2055.0,10.0,,,,,,,27,797
2,826,829,1,,1030.0,1040.0,10.0,,,,,,,27,797
3,1032,1037,1,,995.0,1000.0,5.0,,,,,,,27,797
4,1231,1237,1,,970.0,960.0,10.0,,,,,,,27,797
0,213,218,1,,2065.0,2055.0,10.0,,,,,,,27,798
1,626,629,1,,1030.0,1040.0,10.0,,,,,,,27,798
2,832,837,1,,995.0,1000.0,5.0,,,,,,,27,798
3,1031,1037,1,,970.0,960.0,10.0,,,,,,,27,798
4,1225,1229,1,,975.0,980.0,5.0,,,,,,,27,798
0,426,429,1,,1030.0,1040.0,10.0,,,,,,,27,799
1,632,637,1,,995.0,1000.0,5.0,,,,,,,27,799
2,831,837,1,,970.0,960.0,10.0,,,,,,,27,799
3,1025,1029,1,,975.0,980.0,5.0,,,,,,,27,799
0,226,229,1,,1030.0,1045.0,15.0,,,,,,,27,800
1,432,438,1,,995.0,1000.0,5.0,,,,,,,27,800
2,631,638,1,,970.0,955.0,15.0,,,,,,,27,800
3,825,829,1,,975.0,980.0,5.0,,,,,,,27,800
4,1020,1025,1,,2045.0,2045.0,0.0,,,,,,,27,800
0,232,237,1,,995.0,1000.0,5.0,,,,,,,27,801
1,431,437,1,,970.0,960.0,10.0,,,,,,,27,801
2,625,629,1,,975.0,980.0,5.0,,,,,,,27,801
3,820,825,1,,2045.0,2050.0,5.0,,,,,,,27,801
4,1229,1235,1,,1015.0,1010.0,5.0,,,,,,,27,801
0,231,237,1,,970.0,960.0,10.0,,,,,,,27,802
1,425,429,1,,975.0,980.0,5.0,,,,,,,27,802
2,620,625,1,,2045.0,2050.0,5.0,,,,,,,27,802
3,1029,1035,1,,1015.0,1010.0,5.0,,,,,,,27,802
4,1232,1237,1,,1010.0,1000.0,10.0,,,,,,,27,802
0,225,229,1,,975.0,980.0,5.0,,,,,,,27,803
1,420,425,1,,2045.0,2050.0,5.0,,,,,,,27,803
2,829,835,1,,1015.0,1010.0,5.0,,,,,,,27,803
3,1032,1037,1,,1010.0,1000.0,10.0,,,,,,,27,803
4,1234,1237,1,,965.0,980.0,15.0,,,,,,,27,803
0,220,225,1,,2045.0,2045.0,0.0,,,,,,,27,804
1,629,634,1,,1015.0,1015.0,0.0,,,,,,,27,804
2,832,837,1,,1010.0,1000.0,10.0,,,,,,,27,804
3,1034,1037,1,,965.0,980.0,15.0,,,,,,,27,804
4,1227,1233,1,,945.0,945.0,0.0,,,,,,,27,804
0,429,434,1,,1015.0,1025.0,10.0,,,,,,,27,805
1,632,639,1,,1010.0,990.0,20.0,,,,,,,27,805
2,834,837,1,,965.0,980.0,15.0,,,,,,,27,805
3,1027,1033,1,,945.0,945.0,0.0,,,,,,,27,805
4,1216,1222,1,,965.0,975.0,10.0,,,,,,,27,805
0,229,234,1,,1015.0,1015.0,0.0,,,,,,,27,806
1,432,437,1,,1010.0,1000.0,10.0,,,,,,,27,806
2,634,637,1,,965.0,980.0,15.0,,,,,,,27,806
3,827,833,1,,945.0,945.0,0.0,,,,,,,27,806
4,1016,1022,1,,965.0,955.0,10.0,,,,,,,27,806
5,1209,1213,1,,1005.0,1015.0,10.0,,,,,,,27,806
0,232,237,1,,1010.0,1000.0,10.0,,,,,,,27,807
1,434,437,1,,965.0,960.0,5.0,,,,,,,27,807
2,627,629,1,,945.0,960.0,15.0,,,,,,,27,807
3,816,821,1,,965.0,960.0,5.0,,,,,,,27,807
4,1009,1013,1,,1005.0,1005.0,0.0,,,,,,,27,807
5,1210,1214,1,,1015.0,1015.0,0.0,,,,,,,27,807
0,234,237,1,,965.0,960.0,5.0,,,,,,,27,808
1,427,429,1,,945.0,960.0,15.0,,,,,,,27,808
2,616,621,1,,965.0,960.0,5.0,,,,,,,27,808
3,809,813,1,,1005.0,1005.0,0.0,,,,,,,27,808
4,1010,1014,1,,1015.0,1015.0,0.0,,,,,,,27,808
5,1213,1217,1,,1060.0,1025.0,35.0,,,,,,,27,808
0,227,229,1,,945.0,960.0,15.0,,,,,,,27,809
1,416,421,1,,965.0,960.0,5.0,,,,,,,27,809
2,609,613,1,,1005.0,1005.0,0.0,,,,,,,27,809
3,810,814,1,,1015.0,1015.0,0.0,,,,,,,27,809
4,1013,1017,1,,1060.0,1025.0,35.0,,,,,,,27,809
5,1225,1222,1,,1035.0,1075.0,40.0,,,,,,,27,809
0,216,221,1,,965.0,960.0,5.0,,,,,,,27,810
1,409,413,1,,1005.0,1005.0,0.0,,,,,,,27,810
2,610,614,1,,1015.0,1015.0,0.0,,,,,,,27,810
3,813,817,1,,1060.0,1035.0,25.0,,,,,,,27,810
4,1025,1024,1,,1035.0,1065.0,30.0,,,,,,,27,810
5,1232,1237,1,,1020.0,1020.0,0.0,,,,,,,27,810
0,209,213,1,,1005.0,1005.0,0.0,,,,,,,27,811
1,410,414,1,,1015.0,1015.0,0.0,,,,,,,27,811
2,613,617,1,,1060.0,1025.0,35.0,,,,,,,27,811
3,825,822,1,,1035.0,1075.0,40.0,,,,,,,27,811
4,1032,1037,1,,1020.0,1020.0,0.0,,,,,,,27,811
5,1236,1241,1,,1020.0,1020.0,0.0,,,,,,,27,811
0,210,214,1,,1015.0,1015.0,0.0,,,,,,,27,812
1,413,417,1,,1060.0,1035.0,25.0,,,,,,,27,812
2,625,624,1,,1035.0,1065.0,30.0,,,,,,,27,812
3,832,837,1,,1020.0,1020.0,0.0,,,,,,,27,812
4,1036,1041,1,,1020.0,985.0,35.0,,,,,,,27,812
5,1240,1238,1,,1035.0,1070.0,35.0,,,,,,,27,812
0,213,217,1,,1060.0,1025.0,35.0,,,,,,,27,813
1,425,422,1,,1035.0,1075.0,40.0,,,,,,,27,813
2,632,637,1,,1020.0,1020.0,0.0,,,,,,,27,813
3,836,841,1,,2055.0,2055.0,0.0,,,,,,,27,813
4,1247,1252,1,,1035.0,1035.0,0.0,,,,,,,27,813
0,225,222,1,,1035.0,1075.0,40.0,,,,,,,27,814
1,432,437,1,,1020.0,1020.0,0.0,,,,,,,27,814
2,636,641,1,,2055.0,2055.0,0.0,,,,,,,27,814
3,1047,1052,1,,1035.0,1035.0,0.0,,,,,,,27,814
4,1254,1259,1,,1040.0,1030.0,10.0,,,,,,,27,814
0,232,237,1,,1020.0,1020.0,0.0,,,,,,,27,815
1,436,441,1,,2055.0,2025.0,30.0,,,,,,,27,815
2,847,846,1,,1035.0,1065.0,30.0,,,,,,,27,815
3,1054,1059,1,,1040.0,1030.0,10.0,,,,,,,27,815
0,236,241,1,,1020.0,985.0,35.0,,,,,,,27,816
1,440,438,1,,1035.0,1070.0,35.0,,,,,,,27,816
2,647,652,1,,1035.0,1030.0,5.0,,,,,,,27,816
3,854,858,1,,1040.0,1035.0,5.0,,,,,,,27,816
4,1062,1065,1,,2000.0,2020.0,20.0,,,,,,,27,816
0,447,453,1,,1035.0,1040.0,5.0,,,,,,,27,817
1,654,661,1,,1040.0,1020.0,20.0,,,,,,,27,817
2,862,865,1,,2000.0,2020.0,20.0,,,,,,,27,817
3,1262,1269,1,,1030.0,1030.0,0.0,,,,,,,27,817
0,247,253,1,,1035.0,1040.0,5.0,,,,,,,27,818
1,454,461,1,,1040.0,1020.0,20.0,,,,,,,27,818
2,662,665,1,,2000.0,2020.0,20.0,,,,,,,27,818
3,1062,1069,1,,2080.0,2045.0,35.0,,,,,,,27,818
0,254,261,1,,1040.0,1020.0,20.0,,,,,,,27,819
1,462,465,1,,2000.0,2020.0,20.0,,,,,,,27,819
2,862,869,1,,2080.0,2045.0,35.0,,,,,,,27,819
3,1278,1278,1,,1020.0,1050.0,30.0,,,,,,,27,819
0,262,265,1,,2000.0,2020.0,20.0,,,,,,,27,820
1,662,669,1,,1030.0,1020.0,10.0,,,,,,,27,820
2,868,873,1,,1050.0,1025.0,25.0,,,,,,,27,820
3,1078,1078,1,,1020.0,1035.0,15.0,,,,,,,27,820
4,1282,1285,1,,980.0,990.0,10.0,,,,,,,27,820
0,62,65,1,,2000.0,2020.0,20.0,,,,,,,27,821
1,462,469,1,,1030.0,1020.0,10.0,,,,,,,27,821
2,668,673,1,,1050.0,1060.0,10.0,,,,,,,27,821
3,878,885,1,,1020.0,1015.0,5.0,,,,,,,27,821
4,1082,1088,1,,980.0,985.0,5.0,,,,,,,27,821
0,63,79,1,,2025.0,1915.0,110.0,,,,,,,27,822
1,468,462,1,,1050.0,1115.0,65.0,,,,,,,27,822
2,678,685,1,,1020.0,1020.0,0.0,,,,,,,27,822
3,882,889,1,,980.0,980.0,0.0,,,,,,,27,822
4,1078,1085,1,,1995.0,2000.0,5.0,,,,,,,27,822
0,268,274,1,,1050.0,1055.0,5.0,,,,,,,27,823
1,478,485,1,,1020.0,1020.0,0.0,,,,,,,27,823
2,682,689,1,,980.0,980.0,0.0,,,,,,,27,823
3,878,885,1,,1995.0,2000.0,5.0,,,,,,,27,823
4,1277,1285,1,,1060.0,1060.0,0.0,,,,,,,27,823
0,68,77,1,,1050.0,1020.0,30.0,,,,,,,27,824
1,278,281,1,,1020.0,1040.0,20.0,,,,,,,27,824
2,482,489,1,,980.0,980.0,0.0,,,,,,,27,824
3,678,685,1,,1995.0,2000.0,5.0,,,,,,,27,824
4,1077,1085,1,,1060.0,1060.0,0.0,,,,,,,27,824
5,1289,1297,1,,1075.0,1035.0,40.0,,,,,,,27,824
0,78,81,1,,1020.0,1040.0,20.0,,,,,,,27,825
1,282,289,1,,980.0,965.0,15.0,,,,,,,27,825
2,478,482,1,,985.0,830.0,155.0,,,,,,,27,825
3,675,648,1,,1010.0,1185.0,175.0,,,,,,,27,825
4,877,885,1,,1060.0,1060.0,0.0,,,,,,,27,825
5,1089,1097,1,,1075.0,985.0,90.0,,,,,,,27,825
6,1304,1294,1,,1045.0,1135.0,90.0,,,,,,,27,825
0,82,89,1,,980.0,980.0,0.0,,,,,,,27,826
1,278,285,1,,3055.0,3060.0,5.0,,,,,,,27,826
2,889,897,1,,1075.0,1040.0,35.0,,,,,,,27,826
3,1104,1105,1,,1045.0,1060.0,15.0,,,,,,,27,826
4,1313,1317,1,,1020.0,1040.0,20.0,,,,,,,27,826
0,275,251,1,,1010.0,1170.0,160.0,,,,,,,27,827
1,477,485,1,,1060.0,1060.0,0.0,,,,,,,27,827
2,689,697,1,,1075.0,1060.0,15.0,,,,,,,27,827
3,904,909,1,,1045.0,1060.0,15.0,,,,,,,27,827
4,1113,1121,1,,1020.0,1025.0,5.0,,,,,,,27,827
0,277,288,1,,1060.0,1045.0,15.0,,,,,,,27,828
1,489,497,1,,1075.0,1080.0,5.0,,,,,,,27,828
2,704,713,1,,1045.0,1040.0,5.0,,,,,,,27,828
3,913,921,1,,1020.0,1025.0,5.0,,,,,,,27,828
4,1117,1126,1,,2095.0,2095.0,0.0,,,,,,,27,828
0,77,85,1,,1060.0,1060.0,0.0,,,,,,,27,829
1,289,297,1,,1075.0,1035.0,40.0,,,,,,,27,829
2,504,504,1,,1045.0,1085.0,40.0,,,,,,,27,829
3,713,721,1,,1020.0,1025.0,5.0,,,,,,,27,829
4,917,926,1,,2095.0,2095.0,0.0,,,,,,,27,829
5,1336,1345,1,,1065.0,1060.0,5.0,,,,,,,27,829
0,89,97,1,,1075.0,1035.0,40.0,,,,,,,27,830
1,304,304,1,,1045.0,1065.0,20.0,,,,,,,27,830
2,513,517,1,,1020.0,1040.0,20.0,,,,,,,27,830
3,717,725,1,,2095.0,2095.0,0.0,,,,,,,27,830
4,1136,1144,1,,1065.0,1060.0,5.0,,,,,,,27,830
5,1349,1356,1,,1045.0,1025.0,20.0,,,,,,,27,830
0,104,106,1,,1045.0,1055.0,10.0,,,,,,,27,831
1,313,317,1,,1020.0,1025.0,5.0,,,,,,,27,831
2,517,522,1,,2095.0,2095.0,0.0,,,,,,,27,831
3,936,941,1,,1065.0,1060.0,5.0,,,,,,,27,831
4,1149,1153,1,,1045.0,1040.0,5.0,,,,,,,27,831
5,1358,1361,1,,1005.0,1100.0,95.0,,,,,,,27,831
0,113,117,1,,1020.0,1025.0,5.0,,,,,,,27,832
1,317,322,1,,2095.0,2095.0,0.0,,,,,,,27,832
2,736,741,1,,1065.0,1060.0,5.0,,,,,,,27,832
3,949,953,1,,1045.0,1040.0,5.0,,,,,,,27,832
4,1158,1161,1,,1005.0,1020.0,15.0,,,,,,,27,832
5,1359,1365,1,,985.0,1065.0,80.0,,,,,,,27,832
0,117,122,1,,2095.0,2095.0,0.0,,,,,,,27,833
1,536,541,1,,1065.0,1060.0,5.0,,,,,,,27,833
2,749,753,1,,1045.0,1040.0,5.0,,,,,,,27,833
3,958,961,1,,1005.0,1020.0,15.0,,,,,,,27,833
4,1159,1165,1,,2015.0,2085.0,70.0,,,,,,,27,833
0,336,341,1,,1065.0,1060.0,5.0,,,,,,,27,834
1,549,553,1,,1045.0,1040.0,5.0,,,,,,,27,834
2,758,761,1,,1005.0,1020.0,15.0,,,,,,,27,834
0,136,141,1,,1065.0,1060.0,5.0,,,,,,,27,835
1,349,353,1,,1045.0,1040.0,5.0,,,,,,,27,835
2,558,561,1,,1005.0,1020.0,15.0,,,,,,,27,835
3,759,765,1,,3055.0,3040.0,15.0,,,,,,,27,835
0,149,153,1,,1045.0,1040.0,5.0,,,,,,,27,836
1,358,361,1,,1005.0,1000.0,5.0,,,,,,,27,836
2,559,561,1,,2015.0,2000.0,15.0,,,,,,,27,836
3,962,961,1,,1040.0,1060.0,20.0,,,,,,,27,836
4,1170,1173,1,,1020.0,1020.0,0.0,,,,,,,27,836
0,158,161,1,,1005.0,1000.0,5.0,,,,,,,27,837
1,359,361,1,,3055.0,3060.0,5.0,,,,,,,27,837
2,970,973,1,,1020.0,1025.0,5.0,,,,,,,27,837
3,1174,1178,1,,970.0,975.0,5.0,,,,,,,27,837
4,1368,1373,1,,975.0,1055.0,80.0,,,,,,,27,837
0,159,161,1,,3055.0,3060.0,5.0,,,,,,,27,838
1,770,773,1,,1020.0,1025.0,5.0,,,,,,,27,838
2,974,978,1,,970.0,975.0,5.0,,,,,,,27,838
3,1168,1173,1,,1975.0,2050.0,75.0,,,,,,,27,838
0,570,573,1,,1020.0,1040.0,20.0,,,,,,,27,839
1,774,781,1,,970.0,960.0,10.0,,,,,,,27,839
2,968,973,1,,1975.0,1980.0,5.0,,,,,,,27,839
0,370,373,1,,1020.0,1040.0,20.0,,,,,,,27,840
1,574,581,1,,970.0,960.0,10.0,,,,,,,27,840
2,768,773,1,,1975.0,1980.0,5.0,,,,,,,27,840
3,1163,1169,1,,1035.0,1020.0,15.0,,,,,,,27,840
0,170,173,1,,1020.0,1020.0,0.0,,,,,,,27,841
1,374,377,1,,970.0,980.0,10.0,,,,,,,27,841
2,568,573,1,,1975.0,1980.0,5.0,,,,,,,27,841
3,963,969,1,,1035.0,1020.0,15.0,,,,,,,27,841
4,1170,1173,1,,1020.0,1020.0,0.0,,,,,,,27,841
0,174,177,1,,970.0,980.0,10.0,,,,,,,27,842
1,368,373,1,,1975.0,1960.0,15.0,,,,,,,27,842
2,763,765,1,,1035.0,1040.0,5.0,,,,,,,27,842
3,970,973,1,,1020.0,1020.0,0.0,,,,,,,27,842
4,1174,1177,1,,975.0,980.0,5.0,,,,,,,27,842
5,1369,1373,1,,960.0,1045.0,85.0,,,,,,,27,842
0,168,173,1,,1975.0,1960.0,15.0,,,,,,,27,843
1,563,565,1,,1035.0,1040.0,5.0,,,,,,,27,843
2,770,773,1,,1020.0,1020.0,0.0,,,,,,,27,843
3,974,977,1,,975.0,980.0,5.0,,,,,,,27,843
4,1169,1173,1,,960.0,960.0,0.0,,,,,,,27,843
5,1361,1365,1,,970.0,980.0,10.0,,,,,,,27,843
0,363,369,1,,1035.0,1020.0,15.0,,,,,,,27,844
1,570,573,1,,1020.0,1020.0,0.0,,,,,,,27,844
2,774,777,1,,975.0,995.0,20.0,,,,,,,27,844
3,969,976,1,,1930.0,1925.0,5.0,,,,,,,27,844
4,1355,1361,1,,1010.0,1095.0,85.0,,,,,,,27,844
0,163,169,1,,1035.0,1020.0,15.0,,,,,,,27,845
1,370,373,1,,1020.0,1020.0,0.0,,,,,,,27,845
2,574,577,1,,975.0,995.0,20.0,,,,,,,27,845
3,769,776,1,,1930.0,1925.0,5.0,,,,,,,27,845
4,1155,1161,1,,1010.0,1000.0,10.0,,,,,,,27,845
5,1357,1361,1,,1030.0,1095.0,65.0,,,,,,,27,845
0,170,173,1,,1020.0,1020.0,0.0,,,,,,,27,846
1,374,377,1,,975.0,995.0,20.0,,,,,,,27,846
2,569,576,1,,1930.0,1925.0,5.0,,,,,,,27,846
3,955,961,1,,1010.0,1000.0,10.0,,,,,,,27,846
4,1157,1161,1,,1030.0,1040.0,10.0,,,,,,,27,846
0,174,177,1,,975.0,980.0,5.0,,,,,,,27,847
1,369,373,1,,960.0,960.0,0.0,,,,,,,27,847
2,561,565,1,,970.0,980.0,10.0,,,,,,,27,847
3,755,761,1,,1010.0,1000.0,10.0,,,,,,,27,847
4,957,961,1,,1030.0,1040.0,10.0,,,,,,,27,847
5,1163,1169,1,,1015.0,1000.0,15.0,,,,,,,27,847
6,1366,1369,1,,985.0,1085.0,100.0,,,,,,,27,847
0,169,173,1,,960.0,960.0,0.0,,,,,,,27,848
1,361,365,1,,970.0,980.0,10.0,,,,,,,27,848
2,555,561,1,,1010.0,1000.0,10.0,,,,,,,27,848
3,757,761,1,,1030.0,1040.0,10.0,,,,,,,27,848
4,963,969,1,,1015.0,1000.0,15.0,,,,,,,27,848
5,1166,1169,1,,985.0,1000.0,15.0,,,,,,,27,848
0,161,165,1,,970.0,980.0,10.0,,,,,,,27,849
1,355,361,1,,1010.0,1000.0,10.0,,,,,,,27,849
2,557,561,1,,1030.0,1040.0,10.0,,,,,,,27,849
3,763,769,1,,1015.0,1000.0,15.0,,,,,,,27,849
4,966,969,1,,985.0,1000.0,15.0,,,,,,,27,849
5,1163,1169,1,,1985.0,2065.0,80.0,,,,,,,27,849
0,155,161,1,,1010.0,1000.0,10.0,,,,,,,27,850
1,357,361,1,,1030.0,1040.0,10.0,,,,,,,27,850
2,563,569,1,,1015.0,1000.0,15.0,,,,,,,27,850
3,766,769,1,,985.0,1000.0,15.0,,,,,,,27,850
4,963,969,1,,1985.0,1980.0,5.0,,,,,,,27,850
0,157,161,1,,1030.0,1040.0,10.0,,,,,,,27,851
1,363,369,1,,1015.0,1000.0,15.0,,,,,,,27,851
2,566,569,1,,985.0,1000.0,15.0,,,,,,,27,851
3,763,769,1,,1985.0,1980.0,5.0,,,,,,,27,851
4,1160,1165,1,,1025.0,1030.0,5.0,,,,,,,27,851
0,163,169,1,,1015.0,1000.0,15.0,,,,,,,27,852
1,366,369,1,,985.0,1000.0,15.0,,,,,,,27,852
2,563,569,1,,1985.0,1980.0,5.0,,,,,,,27,852
3,960,965,1,,1025.0,1035.0,10.0,,,,,,,27,852
4,1165,1172,1,,1030.0,1025.0,5.0,,,,,,,27,852
0,166,169,1,,985.0,1000.0,15.0,,,,,,,27,853
1,363,369,1,,1985.0,1980.0,5.0,,,,,,,27,853
2,760,765,1,,1025.0,1035.0,10.0,,,,,,,27,853
3,965,972,1,,1030.0,1025.0,5.0,,,,,,,27,853
4,1171,1177,1,,980.0,980.0,0.0,,,,,,,27,853
5,1367,1373,1,,965.0,1045.0,80.0,,,,,,,27,853
0,163,169,1,,1985.0,1980.0,5.0,,,,,,,27,854
1,560,565,1,,1025.0,1035.0,10.0,,,,,,,27,854
2,765,772,1,,1030.0,1025.0,5.0,,,,,,,27,854
3,971,977,1,,980.0,980.0,0.0,,,,,,,27,854
4,1167,1173,1,,1970.0,2055.0,85.0,,,,,,,27,854
0,360,365,1,,1025.0,1020.0,5.0,,,,,,,27,855
1,565,569,1,,1030.0,1020.0,10.0,,,,,,,27,855
2,771,773,1,,980.0,980.0,0.0,,,,,,,27,855
3,967,969,1,,965.0,980.0,15.0,,,,,,,27,855
4,1160,1165,1,,1005.0,1000.0,5.0,,,,,,,27,855
0,160,165,1,,1025.0,1035.0,10.0,,,,,,,27,856
1,365,372,1,,1030.0,1025.0,5.0,,,,,,,27,856
2,571,577,1,,980.0,980.0,0.0,,,,,,,27,856
3,767,773,1,,965.0,1010.0,45.0,,,,,,,27,856
4,960,975,1,,1005.0,955.0,50.0,,,,,,,27,856
5,1161,1166,1,,1030.0,1035.0,5.0,,,,,,,27,856
0,165,172,1,,1030.0,1025.0,5.0,,,,,,,27,857
1,371,377,1,,980.0,980.0,0.0,,,,,,,27,857
2,567,573,1,,965.0,960.0,5.0,,,,,,,27,857
3,760,765,1,,1005.0,1005.0,0.0,,,,,,,27,857
4,961,966,1,,1030.0,1035.0,5.0,,,,,,,27,857
5,1167,1173,1,,1040.0,1040.0,0.0,,,,,,,27,857
0,171,177,1,,980.0,980.0,0.0,,,,,,,27,858
1,367,373,1,,965.0,1010.0,45.0,,,,,,,27,858
2,560,575,1,,1005.0,955.0,50.0,,,,,,,27,858
3,761,766,1,,1030.0,1035.0,5.0,,,,,,,27,858
4,967,973,1,,1040.0,1040.0,0.0,,,,,,,27,858
0,167,173,1,,965.0,1010.0,45.0,,,,,,,27,859
1,360,375,1,,1005.0,955.0,50.0,,,,,,,27,859
2,561,566,1,,1030.0,1035.0,5.0,,,,,,,27,859
3,767,773,1,,1040.0,1040.0,0.0,,,,,,,27,859
4,975,981,1,,2020.0,1985.0,35.0,,,,,,,27,859
0,160,175,1,,1005.0,955.0,50.0,,,,,,,27,860
1,361,366,1,,1030.0,1035.0,5.0,,,,,,,27,860
2,567,573,1,,1040.0,1040.0,0.0,,,,,,,27,860
3,775,781,1,,2020.0,1985.0,35.0,,,,,,,27,860
4,1179,1178,1,,1035.0,1055.0,20.0,,,,,,,27,860
0,161,166,1,,1030.0,1035.0,5.0,,,,,,,27,861
1,367,373,1,,1040.0,1040.0,0.0,,,,,,,27,861
2,575,581,1,,2020.0,1985.0,35.0,,,,,,,27,861
3,979,978,1,,1035.0,1055.0,20.0,,,,,,,27,861
4,1186,1189,1,,1030.0,1040.0,10.0,,,,,,,27,861
0,167,173,1,,1040.0,1040.0,0.0,,,,,,,27,862
1,375,381,1,,2020.0,1985.0,35.0,,,,,,,27,862
2,779,778,1,,1035.0,1055.0,20.0,,,,,,,27,862
3,986,989,1,,1030.0,1040.0,10.0,,,,,,,27,862
4,1192,1197,1,,1025.0,1025.0,0.0,,,,,,,27,862
0,175,181,1,,2020.0,1985.0,35.0,,,,,,,27,863
1,579,578,1,,1035.0,1055.0,20.0,,,,,,,27,863
2,786,789,1,,1030.0,1040.0,10.0,,,,,,,27,863
3,992,997,1,,1025.0,1025.0,0.0,,,,,,,27,863
4,1197,1202,1,,1025.0,1035.0,10.0,,,,,,,27,863
0,379,378,1,,1035.0,1055.0,20.0,,,,,,,27,864
1,586,589,1,,1030.0,1040.0,10.0,,,,,,,27,864
2,792,797,1,,1025.0,1025.0,0.0,,,,,,,27,864
3,997,1002,1,,1025.0,1035.0,10.0,,,,,,,27,864
4,1202,1209,1,,1030.0,1020.0,10.0,,,,,,,27,864
0,386,393,1,,1030.0,1020.0,10.0,,,,,,,27,865
1,592,597,1,,1025.0,1035.0,10.0,,,,,,,27,865
2,797,804,1,,1025.0,1025.0,0.0,,,,,,,27,865
3,1002,1009,1,,1030.0,1020.0,10.0,,,,,,,27,865
4,1208,1213,1,,1025.0,1020.0,5.0,,,,,,,27,865
0,430,433,1,,1075.0,1080.0,5.0,,,,,,,27,866
1,645,649,1,,1085.0,1080.0,5.0,,,,,,,27,866
2,862,865,1,,1075.0,1080.0,5.0,,,,,,,27,866
3,1077,1081,1,,1040.0,1020.0,20.0,,,,,,,27,866
0,230,237,1,,1075.0,1060.0,15.0,,,,,,,27,867
1,445,449,1,,1085.0,1080.0,5.0,,,,,,,27,867
2,662,665,1,,1075.0,1080.0,5.0,,,,,,,27,867
3,877,881,1,,1040.0,1040.0,0.0,,,,,,,27,867
4,1085,1089,1,,990.0,980.0,10.0,,,,,,,27,867
5,1283,1285,1,,970.0,980.0,10.0,,,,,,,27,867
0,245,249,1,,1085.0,1080.0,5.0,,,,,,,27,868
1,462,465,1,,1075.0,1080.0,5.0,,,,,,,27,868
2,677,681,1,,1040.0,1020.0,20.0,,,,,,,27,868
3,885,885,1,,1960.0,1980.0,20.0,,,,,,,27,868
4,1277,1281,1,,1010.0,1000.0,10.0,,,,,,,27,868
0,262,265,1,,1075.0,1080.0,5.0,,,,,,,27,869
1,477,481,1,,1040.0,1040.0,0.0,,,,,,,27,869
2,685,689,1,,990.0,980.0,10.0,,,,,,,27,869
3,883,885,1,,970.0,980.0,10.0,,,,,,,27,869
4,1077,1081,1,,1010.0,1000.0,10.0,,,,,,,27,869
5,1279,1281,1,,1030.0,1020.0,10.0,,,,,,,27,869
0,62,65,1,,1075.0,1080.0,5.0,,,,,,,27,870
1,277,281,1,,1040.0,1020.0,20.0,,,,,,,27,870
2,485,485,1,,1960.0,1980.0,20.0,,,,,,,27,870
3,877,881,1,,1010.0,1000.0,10.0,,,,,,,27,870
4,1079,1081,1,,1030.0,1020.0,10.0,,,,,,,27,870
5,1285,1285,1,,1075.0,1060.0,15.0,,,,,,,27,870
0,77,81,1,,1040.0,1040.0,0.0,,,,,,,27,871
1,285,289,1,,990.0,980.0,10.0,,,,,,,27,871
2,483,485,1,,970.0,980.0,10.0,,,,,,,27,871
3,677,681,1,,1010.0,1000.0,10.0,,,,,,,27,871
4,879,881,1,,1030.0,1040.0,10.0,,,,,,,27,871
5,1085,1089,1,,1075.0,1045.0,30.0,,,,,,,27,871
6,1300,1298,1,,1050.0,1055.0,5.0,,,,,,,27,871
0,85,85,1,,990.0,985.0,5.0,,,,,,,27,872
1,283,282,1,,970.0,995.0,25.0,,,,,,,27,872
2,477,481,1,,1010.0,1000.0,10.0,,,,,,,27,872
3,679,681,1,,1030.0,1020.0,10.0,,,,,,,27,872
4,885,885,1,,1075.0,1060.0,15.0,,,,,,,27,872
5,1100,1097,1,,1050.0,1080.0,30.0,,,,,,,27,872
0,83,85,1,,970.0,980.0,10.0,,,,,,,27,873
1,277,281,1,,1010.0,1000.0,10.0,,,,,,,27,873
2,479,481,1,,1030.0,1040.0,10.0,,,,,,,27,873
3,685,689,1,,1075.0,1045.0,30.0,,,,,,,27,873
4,900,898,1,,1050.0,1055.0,5.0,,,,,,,27,873
5,1110,1109,1,,2065.0,2085.0,20.0,,,,,,,27,873
0,77,81,1,,1010.0,1000.0,10.0,,,,,,,27,874
1,279,281,1,,1030.0,1040.0,10.0,,,,,,,27,874
2,485,489,1,,1075.0,1045.0,30.0,,,,,,,27,874
3,700,698,1,,1050.0,1090.0,40.0,,,,,,,27,874
4,910,916,1,,2065.0,2050.0,15.0,,,,,,,27,874
5,1323,1326,1,,1055.0,1055.0,0.0,,,,,,,27,874
0,79,81,1,,1030.0,1040.0,10.0,,,,,,,27,875
1,285,289,1,,1075.0,1045.0,30.0,,,,,,,27,875
2,500,498,1,,1050.0,1090.0,40.0,,,,,,,27,875
3,710,716,1,,1020.0,975.0,45.0,,,,,,,27,875
4,914,911,1,,1045.0,1075.0,30.0,,,,,,,27,875
5,1123,1126,1,,1055.0,1055.0,0.0,,,,,,,27,875
6,1334,1337,1,,1090.0,1140.0,50.0,,,,,,,27,875
0,85,89,1,,1075.0,1045.0,30.0,,,,,,,27,876
1,300,298,1,,1050.0,1090.0,40.0,,,,,,,27,876
2,510,516,1,,2065.0,2050.0,15.0,,,,,,,27,876
3,923,926,1,,1055.0,1055.0,0.0,,,,,,,27,876
4,1134,1137,1,,1090.0,1100.0,10.0,,,,,,,27,876
0,100,98,1,,1050.0,1095.0,45.0,,,,,,,27,877
1,310,317,1,,1020.0,975.0,45.0,,,,,,,27,877
2,514,512,1,,1045.0,1085.0,40.0,,,,,,,27,877
3,723,729,1,,1055.0,1040.0,15.0,,,,,,,27,877
4,934,937,1,,1090.0,1100.0,10.0,,,,,,,27,877
5,1152,1157,1,,1070.0,1060.0,10.0,,,,,,,27,877
0,110,115,1,,3120.0,3110.0,10.0,,,,,,,27,878
1,734,737,1,,1090.0,1060.0,30.0,,,,,,,27,878
2,952,949,1,,1070.0,1100.0,30.0,,,,,,,27,878
3,1166,1169,1,,1020.0,1020.0,0.0,,,,,,,27,878
0,323,325,1,,1055.0,1060.0,5.0,,,,,,,27,879
1,534,537,1,,1090.0,1100.0,10.0,,,,,,,27,879
2,752,757,1,,1070.0,1060.0,10.0,,,,,,,27,879
3,966,969,1,,1020.0,1020.0,0.0,,,,,,,27,879
4,1170,1173,1,,985.0,975.0,10.0,,,,,,,27,879
0,123,125,1,,1055.0,1060.0,5.0,,,,,,,27,880
1,334,337,1,,1090.0,1100.0,10.0,,,,,,,27,880
2,552,557,1,,1070.0,1060.0,10.0,,,,,,,27,880
3,766,769,1,,1020.0,1020.0,0.0,,,,,,,27,880
4,970,973,1,,985.0,975.0,10.0,,,,,,,27,880
5,1167,1168,1,,1000.0,1010.0,10.0,,,,,,,27,880
0,134,137,1,,1090.0,1100.0,10.0,,,,,,,27,881
1,352,357,1,,1070.0,1060.0,10.0,,,,,,,27,881
2,566,569,1,,1020.0,1020.0,0.0,,,,,,,27,881
3,770,773,1,,985.0,980.0,5.0,,,,,,,27,881
4,967,969,1,,1000.0,1015.0,15.0,,,,,,,27,881
5,1167,1172,1,,1030.0,1025.0,5.0,,,,,,,27,881
0,152,157,1,,1070.0,1060.0,10.0,,,,,,,27,882
1,366,369,1,,1020.0,1020.0,0.0,,,,,,,27,882
2,570,573,1,,985.0,980.0,5.0,,,,,,,27,882
3,767,769,1,,1000.0,1015.0,15.0,,,,,,,27,882
4,967,972,1,,1030.0,1025.0,5.0,,,,,,,27,882
5,1173,1177,1,,1045.0,1040.0,5.0,,,,,,,27,882
0,166,173,1,,1020.0,1020.0,0.0,,,,,,,27,883
1,370,377,1,,985.0,960.0,25.0,,,,,,,27,883
2,567,569,1,,1000.0,1020.0,20.0,,,,,,,27,883
3,767,773,1,,1030.0,1020.0,10.0,,,,,,,27,883
4,973,977,1,,1045.0,1060.0,15.0,,,,,,,27,883
5,1182,1189,1,,1070.0,1040.0,30.0,,,,,,,27,883
0,170,173,1,,985.0,980.0,5.0,,,,,,,27,884
1,367,369,1,,1000.0,985.0,15.0,,,,,,,27,884
2,567,566,1,,1030.0,1055.0,25.0,,,,,,,27,884
3,773,777,1,,1045.0,1060.0,15.0,,,,,,,27,884
4,982,989,1,,1070.0,1045.0,25.0,,,,,,,27,884
5,1196,1198,1,,1035.0,1035.0,0.0,,,,,,,27,884
0,167,169,1,,1000.0,1015.0,15.0,,,,,,,27,885
1,367,372,1,,1030.0,1025.0,5.0,,,,,,,27,885
2,573,577,1,,1045.0,1040.0,5.0,,,,,,,27,885
3,782,785,1,,1070.0,1060.0,10.0,,,,,,,27,885
0,167,166,1,,1030.0,1055.0,25.0,,,,,,,27,886
1,373,377,1,,1045.0,1040.0,5.0,,,,,,,27,886
2,582,585,1,,1070.0,1065.0,5.0,,,,,,,27,886
0,173,178,1,,1045.0,1035.0,10.0,,,,,,,27,887
1,382,385,1,,1070.0,1065.0,5.0,,,,,,,27,887
2,596,598,1,,1035.0,1055.0,20.0,,,,,,,27,887
3,803,809,1,,2045.0,2055.0,10.0,,,,,,,27,887
4,1212,1220,1,,1100.0,1090.0,10.0,,,,,,,27,887
0,182,185,1,,1070.0,1065.0,5.0,,,,,,,27,888
1,396,398,1,,4180.0,4195.0,15.0,,,,,,,27,888
2,1232,1237,1,,1085.0,1080.0,5.0,,,,,,,27,888
0,196,197,1,,3080.0,3080.0,0.0,,,,,,,27,889
1,812,813,1,,1100.0,1120.0,20.0,,,,,,,27,889
2,1032,1037,1,,1085.0,1080.0,5.0,,,,,,,27,889
0,203,205,1,,2045.0,2040.0,5.0,,,,,,,27,890
1,612,613,1,,1100.0,1120.0,20.0,,,,,,,27,890
2,832,837,1,,1085.0,1045.0,40.0,,,,,,,27,890
3,1049,1046,1,,1015.0,1055.0,40.0,,,,,,,27,890
0,412,413,1,,1100.0,1120.0,20.0,,,,,,,27,891
1,632,637,1,,1085.0,1080.0,5.0,,,,,,,27,891
2,849,853,1,,1015.0,1025.0,10.0,,,,,,,27,891
3,1052,1058,1,,990.0,960.0,30.0,,,,,,,27,891
4,1250,1250,1,,1005.0,1030.0,25.0,,,,,,,27,891
0,212,213,1,,1100.0,1120.0,20.0,,,,,,,27,892
1,432,437,1,,1085.0,1045.0,40.0,,,,,,,27,892
2,649,646,1,,1015.0,1055.0,40.0,,,,,,,27,892
3,852,857,1,,1995.0,1985.0,10.0,,,,,,,27,892
4,1251,1254,1,,1025.0,1035.0,10.0,,,,,,,27,892
0,232,234,1,,1085.0,1055.0,30.0,,,,,,,27,893
1,449,445,1,,1015.0,1060.0,45.0,,,,,,,27,893
2,652,657,1,,1995.0,1985.0,10.0,,,,,,,27,893
3,1051,1054,1,,1025.0,1020.0,5.0,,,,,,,27,893
4,1256,1258,1,,1040.0,1035.0,5.0,,,,,,,27,893
0,249,245,1,,1015.0,1060.0,45.0,,,,,,,27,894
1,452,457,1,,1995.0,1985.0,10.0,,,,,,,27,894
2,851,854,1,,1025.0,1020.0,5.0,,,,,,,27,894
3,1056,1058,1,,1040.0,1035.0,5.0,,,,,,,27,894
4,1264,1265,1,,1045.0,1025.0,20.0,,,,,,,27,894
0,227,257,1,,2120.0,1985.0,135.0,,,,,,,27,895
1,651,654,1,,1025.0,1020.0,5.0,,,,,,,27,895
2,856,858,1,,1040.0,1035.0,5.0,,,,,,,27,895
3,1064,1065,1,,1045.0,1060.0,15.0,,,,,,,27,895
4,1273,1277,1,,1005.0,1045.0,40.0,,,,,,,27,895
0,250,249,1,,1005.0,1020.0,15.0,,,,,,,27,896
1,451,453,1,,1025.0,1020.0,5.0,,,,,,,27,896
2,656,657,1,,1040.0,1040.0,0.0,,,,,,,27,896
3,864,865,1,,1045.0,1025.0,20.0,,,,,,,27,896
4,1073,1070,1,,1005.0,1035.0,30.0,,,,,,,27,896
5,1274,1277,1,,995.0,990.0,5.0,,,,,,,27,896
0,251,254,1,,1025.0,1020.0,5.0,,,,,,,27,897
1,456,458,1,,1040.0,1035.0,5.0,,,,,,,27,897
2,664,665,1,,1045.0,1060.0,15.0,,,,,,,27,897
3,873,877,1,,1005.0,1045.0,40.0,,,,,,,27,897
4,1074,1086,1,,995.0,955.0,40.0,,,,,,,27,897
5,1273,1277,1,,1020.0,1000.0,20.0,,,,,,,27,897
0,256,261,1,,1040.0,1020.0,20.0,,,,,,,27,898
1,464,465,1,,1045.0,1065.0,20.0,,,,,,,27,898
2,673,678,1,,1005.0,1045.0,40.0,,,,,,,27,898
3,874,887,1,,995.0,950.0,45.0,,,,,,,27,898
4,1073,1077,1,,1020.0,1020.0,0.0,,,,,,,27,898
5,1277,1281,1,,1035.0,1020.0,15.0,,,,,,,27,898
0,264,265,1,,1045.0,1025.0,20.0,,,,,,,27,899
1,473,470,1,,1005.0,1080.0,75.0,,,,,,,27,899
2,674,686,1,,995.0,955.0,40.0,,,,,,,27,899
3,873,877,1,,1020.0,1000.0,20.0,,,,,,,27,899
4,1077,1077,1,,1035.0,1040.0,5.0,,,,,,,27,899
5,1284,1285,1,,1055.0,1070.0,15.0,,,,,,,27,899
0,64,65,1,,1045.0,1065.0,20.0,,,,,,,27,900
1,273,278,1,,1005.0,1050.0,45.0,,,,,,,27,900
2,474,488,1,,995.0,945.0,50.0,,,,,,,27,900
3,673,677,1,,1020.0,1020.0,0.0,,,,,,,27,900
4,877,881,1,,1035.0,1020.0,15.0,,,,,,,27,900
5,1084,1085,1,,1055.0,1035.0,20.0,,,,,,,27,900
6,1295,1292,1,,985.0,1025.0,40.0,,,,,,,27,900
0,73,73,1,,1005.0,1025.0,20.0,,,,,,,27,901
1,274,278,1,,995.0,1000.0,5.0,,,,,,,27,901
2,473,478,1,,1020.0,1015.0,5.0,,,,,,,27,901
3,677,681,1,,1035.0,1040.0,5.0,,,,,,,27,901
4,884,889,1,,1055.0,1060.0,5.0,,,,,,,27,901
5,1095,1101,1,,985.0,980.0,5.0,,,,,,,27,901
6,1292,1297,1,,955.0,960.0,5.0,,,,,,,27,901
0,74,81,1,,995.0,995.0,0.0,,,,,,,27,902
1,273,280,1,,1020.0,1005.0,15.0,,,,,,,27,902
2,477,481,1,,1035.0,1040.0,5.0,,,,,,,27,902
3,684,689,1,,1055.0,1060.0,5.0,,,,,,,27,902
4,895,901,1,,985.0,985.0,0.0,,,,,,,27,902
5,1092,1098,1,,955.0,955.0,0.0,,,,,,,27,902
6,1283,1289,1,,965.0,960.0,5.0,,,,,,,27,902
0,277,281,1,,1035.0,1040.0,5.0,,,,,,,27,903
1,484,489,1,,1055.0,1060.0,5.0,,,,,,,27,903
2,695,701,1,,985.0,980.0,5.0,,,,,,,27,903
3,892,897,1,,955.0,960.0,5.0,,,,,,,27,903
4,1083,1089,1,,965.0,960.0,5.0,,,,,,,27,903
5,1276,1281,1,,980.0,980.0,0.0,,,,,,,27,903
0,77,81,1,,1035.0,1040.0,5.0,,,,,,,27,904
1,284,289,1,,1055.0,1060.0,5.0,,,,,,,27,904
2,495,501,1,,985.0,980.0,5.0,,,,,,,27,904
3,692,697,1,,955.0,960.0,5.0,,,,,,,27,904
4,883,889,1,,965.0,960.0,5.0,,,,,,,27,904
5,1076,1081,1,,980.0,980.0,0.0,,,,,,,27,904
6,1272,1277,1,,995.0,1000.0,5.0,,,,,,,27,904
0,69,73,1,,985.0,1000.0,15.0,,,,,,,27,905
1,266,273,1,,1005.0,1000.0,5.0,,,,,,,27,905
2,467,473,1,,1000.0,1000.0,0.0,,,,,,,27,905
3,667,673,1,,995.0,1000.0,5.0,,,,,,,27,905
4,866,873,1,,965.0,960.0,5.0,,,,,,,27,905
5,1059,1065,1,,955.0,960.0,5.0,,,,,,,27,905
6,1250,1257,1,,965.0,960.0,5.0,,,,,,,27,905
0,66,73,1,,1005.0,1000.0,5.0,,,,,,,27,906
1,267,273,1,,1000.0,1000.0,0.0,,,,,,,27,906
2,467,473,1,,995.0,1000.0,5.0,,,,,,,27,906
3,666,673,1,,965.0,960.0,5.0,,,,,,,27,906
4,859,865,1,,955.0,960.0,5.0,,,,,,,27,906
5,1050,1057,1,,965.0,960.0,5.0,,,,,,,27,906
6,1243,1249,1,,970.0,960.0,10.0,,,,,,,27,906
0,67,73,1,,995.0,1000.0,5.0,,,,,,,27,907
1,266,273,1,,965.0,960.0,5.0,,,,,,,27,907
2,459,465,1,,955.0,960.0,5.0,,,,,,,27,907
3,650,657,1,,965.0,960.0,5.0,,,,,,,27,907
4,843,849,1,,970.0,960.0,10.0,,,,,,,27,907
5,1037,1041,1,,960.0,960.0,0.0,,,,,,,27,907
6,1229,1233,1,,945.0,955.0,10.0,,,,,,,27,907
0,66,73,1,,965.0,965.0,0.0,,,,,,,27,908
1,259,266,1,,955.0,955.0,0.0,,,,,,,27,908
2,450,457,1,,965.0,960.0,5.0,,,,,,,27,908
3,643,649,1,,970.0,960.0,10.0,,,,,,,27,908
4,837,841,1,,960.0,960.0,0.0,,,,,,,27,908
5,1029,1033,1,,945.0,960.0,15.0,,,,,,,27,908
0,250,257,1,,965.0,960.0,5.0,,,,,,,27,909
1,443,449,1,,970.0,980.0,10.0,,,,,,,27,909
2,637,645,1,,960.0,940.0,20.0,,,,,,,27,909
3,829,833,1,,945.0,960.0,15.0,,,,,,,27,909
4,1018,1025,1,,1880.0,1880.0,0.0,,,,,,,27,909
0,243,249,1,,970.0,980.0,10.0,,,,,,,27,910
1,437,445,1,,960.0,940.0,20.0,,,,,,,27,910
2,629,633,1,,945.0,960.0,15.0,,,,,,,27,910
3,818,825,1,,1880.0,1880.0,0.0,,,,,,,27,910
4,1194,1201,1,,955.0,960.0,5.0,,,,,,,27,910
0,237,245,1,,960.0,960.0,0.0,,,,,,,27,911
1,429,437,1,,945.0,940.0,5.0,,,,,,,27,911
2,618,625,1,,930.0,865.0,65.0,,,,,,,27,911
3,804,798,1,,950.0,1015.0,65.0,,,,,,,27,911
4,994,1001,1,,955.0,960.0,5.0,,,,,,,27,911
5,1185,1193,1,,960.0,960.0,0.0,,,,,,,27,911
0,229,233,1,,945.0,960.0,15.0,,,,,,,27,912
1,418,425,1,,930.0,865.0,65.0,,,,,,,27,912
2,604,598,1,,950.0,1015.0,65.0,,,,,,,27,912
3,794,801,1,,955.0,960.0,5.0,,,,,,,27,912
4,985,993,1,,960.0,955.0,5.0,,,,,,,27,912
5,1177,1184,1,,940.0,945.0,5.0,,,,,,,27,912
6,1365,1373,1,,930.0,970.0,40.0,,,,,,,27,912
0,218,225,1,,1880.0,1880.0,0.0,,,,,,,27,913
1,594,601,1,,955.0,960.0,5.0,,,,,,,27,913
2,785,793,1,,960.0,960.0,0.0,,,,,,,27,913
3,977,985,1,,940.0,940.0,0.0,,,,,,,27,913
4,1165,1173,1,,930.0,935.0,5.0,,,,,,,27,913
5,1351,1360,1,,940.0,940.0,0.0,,,,,,,27,913
0,204,211,1,,950.0,950.0,0.0,,,,,,,27,914
1,394,401,1,,955.0,940.0,15.0,,,,,,,27,914
2,585,589,1,,960.0,965.0,5.0,,,,,,,27,914
3,777,782,1,,940.0,950.0,10.0,,,,,,,27,914
4,965,972,1,,930.0,930.0,0.0,,,,,,,27,914
5,1151,1158,1,,940.0,935.0,5.0,,,,,,,27,914
6,1339,1345,1,,945.0,940.0,5.0,,,,,,,27,914
0,194,201,1,,955.0,960.0,5.0,,,,,,,27,915
1,385,393,1,,960.0,955.0,5.0,,,,,,,27,915
2,577,584,1,,940.0,945.0,5.0,,,,,,,27,915
3,765,773,1,,930.0,925.0,5.0,,,,,,,27,915
4,951,958,1,,940.0,935.0,5.0,,,,,,,27,915
5,1139,1145,1,,945.0,940.0,5.0,,,,,,,27,915
6,1328,1333,1,,960.0,980.0,20.0,,,,,,,27,915
0,185,189,1,,960.0,965.0,5.0,,,,,,,27,916
1,377,382,1,,940.0,950.0,10.0,,,,,,,27,916
2,565,572,1,,930.0,930.0,0.0,,,,,,,27,916
3,751,758,1,,940.0,935.0,5.0,,,,,,,27,916
4,939,945,1,,945.0,940.0,5.0,,,,,,,27,916
5,1128,1133,1,,960.0,960.0,0.0,,,,,,,27,916
6,1320,1325,1,,940.0,940.0,0.0,,,,,,,27,916
0,177,184,1,,940.0,945.0,5.0,,,,,,,27,917
1,365,373,1,,930.0,925.0,5.0,,,,,,,27,917
2,551,558,1,,940.0,935.0,5.0,,,,,,,27,917
3,739,745,1,,945.0,940.0,5.0,,,,,,,27,917
4,928,933,1,,960.0,980.0,20.0,,,,,,,27,917
5,1120,1129,1,,940.0,940.0,0.0,,,,,,,27,917
6,1308,1317,1,,905.0,900.0,5.0,,,,,,,27,917
0,165,172,1,,930.0,930.0,0.0,,,,,,,27,918
1,351,358,1,,940.0,935.0,5.0,,,,,,,27,918
2,539,545,1,,945.0,940.0,5.0,,,,,,,27,918
3,728,733,1,,960.0,960.0,0.0,,,,,,,27,918
4,920,925,1,,940.0,940.0,0.0,,,,,,,27,918
5,1108,1113,1,,905.0,920.0,15.0,,,,,,,27,918
6,1289,1297,1,,915.0,820.0,95.0,,,,,,,27,918
0,151,157,1,,940.0,940.0,0.0,,,,,,,27,919
1,339,345,1,,945.0,940.0,5.0,,,,,,,27,919
2,528,533,1,,960.0,960.0,0.0,,,,,,,27,919
3,720,725,1,,940.0,940.0,0.0,,,,,,,27,919
4,908,913,1,,905.0,905.0,0.0,,,,,,,27,919
5,1089,1094,1,,915.0,880.0,35.0,,,,,,,27,919
6,1272,1270,1,,940.0,975.0,35.0,,,,,,,27,919
0,139,141,1,,945.0,960.0,15.0,,,,,,,27,920
1,328,333,1,,960.0,960.0,0.0,,,,,,,27,920
2,520,525,1,,940.0,940.0,0.0,,,,,,,27,920
3,708,713,1,,905.0,905.0,0.0,,,,,,,27,920
4,889,894,1,,915.0,805.0,110.0,,,,,,,27,920
5,1072,1055,1,,940.0,1050.0,110.0,,,,,,,27,920
6,1260,1265,1,,970.0,960.0,10.0,,,,,,,27,920
0,128,129,1,,960.0,980.0,20.0,,,,,,,27,921
1,320,325,1,,940.0,940.0,0.0,,,,,,,27,921
2,508,513,1,,905.0,900.0,5.0,,,,,,,27,921
3,689,693,1,,1855.0,1840.0,15.0,,,,,,,27,921
4,1060,1061,1,,970.0,980.0,10.0,,,,,,,27,921
5,1254,1257,1,,1000.0,1000.0,0.0,,,,,,,27,921
0,242,245,1,,980.0,980.0,0.0,,,,,,,27,922
1,438,441,1,,995.0,1000.0,5.0,,,,,,,27,922
2,637,641,1,,1000.0,1000.0,0.0,,,,,,,27,922
3,837,841,1,,980.0,980.0,0.0,,,,,,,27,922
4,1033,1037,1,,935.0,945.0,10.0,,,,,,,27,922
0,238,241,1,,995.0,1000.0,5.0,,,,,,,27,923
1,437,441,1,,1000.0,1000.0,0.0,,,,,,,27,923
2,637,641,1,,980.0,980.0,0.0,,,,,,,27,923
3,833,837,1,,935.0,950.0,15.0,,,,,,,27,923
4,1020,1027,1,,1920.0,1910.0,10.0,,,,,,,27,923
0,237,241,1,,1000.0,1000.0,0.0,,,,,,,27,924
1,437,441,1,,980.0,980.0,0.0,,,,,,,27,924
2,633,637,1,,935.0,945.0,10.0,,,,,,,27,924
3,820,826,1,,1920.0,1910.0,10.0,,,,,,,27,924
4,1204,1208,1,,980.0,985.0,5.0,,,,,,,27,924
0,237,241,1,,980.0,980.0,0.0,,,,,,,27,925
1,433,437,1,,935.0,940.0,5.0,,,,,,,27,925
2,620,625,1,,950.0,940.0,10.0,,,,,,,27,925
3,810,813,1,,970.0,960.0,10.0,,,,,,,27,925
4,1004,1005,1,,980.0,1000.0,20.0,,,,,,,27,925
5,1200,1205,1,,985.0,980.0,5.0,,,,,,,27,925
0,233,237,1,,935.0,940.0,5.0,,,,,,,27,926
1,420,425,1,,950.0,940.0,10.0,,,,,,,27,926
2,610,613,1,,970.0,960.0,10.0,,,,,,,27,926
3,804,805,1,,980.0,1000.0,20.0,,,,,,,27,926
4,1000,1005,1,,985.0,980.0,5.0,,,,,,,27,926
5,1197,1201,1,,960.0,960.0,0.0,,,,,,,27,926
0,115,89,1,,525.0,685.0,160.0,,,,,,,27,927
1,220,226,1,,1920.0,1910.0,10.0,,,,,,,27,927
2,604,608,1,,980.0,985.0,5.0,,,,,,,27,927
3,800,805,1,,985.0,980.0,5.0,,,,,,,27,927
4,997,1001,1,,960.0,960.0,0.0,,,,,,,27,927
5,1189,1193,1,,915.0,885.0,30.0,,,,,,,27,927
6,1372,1370,1,,925.0,1040.0,115.0,,,,,,,27,927
0,210,213,1,,970.0,960.0,10.0,,,,,,,27,928
1,404,405,1,,980.0,1000.0,20.0,,,,,,,27,928
2,600,605,1,,985.0,980.0,5.0,,,,,,,27,928
3,797,801,1,,960.0,960.0,0.0,,,,,,,27,928
4,989,993,1,,915.0,880.0,35.0,,,,,,,27,928
5,1172,1169,1,,925.0,960.0,35.0,,,,,,,27,928
0,204,209,1,,980.0,980.0,0.0,,,,,,,27,929
1,400,405,1,,985.0,980.0,5.0,,,,,,,27,929
2,597,601,1,,960.0,960.0,0.0,,,,,,,27,929
3,789,793,1,,915.0,885.0,30.0,,,,,,,27,929
4,972,970,1,,925.0,955.0,30.0,,,,,,,27,929
5,1157,1161,1,,945.0,940.0,5.0,,,,,,,27,929
6,1346,1349,1,,955.0,960.0,5.0,,,,,,,27,929
0,200,205,1,,985.0,980.0,5.0,,,,,,,27,930
1,397,401,1,,960.0,960.0,0.0,,,,,,,27,930
2,589,593,1,,915.0,810.0,105.0,,,,,,,27,930
3,772,755,1,,925.0,1030.0,105.0,,,,,,,27,930
4,957,961,1,,945.0,940.0,5.0,,,,,,,27,930
5,1146,1149,1,,955.0,960.0,5.0,,,,,,,27,930
6,1337,1341,1,,945.0,940.0,5.0,,,,,,,27,930
0,197,205,1,,960.0,955.0,5.0,,,,,,,27,931
1,389,396,1,,915.0,810.0,105.0,,,,,,,27,931
2,572,558,1,,925.0,1015.0,90.0,,,,,,,27,931
3,757,761,1,,945.0,960.0,15.0,,,,,,,27,931
4,946,953,1,,955.0,960.0,5.0,,,,,,,27,931
5,1137,1145,1,,945.0,940.0,5.0,,,,,,,27,931
6,1326,1333,1,,945.0,940.0,5.0,,,,,,,27,931
0,189,194,1,,915.0,880.0,35.0,,,,,,,27,932
1,372,370,1,,925.0,955.0,30.0,,,,,,,27,932
2,557,561,1,,945.0,960.0,15.0,,,,,,,27,932
3,746,753,1,,955.0,940.0,15.0,,,,,,,27,932
4,937,941,1,,945.0,920.0,25.0,,,,,,,27,932
5,1126,1125,1,,945.0,975.0,30.0,,,,,,,27,932
6,1315,1320,1,,990.0,985.0,5.0,,,,,,,27,932
0,172,169,1,,925.0,960.0,35.0,,,,,,,27,933
1,357,361,1,,945.0,940.0,5.0,,,,,,,27,933
2,546,549,1,,955.0,960.0,5.0,,,,,,,27,933
3,737,741,1,,945.0,940.0,5.0,,,,,,,27,933
4,926,929,1,,945.0,945.0,0.0,,,,,,,27,933
5,1115,1118,1,,990.0,995.0,5.0,,,,,,,27,933
6,1313,1317,1,,1025.0,1020.0,5.0,,,,,,,27,933
0,157,161,1,,945.0,940.0,5.0,,,,,,,27,934
1,346,349,1,,955.0,960.0,5.0,,,,,,,27,934
2,537,541,1,,945.0,945.0,0.0,,,,,,,27,934
3,726,730,1,,945.0,940.0,5.0,,,,,,,27,934
4,915,918,1,,990.0,995.0,5.0,,,,,,,27,934
5,1113,1117,1,,1025.0,1020.0,5.0,,,,,,,27,934
6,1318,1321,1,,1010.0,1000.0,10.0,,,,,,,27,934
0,146,149,1,,955.0,950.0,5.0,,,,,,,27,935
1,337,339,1,,945.0,945.0,0.0,,,,,,,27,935
2,526,528,1,,945.0,945.0,0.0,,,,,,,27,935
3,715,717,1,,990.0,980.0,10.0,,,,,,,27,935
4,913,913,1,,1025.0,1040.0,15.0,,,,,,,27,935
5,1118,1121,1,,1010.0,1000.0,10.0,,,,,,,27,935
6,1320,1321,1,,965.0,945.0,20.0,,,,,,,27,935
0,137,139,1,,945.0,950.0,5.0,,,,,,,27,936
1,326,329,1,,945.0,940.0,5.0,,,,,,,27,936
2,515,517,1,,990.0,980.0,10.0,,,,,,,27,936
3,713,713,1,,1025.0,1040.0,15.0,,,,,,,27,936
4,918,921,1,,1010.0,1000.0,10.0,,,,,,,27,936
5,1120,1121,1,,965.0,945.0,20.0,,,,,,,27,936
0,126,129,1,,945.0,940.0,5.0,,,,,,,27,937
1,315,317,1,,990.0,1000.0,10.0,,,,,,,27,937
2,513,517,1,,1025.0,1020.0,5.0,,,,,,,27,937
3,718,721,1,,1010.0,1000.0,10.0,,,,,,,27,937
4,920,921,1,,965.0,980.0,15.0,,,,,,,27,937
5,1113,1117,1,,1900.0,1900.0,0.0,,,,,,,27,937
0,115,118,1,,990.0,995.0,5.0,,,,,,,27,938
1,313,317,1,,1025.0,1020.0,5.0,,,,,,,27,938
2,518,521,1,,1010.0,1000.0,10.0,,,,,,,27,938
3,720,721,1,,965.0,980.0,15.0,,,,,,,27,938
4,913,917,1,,1900.0,1900.0,0.0,,,,,,,27,938
5,1293,1297,1,,985.0,980.0,5.0,,,,,,,27,938
0,113,117,1,,1025.0,1020.0,5.0,,,,,,,27,939
1,318,321,1,,1010.0,1000.0,10.0,,,,,,,27,939
2,520,521,1,,965.0,980.0,15.0,,,,,,,27,939
3,713,717,1,,1900.0,1900.0,0.0,,,,,,,27,939
4,1093,1097,1,,985.0,980.0,5.0,,,,,,,27,939
5,1290,1293,1,,990.0,980.0,10.0,,,,,,,27,939
0,118,121,1,,1010.0,1000.0,10.0,,,,,,,27,940
1,320,321,1,,965.0,980.0,15.0,,,,,,,27,940
2,513,517,1,,1900.0,1900.0,0.0,,,,,,,27,940
3,893,897,1,,985.0,980.0,5.0,,,,,,,27,940
4,1090,1093,1,,990.0,960.0,30.0,,,,,,,27,940
5,1288,1285,1,,945.0,980.0,35.0,,,,,,,27,940
0,120,125,1,,965.0,960.0,5.0,,,,,,,27,941
1,313,317,1,,1900.0,1910.0,10.0,,,,,,,27,941
2,693,699,1,,985.0,990.0,5.0,,,,,,,27,941
3,890,897,1,,990.0,980.0,10.0,,,,,,,27,941
4,1088,1093,1,,945.0,940.0,5.0,,,,,,,27,941
5,1277,1281,1,,925.0,940.0,15.0,,,,,,,27,941
0,113,121,1,,1900.0,1900.0,0.0,,,,,,,27,942
1,493,501,1,,985.0,980.0,5.0,,,,,,,27,942
2,690,697,1,,990.0,980.0,10.0,,,,,,,27,942
3,888,893,1,,945.0,960.0,15.0,,,,,,,27,942
4,1077,1085,1,,925.0,925.0,0.0,,,,,,,27,942
5,1262,1270,1,,950.0,935.0,15.0,,,,,,,27,942
0,293,300,1,,985.0,985.0,0.0,,,,,,,27,943
1,490,497,1,,990.0,980.0,10.0,,,,,,,27,943
2,688,693,1,,945.0,940.0,5.0,,,,,,,27,943
3,877,881,1,,925.0,940.0,15.0,,,,,,,27,943
4,1062,1069,1,,950.0,940.0,10.0,,,,,,,27,943
5,1252,1257,1,,975.0,980.0,5.0,,,,,,,27,943
0,93,100,1,,985.0,985.0,0.0,,,,,,,27,944
1,290,297,1,,990.0,980.0,10.0,,,,,,,27,944
2,488,493,1,,945.0,940.0,5.0,,,,,,,27,944
3,677,681,1,,925.0,940.0,15.0,,,,,,,27,944
4,862,869,1,,950.0,940.0,10.0,,,,,,,27,944
5,1052,1057,1,,975.0,980.0,5.0,,,,,,,27,944
6,1247,1253,1,,1000.0,1000.0,0.0,,,,,,,27,944
0,90,93,1,,990.0,1000.0,10.0,,,,,,,27,945
1,288,293,1,,945.0,940.0,5.0,,,,,,,27,945
2,477,481,1,,925.0,940.0,15.0,,,,,,,27,945
3,662,669,1,,950.0,940.0,10.0,,,,,,,27,945
4,852,857,1,,975.0,960.0,15.0,,,,,,,27,945
5,1047,1049,1,,1000.0,1020.0,20.0,,,,,,,27,945
6,1247,1253,1,,980.0,980.0,0.0,,,,,,,27,945
0,88,93,1,,945.0,940.0,5.0,,,,,,,27,946
1,277,281,1,,925.0,940.0,15.0,,,,,,,27,946
2,462,469,1,,950.0,940.0,10.0,,,,,,,27,946
3,652,657,1,,975.0,980.0,5.0,,,,,,,27,946
4,847,853,1,,1000.0,1000.0,0.0,,,,,,,27,946
5,1047,1053,1,,980.0,980.0,0.0,,,,,,,27,946
6,1243,1249,1,,965.0,960.0,5.0,,,,,,,27,946
0,77,81,1,,925.0,940.0,15.0,,,,,,,27,947
1,262,269,1,,950.0,940.0,10.0,,,,,,,27,947
2,452,457,1,,975.0,980.0,5.0,,,,,,,27,947
3,647,653,1,,1000.0,1000.0,0.0,,,,,,,27,947
4,847,853,1,,980.0,980.0,0.0,,,,,,,27,947
5,1043,1049,1,,965.0,960.0,5.0,,,,,,,27,947
6,1236,1241,1,,960.0,960.0,0.0,,,,,,,27,947
0,62,69,1,,950.0,940.0,10.0,,,,,,,27,948
1,252,257,1,,975.0,960.0,15.0,,,,,,,27,948
2,447,449,1,,1000.0,1020.0,20.0,,,,,,,27,948
3,647,653,1,,980.0,980.0,0.0,,,,,,,27,948
4,843,849,1,,965.0,960.0,5.0,,,,,,,27,948
5,1036,1041,1,,960.0,960.0,0.0,,,,,,,27,948
6,1228,1233,1,,995.0,1000.0,5.0,,,,,,,27,948
0,247,249,1,,1000.0,1010.0,10.0,,,,,,,27,949
1,447,451,1,,980.0,970.0,10.0,,,,,,,27,949
2,643,645,1,,965.0,975.0,10.0,,,,,,,27,949
3,836,840,1,,960.0,965.0,5.0,,,,,,,27,949
4,1028,1033,1,,995.0,980.0,15.0,,,,,,,27,949
5,1227,1229,1,,1005.0,1020.0,15.0,,,,,,,27,949
0,247,253,1,,980.0,980.0,0.0,,,,,,,27,950
1,443,449,1,,965.0,960.0,5.0,,,,,,,27,950
2,636,641,1,,960.0,960.0,0.0,,,,,,,27,950
3,828,833,1,,995.0,1000.0,5.0,,,,,,,27,950
4,1027,1033,1,,1005.0,1000.0,5.0,,,,,,,27,950
5,1228,1233,1,,985.0,980.0,5.0,,,,,,,27,950
0,243,249,1,,965.0,960.0,5.0,,,,,,,27,951
1,436,441,1,,960.0,960.0,0.0,,,,,,,27,951
2,628,633,1,,995.0,1000.0,5.0,,,,,,,27,951
3,827,833,1,,1005.0,1000.0,5.0,,,,,,,27,951
4,1028,1033,1,,985.0,980.0,5.0,,,,,,,27,951
5,1225,1229,1,,945.0,940.0,5.0,,,,,,,27,951
0,236,241,1,,960.0,960.0,0.0,,,,,,,27,952
1,428,433,1,,995.0,1000.0,5.0,,,,,,,27,952
2,627,633,1,,1005.0,1000.0,5.0,,,,,,,27,952
3,828,833,1,,985.0,980.0,5.0,,,,,,,27,952
4,1025,1029,1,,945.0,940.0,5.0,,,,,,,27,952
0,228,233,1,,995.0,1000.0,5.0,,,,,,,27,953
1,427,433,1,,1005.0,1000.0,5.0,,,,,,,27,953
2,628,633,1,,985.0,980.0,5.0,,,,,,,27,953
3,825,829,1,,945.0,940.0,5.0,,,,,,,27,953
4,1014,1017,1,,1870.0,1880.0,10.0,,,,,,,27,953
0,227,233,1,,1005.0,1000.0,5.0,,,,,,,27,954
1,428,433,1,,985.0,980.0,5.0,,,,,,,27,954
2,625,629,1,,945.0,940.0,5.0,,,,,,,27,954
3,814,817,1,,1870.0,1880.0,10.0,,,,,,,27,954
4,1188,1193,1,,980.0,980.0,0.0,,,,,,,27,954
0,228,233,1,,985.0,980.0,5.0,,,,,,,27,955
1,425,429,1,,945.0,925.0,20.0,,,,,,,27,955
2,614,614,1,,1870.0,1895.0,25.0,,,,,,,27,955
3,988,993,1,,980.0,980.0,0.0,,,,,,,27,955
4,1184,1189,1,,1005.0,980.0,25.0,,,,,,,27,955
0,225,229,1,,945.0,945.0,0.0,,,,,,,27,956
1,414,418,1,,1870.0,1875.0,5.0,,,,,,,27,956
2,788,793,1,,980.0,980.0,0.0,,,,,,,27,956
3,984,989,1,,1005.0,1000.0,5.0,,,,,,,27,956
4,1185,1189,1,,1000.0,1000.0,0.0,,,,,,,27,956
0,214,218,1,,1870.0,1875.0,5.0,,,,,,,27,957
1,588,593,1,,980.0,980.0,0.0,,,,,,,27,957
2,784,789,1,,1005.0,1000.0,5.0,,,,,,,27,957
3,985,989,1,,1000.0,1000.0,0.0,,,,,,,27,957
4,1185,1189,1,,970.0,940.0,30.0,,,,,,,27,957
5,1379,1377,1,,985.0,1000.0,15.0,,,,,,,27,957
0,388,393,1,,980.0,980.0,0.0,,,,,,,27,958
1,584,589,1,,1005.0,1000.0,5.0,,,,,,,27,958
2,785,789,1,,1000.0,1000.0,0.0,,,,,,,27,958
3,985,989,1,,970.0,940.0,30.0,,,,,,,27,958
4,1179,1177,1,,985.0,1020.0,35.0,,,,,,,27,958
5,1376,1381,1,,1000.0,980.0,20.0,,,,,,,27,958
0,188,193,1,,980.0,980.0,0.0,,,,,,,27,959
1,384,389,1,,1005.0,1000.0,5.0,,,,,,,27,959
2,585,589,1,,1000.0,1000.0,0.0,,,,,,,27,959
3,785,789,1,,970.0,940.0,30.0,,,,,,,27,959
4,979,977,1,,985.0,1020.0,35.0,,,,,,,27,959
5,1176,1181,1,,1000.0,1000.0,0.0,,,,,,,27,959
0,184,185,1,,1005.0,1000.0,5.0,,,,,,,27,960
1,385,385,1,,1000.0,1020.0,20.0,,,,,,,27,960
2,585,589,1,,970.0,960.0,10.0,,,,,,,27,960
3,779,781,1,,985.0,980.0,5.0,,,,,,,27,960
4,976,977,1,,1000.0,1000.0,0.0,,,,,,,27,960
5,1176,1177,1,,1025.0,1000.0,25.0,,,,,,,27,960
0,185,181,1,,1000.0,1035.0,35.0,,,,,,,27,961
1,385,388,1,,970.0,930.0,40.0,,,,,,,27,961
2,579,574,1,,985.0,1015.0,30.0,,,,,,,27,961
3,776,777,1,,1000.0,1000.0,0.0,,,,,,,27,961
4,976,977,1,,1025.0,1020.0,5.0,,,,,,,27,961
5,1181,1181,1,,990.0,1000.0,10.0,,,,,,,27,961
0,185,189,1,,970.0,960.0,10.0,,,,,,,27,962
1,379,381,1,,985.0,995.0,10.0,,,,,,,27,962
2,576,580,1,,1000.0,1005.0,5.0,,,,,,,27,962
3,776,781,1,,1025.0,1020.0,5.0,,,,,,,27,962
4,981,985,1,,990.0,980.0,10.0,,,,,,,27,962
5,1179,1181,1,,955.0,965.0,10.0,,,,,,,27,962
6,1370,1374,1,,970.0,1010.0,40.0,,,,,,,27,962
0,179,174,1,,985.0,1015.0,30.0,,,,,,,27,963
1,376,377,1,,1000.0,1000.0,0.0,,,,,,,27,963
2,576,577,1,,1025.0,1020.0,5.0,,,,,,,27,963
3,781,781,1,,990.0,1000.0,10.0,,,,,,,27,963
4,979,981,1,,955.0,915.0,40.0,,,,,,,27,963
5,1170,1164,1,,970.0,1005.0,35.0,,,,,,,27,963
0,176,177,1,,1000.0,1000.0,0.0,,,,,,,27,964
1,376,377,1,,1025.0,1000.0,25.0,,,,,,,27,964
2,581,577,1,,990.0,1020.0,30.0,,,,,,,27,964
3,779,781,1,,955.0,960.0,5.0,,,,,,,27,964
4,970,973,1,,970.0,960.0,10.0,,,,,,,27,964
5,1164,1165,1,,995.0,1000.0,5.0,,,,,,,27,964
6,1363,1365,1,,1010.0,1055.0,45.0,,,,,,,27,964
0,176,177,1,,1025.0,1000.0,25.0,,,,,,,27,965
1,381,377,1,,990.0,1020.0,30.0,,,,,,,27,965
2,579,581,1,,955.0,960.0,5.0,,,,,,,27,965
3,770,773,1,,970.0,960.0,10.0,,,,,,,27,965
4,964,965,1,,995.0,1000.0,5.0,,,,,,,27,965
5,1163,1165,1,,1010.0,1000.0,10.0,,,,,,,27,965
0,181,181,1,,990.0,1000.0,10.0,,,,,,,27,966
1,379,381,1,,955.0,910.0,45.0,,,,,,,27,966
2,570,563,1,,970.0,1010.0,40.0,,,,,,,27,966
3,764,765,1,,995.0,980.0,15.0,,,,,,,27,966
4,963,961,1,,1010.0,1020.0,10.0,,,,,,,27,966
5,1165,1165,1,,980.0,980.0,0.0,,,,,,,27,966
6,1361,1361,1,,945.0,955.0,10.0,,,,,,,27,966
0,179,181,1,,955.0,925.0,30.0,,,,,,,27,967
1,370,366,1,,970.0,995.0,25.0,,,,,,,27,967
2,564,565,1,,995.0,980.0,15.0,,,,,,,27,967
3,763,761,1,,1010.0,1020.0,10.0,,,,,,,27,967
4,965,965,1,,980.0,980.0,0.0,,,,,,,27,967
5,1161,1161,1,,945.0,950.0,5.0,,,,,,,27,967
6,1350,1351,1,,940.0,945.0,5.0,,,,,,,27,967
0,164,165,1,,995.0,1000.0,5.0,,,,,,,27,968
1,363,365,1,,1010.0,1000.0,10.0,,,,,,,27,968
2,565,565,1,,980.0,980.0,0.0,,,,,,,27,968
3,761,761,1,,945.0,960.0,15.0,,,,,,,27,968
4,950,953,1,,940.0,940.0,0.0,,,,,,,27,968
5,1138,1141,1,,995.0,980.0,15.0,,,,,,,27,968
6,1337,1337,1,,1005.0,1020.0,15.0,,,,,,,27,968
0,163,165,1,,1010.0,1000.0,10.0,,,,,,,27,969
1,365,365,1,,980.0,980.0,0.0,,,,,,,27,969
2,561,561,1,,945.0,960.0,15.0,,,,,,,27,969
3,750,753,1,,940.0,940.0,0.0,,,,,,,27,969
4,938,941,1,,995.0,980.0,15.0,,,,,,,27,969
5,1137,1137,1,,1005.0,1020.0,15.0,,,,,,,27,969
6,1338,1341,1,,1000.0,980.0,20.0,,,,,,,27,969
0,165,165,1,,980.0,980.0,0.0,,,,,,,27,970
1,361,361,1,,945.0,960.0,15.0,,,,,,,27,970
2,550,553,1,,940.0,940.0,0.0,,,,,,,27,970
3,738,741,1,,995.0,980.0,15.0,,,,,,,27,970
4,937,937,1,,1005.0,1020.0,15.0,,,,,,,27,970
5,1138,1141,1,,1000.0,980.0,20.0,,,,,,,27,970
6,1338,1337,1,,950.0,960.0,10.0,,,,,,,27,970
0,161,161,1,,945.0,960.0,15.0,,,,,,,27,971
1,350,353,1,,940.0,945.0,5.0,,,,,,,27,971
2,538,542,1,,995.0,975.0,20.0,,,,,,,27,971
3,737,737,1,,1005.0,1020.0,15.0,,,,,,,27,971
4,938,941,1,,1000.0,980.0,20.0,,,,,,,27,971
5,1138,1137,1,,950.0,970.0,20.0,,,,,,,27,971
6,1328,1331,1,,955.0,950.0,5.0,,,,,,,27,971
0,113,117,1,,995.0,980.0,15.0,,,,,,,27,972
1,312,313,1,,975.0,995.0,20.0,,,,,,,27,972
2,507,512,1,,965.0,965.0,0.0,,,,,,,27,972
3,700,705,1,,975.0,970.0,5.0,,,,,,,27,972
4,895,899,1,,1005.0,1010.0,5.0,,,,,,,27,972
5,1096,1101,1,,1035.0,1020.0,15.0,,,,,,,27,972
6,1303,1305,1,,1020.0,1025.0,5.0,,,,,,,27,972
0,112,113,1,,975.0,980.0,5.0,,,,,,,27,973
1,307,309,1,,965.0,980.0,15.0,,,,,,,27,973
2,500,505,1,,975.0,970.0,5.0,,,,,,,27,973
3,695,699,1,,1005.0,1010.0,5.0,,,,,,,27,973
4,896,901,1,,1035.0,1020.0,15.0,,,,,,,27,973
5,1103,1105,1,,1020.0,1025.0,5.0,,,,,,,27,973
6,1307,1310,1,,980.0,975.0,5.0,,,,,,,27,973
0,107,109,1,,965.0,980.0,15.0,,,,,,,27,974
1,300,305,1,,975.0,970.0,5.0,,,,,,,27,974
2,495,499,1,,1005.0,1010.0,5.0,,,,,,,27,974
3,696,701,1,,1035.0,1020.0,15.0,,,,,,,27,974
4,903,905,1,,1020.0,1025.0,5.0,,,,,,,27,974
5,1107,1110,1,,980.0,975.0,5.0,,,,,,,27,974
6,1303,1305,1,,965.0,945.0,20.0,,,,,,,27,974
0,100,105,1,,975.0,970.0,5.0,,,,,,,27,975
1,295,299,1,,1005.0,1010.0,5.0,,,,,,,27,975
2,496,501,1,,1035.0,1020.0,15.0,,,,,,,27,975
3,703,705,1,,1020.0,1020.0,0.0,,,,,,,27,975
4,907,909,1,,980.0,980.0,0.0,,,,,,,27,975
5,1103,1105,1,,965.0,945.0,20.0,,,,,,,27,975
6,1296,1294,1,,990.0,1015.0,25.0,,,,,,,27,975
0,95,99,1,,1005.0,1010.0,5.0,,,,,,,27,976
1,296,301,1,,1035.0,1020.0,15.0,,,,,,,27,976
2,503,505,1,,1020.0,1025.0,5.0,,,,,,,27,976
3,707,710,1,,1945.0,1920.0,25.0,,,,,,,27,976
4,1096,1094,1,,990.0,1015.0,25.0,,,,,,,27,976
5,1294,1297,1,,1030.0,1040.0,10.0,,,,,,,27,976
0,96,101,1,,1035.0,1020.0,15.0,,,,,,,27,977
1,303,305,1,,1020.0,1025.0,5.0,,,,,,,27,977
2,507,510,1,,1945.0,1920.0,25.0,,,,,,,27,977
3,896,894,1,,990.0,1015.0,25.0,,,,,,,27,977
4,1094,1097,1,,1030.0,1040.0,10.0,,,,,,,27,977
5,1300,1305,1,,1050.0,1040.0,10.0,,,,,,,27,977
0,103,109,1,,1020.0,1010.0,10.0,,,,,,,27,978
1,307,311,1,,1945.0,1950.0,5.0,,,,,,,27,978
2,696,701,1,,990.0,980.0,10.0,,,,,,,27,978
3,894,897,1,,1030.0,1040.0,10.0,,,,,,,27,978
4,1100,1105,1,,1050.0,1040.0,10.0,,,,,,,27,978
5,1310,1313,1,,1000.0,1000.0,0.0,,,,,,,27,978
0,107,113,1,,1945.0,1940.0,5.0,,,,,,,27,979
1,496,501,1,,990.0,1000.0,10.0,,,,,,,27,979
2,694,701,1,,1030.0,1020.0,10.0,,,,,,,27,979
3,900,905,1,,1050.0,1060.0,10.0,,,,,,,27,979
4,1110,1117,1,,1000.0,995.0,5.0,,,,,,,27,979
5,1310,1316,1,,970.0,970.0,0.0,,,,,,,27,979
0,103,109,1,,965.0,945.0,20.0,,,,,,,27,980
1,296,298,1,,990.0,1015.0,25.0,,,,,,,27,980
2,494,501,1,,1030.0,1040.0,10.0,,,,,,,27,980
3,700,709,1,,1050.0,1040.0,10.0,,,,,,,27,980
4,910,917,1,,1000.0,1000.0,0.0,,,,,,,27,980
5,1110,1117,1,,970.0,980.0,10.0,,,,,,,27,980
6,1304,1313,1,,960.0,960.0,0.0,,,,,,,27,980
0,96,105,1,,990.0,995.0,5.0,,,,,,,27,981
1,294,304,1,,1030.0,1025.0,5.0,,,,,,,27,981
2,500,509,1,,1050.0,1045.0,5.0,,,,,,,27,981
3,710,718,1,,1000.0,1005.0,5.0,,,,,,,27,981
4,910,919,1,,970.0,975.0,5.0,,,,,,,27,981
5,1104,1114,1,,960.0,955.0,5.0,,,,,,,27,981
6,1296,1305,1,,1000.0,1000.0,0.0,,,,,,,27,981
0,94,101,1,,1030.0,1040.0,10.0,,,,,,,27,982
1,300,309,1,,1050.0,1040.0,10.0,,,,,,,27,982
2,510,517,1,,1000.0,1000.0,0.0,,,,,,,27,982
3,710,717,1,,970.0,980.0,10.0,,,,,,,27,982
4,904,913,1,,960.0,960.0,0.0,,,,,,,27,982
5,1096,1105,1,,1000.0,1000.0,0.0,,,,,,,27,982
6,1296,1305,1,,1040.0,1040.0,0.0,,,,,,,27,982
0,100,109,1,,1050.0,1045.0,5.0,,,,,,,27,983
1,310,318,1,,1000.0,1005.0,5.0,,,,,,,27,983
2,510,519,1,,970.0,975.0,5.0,,,,,,,27,983
3,704,714,1,,960.0,955.0,5.0,,,,,,,27,983
4,896,905,1,,1000.0,1000.0,0.0,,,,,,,27,983
5,1096,1105,1,,2080.0,2080.0,0.0,,,,,,,27,983
0,110,118,1,,1000.0,1005.0,5.0,,,,,,,27,984
1,310,319,1,,970.0,975.0,5.0,,,,,,,27,984
2,504,514,1,,960.0,955.0,5.0,,,,,,,27,984
3,696,705,1,,1000.0,1000.0,0.0,,,,,,,27,984
4,896,905,1,,2080.0,2080.0,0.0,,,,,,,27,984
5,1312,1321,1,,1035.0,1020.0,15.0,,,,,,,27,984
0,110,117,1,,970.0,980.0,10.0,,,,,,,27,985
1,304,313,1,,960.0,960.0,0.0,,,,,,,27,985
2,496,505,1,,1000.0,1000.0,0.0,,,,,,,27,985
3,696,705,1,,1040.0,1040.0,0.0,,,,,,,27,985
4,904,913,1,,1040.0,1020.0,20.0,,,,,,,27,985
5,1112,1117,1,,2055.0,2045.0,10.0,,,,,,,27,985
0,104,110,1,,960.0,955.0,5.0,,,,,,,27,986
1,296,301,1,,1000.0,1000.0,0.0,,,,,,,27,986
2,496,501,1,,2080.0,2080.0,0.0,,,,,,,27,986
3,912,917,1,,1035.0,1020.0,15.0,,,,,,,27,986
4,1119,1121,1,,2070.0,2080.0,10.0,,,,,,,27,986
0,96,101,1,,1000.0,1000.0,0.0,,,,,,,27,987
1,296,301,1,,2080.0,2080.0,0.0,,,,,,,27,987
2,712,717,1,,1035.0,1020.0,15.0,,,,,,,27,987
3,919,921,1,,2070.0,2080.0,10.0,,,,,,,27,987
4,1333,1337,1,,1065.0,1045.0,20.0,,,,,,,27,987
0,96,101,1,,1040.0,1020.0,20.0,,,,,,,27,988
1,304,305,1,,1040.0,1060.0,20.0,,,,,,,27,988
2,512,517,1,,1035.0,1020.0,15.0,,,,,,,27,988
3,719,721,1,,1020.0,1020.0,0.0,,,,,,,27,988
4,923,925,1,,1050.0,1060.0,10.0,,,,,,,27,988
5,1133,1137,1,,1065.0,1060.0,5.0,,,,,,,27,988
6,1346,1349,1,,1065.0,1055.0,10.0,,,,,,,27,988
0,104,109,1,,1040.0,1020.0,20.0,,,,,,,27,989
1,312,313,1,,2055.0,2060.0,5.0,,,,,,,27,989
2,723,725,1,,1050.0,1060.0,10.0,,,,,,,27,989
3,933,937,1,,1065.0,1060.0,5.0,,,,,,,27,989
4,1146,1149,1,,1065.0,1045.0,20.0,,,,,,,27,989
5,1359,1358,1,,1025.0,1160.0,135.0,,,,,,,27,989
0,112,113,1,,2055.0,2065.0,10.0,,,,,,,27,990
1,523,526,1,,1050.0,1055.0,5.0,,,,,,,27,990
2,733,737,1,,1065.0,1060.0,5.0,,,,,,,27,990
3,946,949,1,,1065.0,1045.0,20.0,,,,,,,27,990
4,1159,1158,1,,1025.0,1050.0,25.0,,,,,,,27,990
0,323,326,1,,1050.0,1055.0,5.0,,,,,,,27,991
1,533,537,1,,1065.0,1060.0,5.0,,,,,,,27,991
2,746,749,1,,1065.0,1045.0,20.0,,,,,,,27,991
3,959,958,1,,1025.0,1050.0,25.0,,,,,,,27,991
4,1164,1168,1,,2065.0,2045.0,20.0,,,,,,,27,991
0,123,126,1,,1050.0,1055.0,5.0,,,,,,,27,992
1,333,337,1,,1065.0,1060.0,5.0,,,,,,,27,992
2,546,549,1,,1065.0,1045.0,20.0,,,,,,,27,992
3,759,758,1,,1025.0,1055.0,30.0,,,,,,,27,992
4,964,969,1,,2065.0,2040.0,25.0,,,,,,,27,992
0,133,136,1,,1065.0,1065.0,0.0,,,,,,,27,993
1,346,349,1,,1065.0,1060.0,5.0,,,,,,,27,993
2,559,561,1,,1025.0,1035.0,10.0,,,,,,,27,993
3,764,768,1,,2065.0,2045.0,20.0,,,,,,,27,993
4,1177,1177,1,,1070.0,1080.0,10.0,,,,,,,27,993
0,146,149,1,,1065.0,1060.0,5.0,,,,,,,27,994
1,359,361,1,,1025.0,1035.0,10.0,,,,,,,27,994
2,564,568,1,,2065.0,2045.0,20.0,,,,,,,27,994
3,977,977,1,,1070.0,1080.0,10.0,,,,,,,27,994
4,1191,1193,1,,1085.0,1065.0,20.0,,,,,,,27,994
0,159,161,1,,1025.0,1035.0,10.0,,,,,,,27,995
1,364,368,1,,2065.0,2045.0,20.0,,,,,,,27,995
2,777,777,1,,1070.0,1080.0,10.0,,,,,,,27,995
3,991,993,1,,1085.0,1065.0,20.0,,,,,,,27,995
4,1208,1206,1,,1060.0,1075.0,15.0,,,,,,,27,995
0,164,169,1,,2065.0,2060.0,5.0,,,,,,,27,996
1,577,581,1,,1070.0,1060.0,10.0,,,,,,,27,996
2,791,793,1,,1085.0,1080.0,5.0,,,,,,,27,996
3,1008,1009,1,,1060.0,1080.0,20.0,,,,,,,27,996
0,377,381,1,,1070.0,1075.0,5.0,,,,,,,27,997
1,591,596,1,,1085.0,1065.0,20.0,,,,,,,27,997
2,808,809,1,,1060.0,1080.0,20.0,,,,,,,27,997
3,1020,1025,1,,2045.0,2040.0,5.0,,,,,,,27,997
0,177,181,1,,1070.0,1075.0,5.0,,,,,,,27,998
1,391,396,1,,1085.0,1065.0,20.0,,,,,,,27,998
2,608,609,1,,1060.0,1080.0,20.0,,,,,,,27,998
3,820,825,1,,2045.0,2040.0,5.0,,,,,,,27,998
4,1229,1233,1,,1060.0,1060.0,0.0,,,,,,,27,998
0,191,196,1,,1085.0,1065.0,20.0,,,,,,,27,999
1,408,409,1,,1060.0,1080.0,20.0,,,,,,,27,999
2,620,625,1,,2045.0,2040.0,5.0,,,,,,,27,999
3,1029,1033,1,,1060.0,1060.0,0.0,,,,,,,27,999
4,1241,1245,1,,1070.0,1060.0,10.0,,,,,,,27,999
0,208,206,1,,1060.0,1075.0,15.0,,,,,,,27,1000
1,420,421,1,,1010.0,1025.0,15.0,,,,,,,27,1000
2,622,626,1,,1035.0,1030.0,5.0,,,,,,,27,1000
3,829,832,1,,1060.0,1045.0,15.0,,,,,,,27,1000
4,1041,1041,1,,1070.0,1080.0,10.0,,,,,,,27,1000
5,1255,1257,1,,1025.0,1020.0,5.0,,,,,,,27,1000
0,257,261,1,,2045.0,2060.0,15.0,,,,,,,27,1001
1,666,673,1,,1085.0,1080.0,5.0,,,,,,,27,1001
2,883,889,1,,1055.0,1060.0,5.0,,,,,,,27,1001
0,466,473,1,,1085.0,1080.0,5.0,,,,,,,27,1002
1,683,689,1,,1055.0,1060.0,5.0,,,,,,,27,1002
2,894,901,1,,1020.0,1055.0,35.0,,,,,,,27,1002
3,1098,1112,1,,2055.0,2015.0,40.0,,,,,,,27,1002
0,266,269,1,,1085.0,1100.0,15.0,,,,,,,27,1003
1,483,489,1,,1055.0,1040.0,15.0,,,,,,,27,1003
2,694,697,1,,3075.0,3080.0,5.0,,,,,,,27,1003
3,1309,1313,1,,1050.0,1060.0,10.0,,,,,,,27,1003
0,66,69,1,,1085.0,1100.0,15.0,,,,,,,27,1004
1,283,289,1,,1055.0,1040.0,15.0,,,,,,,27,1004
2,494,497,1,,3075.0,3080.0,5.0,,,,,,,27,1004
3,1109,1113,1,,1050.0,1060.0,10.0,,,,,,,27,1004
0,83,89,1,,1055.0,1040.0,15.0,,,,,,,27,1005
1,294,297,1,,3075.0,3085.0,10.0,,,,,,,27,1005
2,909,914,1,,1050.0,1055.0,5.0,,,,,,,27,1005
3,1119,1125,1,,2045.0,2045.0,0.0,,,,,,,27,1005
0,94,97,1,,1020.0,1070.0,50.0,,,,,,,27,1006
1,298,311,1,,2055.0,2010.0,45.0,,,,,,,27,1006
2,709,713,1,,1050.0,1045.0,5.0,,,,,,,27,1006
3,919,922,1,,2045.0,2055.0,10.0,,,,,,,27,1006
4,1328,1333,1,,975.0,975.0,0.0,,,,,,,27,1006
0,98,97,1,,2055.0,2080.0,25.0,,,,,,,27,1007
1,509,513,1,,1050.0,1040.0,10.0,,,,,,,27,1007
2,719,721,1,,1040.0,1040.0,0.0,,,,,,,27,1007
3,927,929,1,,1005.0,1020.0,15.0,,,,,,,27,1007
4,1128,1133,1,,975.0,960.0,15.0,,,,,,,27,1007
5,1323,1325,1,,980.0,985.0,5.0,,,,,,,27,1007
0,309,313,1,,1050.0,1040.0,10.0,,,,,,,27,1008
1,519,521,1,,2045.0,2060.0,15.0,,,,,,,27,1008
2,928,933,1,,975.0,975.0,0.0,,,,,,,27,1008
3,1123,1128,1,,980.0,985.0,5.0,,,,,,,27,1008
4,1319,1325,1,,990.0,980.0,10.0,,,,,,,27,1008
0,109,113,1,,1050.0,1040.0,10.0,,,,,,,27,1009
1,319,321,1,,1040.0,1040.0,0.0,,,,,,,27,1009
2,527,529,1,,1005.0,1020.0,15.0,,,,,,,27,1009
3,728,733,1,,975.0,965.0,10.0,,,,,,,27,1009
4,923,926,1,,980.0,980.0,0.0,,,,,,,27,1009
5,1119,1122,1,,990.0,995.0,5.0,,,,,,,27,1009
6,1317,1321,1,,1000.0,1000.0,0.0,,,,,,,27,1009
0,119,121,1,,1040.0,1040.0,0.0,,,,,,,27,1010
1,327,329,1,,1005.0,1020.0,15.0,,,,,,,27,1010
2,528,533,1,,975.0,960.0,15.0,,,,,,,27,1010
3,723,725,1,,980.0,980.0,0.0,,,,,,,27,1010
4,919,921,1,,990.0,1000.0,10.0,,,,,,,27,1010
5,1117,1121,1,,1000.0,1000.0,0.0,,,,,,,27,1010
6,1317,1321,1,,995.0,980.0,15.0,,,,,,,27,1010
0,328,329,1,,975.0,975.0,0.0,,,,,,,27,1011
1,523,524,1,,980.0,985.0,5.0,,,,,,,27,1011
2,719,721,1,,990.0,980.0,10.0,,,,,,,27,1011
3,917,917,1,,1000.0,1000.0,0.0,,,,,,,27,1011
4,1117,1117,1,,995.0,1000.0,5.0,,,,,,,27,1011
5,1316,1317,1,,970.0,980.0,10.0,,,,,,,27,1011
0,128,129,1,,975.0,975.0,0.0,,,,,,,27,1012
1,323,324,1,,980.0,985.0,5.0,,,,,,,27,1012
2,519,521,1,,990.0,980.0,10.0,,,,,,,27,1012
3,717,717,1,,1000.0,1000.0,0.0,,,,,,,27,1012
4,917,917,1,,995.0,1000.0,5.0,,,,,,,27,1012
5,1116,1117,1,,970.0,980.0,10.0,,,,,,,27,1012
6,1310,1313,1,,960.0,960.0,0.0,,,,,,,27,1012
0,123,125,1,,980.0,980.0,0.0,,,,,,,27,1013
1,319,321,1,,990.0,1000.0,10.0,,,,,,,27,1013
2,517,521,1,,1000.0,1000.0,0.0,,,,,,,27,1013
3,717,721,1,,995.0,980.0,15.0,,,,,,,27,1013
4,916,917,1,,970.0,980.0,10.0,,,,,,,27,1013
5,1110,1113,1,,960.0,960.0,0.0,,,,,,,27,1013
6,1302,1305,1,,995.0,1000.0,5.0,,,,,,,27,1013
0,119,121,1,,990.0,1000.0,10.0,,,,,,,27,1014
1,317,321,1,,1000.0,1000.0,0.0,,,,,,,27,1014
2,517,521,1,,995.0,980.0,15.0,,,,,,,27,1014
3,716,717,1,,970.0,985.0,15.0,,,,,,,27,1014
4,910,914,1,,960.0,955.0,5.0,,,,,,,27,1014
5,1102,1105,1,,995.0,995.0,0.0,,,,,,,27,1014
6,1301,1304,1,,1020.0,1025.0,5.0,,,,,,,27,1014
0,117,121,1,,1000.0,1000.0,0.0,,,,,,,27,1015
1,317,321,1,,995.0,980.0,15.0,,,,,,,27,1015
2,516,517,1,,970.0,980.0,10.0,,,,,,,27,1015
3,710,713,1,,960.0,960.0,0.0,,,,,,,27,1015
4,902,905,1,,995.0,995.0,0.0,,,,,,,27,1015
5,1101,1104,1,,1020.0,1025.0,5.0,,,,,,,27,1015
6,1305,1309,1,,1035.0,1020.0,15.0,,,,,,,27,1015
0,117,121,1,,995.0,980.0,15.0,,,,,,,27,1016
1,316,317,1,,970.0,980.0,10.0,,,,,,,27,1016
2,510,513,1,,960.0,960.0,0.0,,,,,,,27,1016
3,702,705,1,,995.0,995.0,0.0,,,,,,,27,1016
4,901,904,1,,1020.0,1025.0,5.0,,,,,,,27,1016
5,1105,1109,1,,1035.0,1020.0,15.0,,,,,,,27,1016
6,1312,1313,1,,1000.0,1005.0,5.0,,,,,,,27,1016
0,116,117,1,,970.0,975.0,5.0,,,,,,,27,1017
1,310,312,1,,960.0,965.0,5.0,,,,,,,27,1017
2,502,505,1,,995.0,985.0,10.0,,,,,,,27,1017
3,701,702,1,,1020.0,1015.0,5.0,,,,,,,27,1017
4,905,905,1,,1035.0,1040.0,5.0,,,,,,,27,1017
5,1112,1113,1,,1000.0,1000.0,0.0,,,,,,,27,1017
6,1312,1313,1,,975.0,960.0,15.0,,,,,,,27,1017
0,110,113,1,,960.0,960.0,0.0,,,,,,,27,1018
1,302,305,1,,995.0,990.0,5.0,,,,,,,27,1018
2,501,503,1,,1020.0,1030.0,10.0,,,,,,,27,1018
3,705,709,1,,1035.0,1020.0,15.0,,,,,,,27,1018
4,912,913,1,,1000.0,1005.0,5.0,,,,,,,27,1018
5,1112,1114,1,,1945.0,1955.0,10.0,,,,,,,27,1018
0,102,105,1,,995.0,990.0,5.0,,,,,,,27,1019
1,301,303,1,,1020.0,1030.0,10.0,,,,,,,27,1019
2,505,509,1,,1035.0,1020.0,15.0,,,,,,,27,1019
3,712,713,1,,1000.0,1005.0,5.0,,,,,,,27,1019
4,912,914,1,,1945.0,1955.0,10.0,,,,,,,27,1019
5,1301,1305,1,,1000.0,980.0,20.0,,,,,,,27,1019
0,101,104,1,,1020.0,1025.0,5.0,,,,,,,27,1020
1,305,309,1,,1035.0,1025.0,10.0,,,,,,,27,1020
2,512,514,1,,1000.0,1000.0,0.0,,,,,,,27,1020
3,712,714,1,,1945.0,1955.0,10.0,,,,,,,27,1020
4,1101,1105,1,,1000.0,980.0,20.0,,,,,,,27,1020
5,1301,1301,1,,1030.0,1040.0,10.0,,,,,,,27,1020
0,105,105,1,,1035.0,1040.0,5.0,,,,,,,27,1021
1,312,313,1,,1000.0,1000.0,0.0,,,,,,,27,1021
2,512,513,1,,975.0,960.0,15.0,,,,,,,27,1021
3,707,705,1,,970.0,980.0,10.0,,,,,,,27,1021
4,901,901,1,,1000.0,1000.0,0.0,,,,,,,27,1021
5,1101,1101,1,,1030.0,1040.0,10.0,,,,,,,27,1021
6,1307,1309,1,,1035.0,1020.0,15.0,,,,,,,27,1021
0,112,113,1,,1000.0,1000.0,0.0,,,,,,,27,1022
1,312,313,1,,975.0,960.0,15.0,,,,,,,27,1022
2,507,505,1,,970.0,980.0,10.0,,,,,,,27,1022
3,701,701,1,,1000.0,1000.0,0.0,,,,,,,27,1022
4,901,901,1,,1030.0,1040.0,10.0,,,,,,,27,1022
5,1107,1109,1,,1035.0,1020.0,15.0,,,,,,,27,1022
6,1314,1313,1,,1015.0,1020.0,5.0,,,,,,,27,1022
0,112,113,1,,975.0,960.0,15.0,,,,,,,27,1023
1,307,305,1,,970.0,980.0,10.0,,,,,,,27,1023
2,501,501,1,,1000.0,1000.0,0.0,,,,,,,27,1023
3,701,701,1,,1030.0,1040.0,10.0,,,,,,,27,1023
4,907,909,1,,1035.0,1020.0,15.0,,,,,,,27,1023
5,1114,1113,1,,1015.0,1020.0,5.0,,,,,,,27,1023
6,1317,1317,1,,980.0,965.0,15.0,,,,,,,27,1023
0,107,108,1,,970.0,985.0,15.0,,,,,,,27,1024
1,301,305,1,,1000.0,1000.0,0.0,,,,,,,27,1024
2,501,505,1,,1030.0,1040.0,10.0,,,,,,,27,1024
3,707,713,1,,1035.0,1020.0,15.0,,,,,,,27,1024
4,914,917,1,,1015.0,1020.0,5.0,,,,,,,27,1024
5,1117,1121,1,,980.0,980.0,0.0,,,,,,,27,1024
0,101,105,1,,1000.0,1000.0,0.0,,,,,,,27,1025
1,301,305,1,,1030.0,1040.0,10.0,,,,,,,27,1025
2,507,513,1,,1035.0,1020.0,15.0,,,,,,,27,1025
3,714,717,1,,1015.0,1020.0,5.0,,,,,,,27,1025
4,917,921,1,,980.0,980.0,0.0,,,,,,,27,1025
5,1113,1117,1,,1990.0,1965.0,25.0,,,,,,,27,1025
0,101,105,1,,1030.0,1040.0,10.0,,,,,,,27,1026
1,307,313,1,,1035.0,1020.0,15.0,,,,,,,27,1026
2,514,517,1,,1015.0,1020.0,5.0,,,,,,,27,1026
3,717,721,1,,980.0,980.0,0.0,,,,,,,27,1026
4,913,917,1,,1990.0,1965.0,25.0,,,,,,,27,1026
0,107,109,1,,1035.0,1040.0,5.0,,,,,,,27,1027
1,314,317,1,,1015.0,1020.0,5.0,,,,,,,27,1027
2,517,521,1,,980.0,980.0,0.0,,,,,,,27,1027
3,713,717,1,,980.0,980.0,0.0,,,,,,,27,1027
4,909,913,1,,1010.0,975.0,35.0,,,,,,,27,1027
0,114,117,1,,1015.0,1020.0,5.0,,,,,,,27,1028
1,317,321,1,,980.0,980.0,0.0,,,,,,,27,1028
2,513,517,1,,980.0,980.0,0.0,,,,,,,27,1028
3,709,713,1,,1010.0,975.0,35.0,,,,,,,27,1028
4,911,908,1,,2750.0,2785.0,35.0,,,,,,,27,1028
0,117,121,1,,980.0,980.0,0.0,,,,,,,27,1029
1,313,317,1,,980.0,980.0,0.0,,,,,,,27,1029
2,509,513,1,,1010.0,980.0,30.0,,,,,,,27,1029
3,711,709,1,,2750.0,2780.0,30.0,,,,,,,27,1029
4,1261,1265,1,,960.0,960.0,0.0,,,,,,,27,1029
0,113,117,1,,980.0,980.0,0.0,,,,,,,27,1030
1,309,313,1,,1010.0,985.0,25.0,,,,,,,27,1030
2,511,510,1,,2750.0,2780.0,30.0,,,,,,,27,1030
3,1061,1066,1,,960.0,955.0,5.0,,,,,,,27,1030
0,109,113,1,,1010.0,985.0,25.0,,,,,,,27,1031
1,311,310,1,,2750.0,2780.0,30.0,,,,,,,27,1031
2,861,866,1,,960.0,955.0,5.0,,,,,,,27,1031
3,1053,1057,1,,2065.0,2060.0,5.0,,,,,,,27,1031
0,111,110,1,,2750.0,2780.0,30.0,,,,,,,27,1032
1,661,666,1,,960.0,955.0,5.0,,,,,,,27,1032
2,853,857,1,,2065.0,2060.0,5.0,,,,,,,27,1032
3,1266,1269,1,,1060.0,1040.0,20.0,,,,,,,27,1032
0,461,466,1,,960.0,955.0,5.0,,,,,,,27,1033
1,653,657,1,,2065.0,2060.0,5.0,,,,,,,27,1033
2,1066,1069,1,,1060.0,1035.0,25.0,,,,,,,27,1033
3,1278,1276,1,,1010.0,1045.0,35.0,,,,,,,27,1033
0,261,265,1,,960.0,960.0,0.0,,,,,,,27,1034
1,453,457,1,,2065.0,2060.0,5.0,,,,,,,27,1034
2,866,869,1,,1060.0,1040.0,20.0,,,,,,,27,1034
3,1078,1077,1,,1010.0,1035.0,25.0,,,,,,,27,1034
0,61,65,1,,960.0,960.0,0.0,,,,,,,27,1035
1,253,257,1,,1020.0,1020.0,0.0,,,,,,,27,1035
2,457,461,1,,1045.0,1040.0,5.0,,,,,,,27,1035
3,666,669,1,,1060.0,1040.0,20.0,,,,,,,27,1035
4,878,877,1,,1010.0,1035.0,25.0,,,,,,,27,1035
0,466,469,1,,1060.0,1040.0,20.0,,,,,,,27,1036
1,678,677,1,,1010.0,1035.0,25.0,,,,,,,27,1036
2,880,884,1,,2890.0,2885.0,5.0,,,,,,,27,1036
0,266,269,1,,1060.0,1040.0,20.0,,,,,,,27,1037
1,478,477,1,,1010.0,1035.0,25.0,,,,,,,27,1037
2,680,684,1,,2890.0,2885.0,5.0,,,,,,,27,1037
3,1258,1261,1,,1040.0,1040.0,0.0,,,,,,,27,1037
0,66,69,1,,1060.0,1040.0,20.0,,,,,,,27,1038
1,278,277,1,,1010.0,1035.0,25.0,,,,,,,27,1038
2,480,484,1,,2890.0,2885.0,5.0,,,,,,,27,1038
3,1058,1061,1,,1040.0,1040.0,0.0,,,,,,,27,1038
4,1266,1269,1,,1095.0,1080.0,15.0,,,,,,,27,1038
0,78,77,1,,1010.0,1025.0,15.0,,,,,,,27,1039
1,280,282,1,,2890.0,2895.0,5.0,,,,,,,27,1039
2,858,861,1,,1040.0,1035.0,5.0,,,,,,,27,1039
3,1066,1068,1,,1095.0,1085.0,10.0,,,,,,,27,1039
4,1285,1285,1,,1080.0,1080.0,0.0,,,,,,,27,1039
0,80,82,1,,2890.0,2895.0,5.0,,,,,,,27,1040
1,658,661,1,,1040.0,1035.0,5.0,,,,,,,27,1040
2,866,868,1,,1095.0,1085.0,10.0,,,,,,,27,1040
3,1085,1085,1,,1080.0,1080.0,0.0,,,,,,,27,1040
4,1301,1301,1,,1055.0,1060.0,5.0,,,,,,,27,1040
0,458,461,1,,1040.0,1035.0,5.0,,,,,,,27,1041
1,666,668,1,,1095.0,1085.0,10.0,,,,,,,27,1041
2,885,885,1,,1080.0,1080.0,0.0,,,,,,,27,1041
3,1101,1101,1,,1055.0,1060.0,5.0,,,,,,,27,1041
4,1312,1313,1,,1010.0,1020.0,10.0,,,,,,,27,1041
0,258,261,1,,1040.0,1040.0,0.0,,,,,,,27,1042
1,466,469,1,,1095.0,1080.0,15.0,,,,,,,27,1042
2,685,685,1,,1080.0,1100.0,20.0,,,,,,,27,1042
3,901,905,1,,1055.0,1055.0,0.0,,,,,,,27,1042
4,1112,1116,1,,1010.0,1005.0,5.0,,,,,,,27,1042
5,1314,1317,1,,980.0,980.0,0.0,,,,,,,27,1042
0,266,269,1,,1095.0,1100.0,5.0,,,,,,,27,1043
1,485,489,1,,1080.0,1080.0,0.0,,,,,,,27,1043
2,701,705,1,,1055.0,1060.0,5.0,,,,,,,27,1043
3,912,917,1,,1010.0,985.0,25.0,,,,,,,27,1043
4,1114,1114,1,,980.0,975.0,5.0,,,,,,,27,1043
5,1310,1309,1,,1030.0,1045.0,15.0,,,,,,,27,1043
0,66,70,1,,1095.0,1095.0,0.0,,,,,,,27,1044
1,285,289,1,,1080.0,1080.0,0.0,,,,,,,27,1044
2,501,505,1,,1055.0,1060.0,5.0,,,,,,,27,1044
3,712,717,1,,1990.0,1960.0,30.0,,,,,,,27,1044
4,1110,1109,1,,1030.0,1060.0,30.0,,,,,,,27,1044
5,1316,1321,1,,1080.0,1080.0,0.0,,,,,,,27,1044
0,85,85,1,,1080.0,1100.0,20.0,,,,,,,27,1045
1,301,305,1,,1055.0,1055.0,0.0,,,,,,,27,1045
2,512,516,1,,1010.0,1005.0,5.0,,,,,,,27,1045
3,714,717,1,,980.0,980.0,0.0,,,,,,,27,1045
4,910,913,1,,1030.0,1020.0,10.0,,,,,,,27,1045
5,1116,1117,1,,1080.0,1080.0,0.0,,,,,,,27,1045
6,1332,1333,1,,1095.0,1165.0,70.0,,,,,,,27,1045
0,101,105,1,,1055.0,1060.0,5.0,,,,,,,27,1046
1,312,317,1,,1010.0,1000.0,10.0,,,,,,,27,1046
2,514,517,1,,980.0,980.0,0.0,,,,,,,27,1046
3,710,713,1,,1030.0,1025.0,5.0,,,,,,,27,1046
4,916,918,1,,1080.0,1075.0,5.0,,,,,,,27,1046
5,1132,1133,1,,1095.0,1100.0,5.0,,,,,,,27,1046
0,112,117,1,,1010.0,1000.0,10.0,,,,,,,27,1047
1,314,317,1,,980.0,980.0,0.0,,,,,,,27,1047
2,510,513,1,,1030.0,1025.0,5.0,,,,,,,27,1047
3,716,718,1,,1080.0,1075.0,5.0,,,,,,,27,1047
4,932,933,1,,1095.0,1100.0,5.0,,,,,,,27,1047
5,1151,1153,1,,1105.0,1120.0,15.0,,,,,,,27,1047
0,114,114,1,,980.0,995.0,15.0,,,,,,,27,1048
1,310,313,1,,1030.0,1025.0,5.0,,,,,,,27,1048
2,516,518,1,,1080.0,1075.0,5.0,,,,,,,27,1048
3,732,733,1,,1095.0,1100.0,5.0,,,,,,,27,1048
4,951,953,1,,1105.0,1120.0,15.0,,,,,,,27,1048
5,1172,1177,1,,1080.0,1045.0,35.0,,,,,,,27,1048
0,110,109,1,,1030.0,1045.0,15.0,,,,,,,27,1049
1,316,318,1,,1080.0,1095.0,15.0,,,,,,,27,1049
2,532,537,1,,1095.0,1100.0,5.0,,,,,,,27,1049
3,751,757,1,,1105.0,1100.0,5.0,,,,,,,27,1049
4,972,977,1,,1080.0,1060.0,20.0,,,,,,,27,1049
0,116,117,1,,1080.0,1080.0,0.0,,,,,,,27,1050
1,332,333,1,,1095.0,1100.0,5.0,,,,,,,27,1050
2,551,553,1,,1105.0,1120.0,15.0,,,,,,,27,1050
3,772,777,1,,1080.0,1045.0,35.0,,,,,,,27,1050
4,988,986,1,,2100.0,2130.0,30.0,,,,,,,27,1050
0,132,133,1,,1095.0,1100.0,5.0,,,,,,,27,1051
1,351,353,1,,1105.0,1100.0,5.0,,,,,,,27,1051
2,572,573,1,,1080.0,1060.0,20.0,,,,,,,27,1051
3,788,785,1,,1035.0,1065.0,30.0,,,,,,,27,1051
4,995,998,1,,1065.0,1060.0,5.0,,,,,,,27,1051
5,1208,1210,1,,1075.0,1075.0,0.0,,,,,,,27,1051
0,151,153,1,,1105.0,1115.0,10.0,,,,,,,27,1052
1,372,376,1,,1080.0,1045.0,35.0,,,,,,,27,1052
2,588,585,1,,1035.0,1065.0,30.0,,,,,,,27,1052
3,795,798,1,,1065.0,1070.0,5.0,,,,,,,27,1052
4,1008,1012,1,,1075.0,1065.0,10.0,,,,,,,27,1052
5,1223,1225,1,,1085.0,1065.0,20.0,,,,,,,27,1052
0,257,261,1,,1085.0,1080.0,5.0,,,,,,,27,1053
1,474,477,1,,1105.0,1105.0,0.0,,,,,,,27,1053
2,695,698,1,,1070.0,1085.0,15.0,,,,,,,27,1053
3,909,915,1,,1040.0,1030.0,10.0,,,,,,,27,1053
4,1117,1121,1,,2100.0,2100.0,0.0,,,,,,,27,1053
0,274,277,1,,1105.0,1085.0,20.0,,,,,,,27,1054
1,495,494,1,,1070.0,1105.0,35.0,,,,,,,27,1054
2,709,715,1,,1040.0,1030.0,10.0,,,,,,,27,1054
3,917,921,1,,2100.0,2100.0,0.0,,,,,,,27,1054
4,1337,1341,1,,1110.0,1195.0,85.0,,,,,,,27,1054
0,74,77,1,,1105.0,1100.0,5.0,,,,,,,27,1055
1,295,297,1,,1070.0,1085.0,15.0,,,,,,,27,1055
2,509,514,1,,1040.0,1035.0,5.0,,,,,,,27,1055
3,717,721,1,,2100.0,2100.0,0.0,,,,,,,27,1055
4,1137,1141,1,,1110.0,1100.0,10.0,,,,,,,27,1055
5,1359,1361,1,,1080.0,1080.0,0.0,,,,,,,27,1055
0,95,101,1,,1070.0,1075.0,5.0,,,,,,,27,1056
1,309,316,1,,3140.0,3125.0,15.0,,,,,,,27,1056
2,937,941,1,,1110.0,1120.0,10.0,,,,,,,27,1056
3,1159,1165,1,,1080.0,1060.0,20.0,,,,,,,27,1056
0,109,115,1,,1040.0,1030.0,10.0,,,,,,,27,1057
1,317,321,1,,2100.0,2100.0,0.0,,,,,,,27,1057
2,737,741,1,,1110.0,1100.0,10.0,,,,,,,27,1057
3,959,961,1,,1080.0,1080.0,0.0,,,,,,,27,1057
4,1175,1177,1,,1065.0,1060.0,5.0,,,,,,,27,1057
0,117,121,1,,2100.0,2100.0,0.0,,,,,,,27,1058
1,537,541,1,,1110.0,1100.0,10.0,,,,,,,27,1058
2,759,761,1,,1080.0,1080.0,0.0,,,,,,,27,1058
3,975,977,1,,1065.0,1060.0,5.0,,,,,,,27,1058
4,1188,1189,1,,1020.0,1040.0,20.0,,,,,,,27,1058
0,204,209,1,,1040.0,1020.0,20.0,,,,,,,27,1059
1,412,413,1,,1065.0,1100.0,35.0,,,,,,,27,1059
2,625,633,1,,1045.0,1040.0,5.0,,,,,,,27,1059
3,834,841,1,,1075.0,1045.0,30.0,,,,,,,27,1059
4,1049,1050,1,,1075.0,1095.0,20.0,,,,,,,27,1059
5,1264,1269,1,,1055.0,1060.0,5.0,,,,,,,27,1059
0,212,217,1,,1065.0,1080.0,15.0,,,,,,,27,1060
1,425,433,1,,1045.0,1040.0,5.0,,,,,,,27,1060
2,634,641,1,,1075.0,1080.0,5.0,,,,,,,27,1060
3,849,857,1,,1075.0,1060.0,15.0,,,,,,,27,1060
4,1064,1069,1,,1055.0,1060.0,5.0,,,,,,,27,1060
5,1275,1281,1,,1110.0,1115.0,5.0,,,,,,,27,1060
0,225,225,1,,1045.0,1060.0,15.0,,,,,,,27,1061
1,434,437,1,,1075.0,1060.0,15.0,,,,,,,27,1061
2,649,649,1,,1075.0,1095.0,20.0,,,,,,,27,1061
3,864,868,1,,1055.0,1060.0,5.0,,,,,,,27,1061
4,1075,1080,1,,1110.0,1105.0,5.0,,,,,,,27,1061
5,1297,1301,1,,1115.0,1100.0,15.0,,,,,,,27,1061
0,234,237,1,,1075.0,1060.0,15.0,,,,,,,27,1062
1,449,449,1,,1075.0,1095.0,20.0,,,,,,,27,1062
2,664,668,1,,1055.0,1060.0,5.0,,,,,,,27,1062
3,875,880,1,,1110.0,1105.0,5.0,,,,,,,27,1062
4,1097,1101,1,,1115.0,1100.0,15.0,,,,,,,27,1062
5,1320,1321,1,,1095.0,1100.0,5.0,,,,,,,27,1062
0,249,249,1,,1075.0,1080.0,5.0,,,,,,,27,1063
1,464,465,1,,1055.0,1065.0,10.0,,,,,,,27,1063
2,675,678,1,,1110.0,1115.0,5.0,,,,,,,27,1063
3,897,901,1,,1115.0,1100.0,15.0,,,,,,,27,1063
4,1120,1121,1,,1095.0,1100.0,5.0,,,,,,,27,1063
5,1339,1341,1,,1035.0,1040.0,5.0,,,,,,,27,1063
0,264,268,1,,1055.0,1060.0,5.0,,,,,,,27,1064
1,475,480,1,,1110.0,1105.0,5.0,,,,,,,27,1064
2,697,701,1,,1115.0,1120.0,5.0,,,,,,,27,1064
3,920,925,1,,1095.0,1100.0,5.0,,,,,,,27,1064
4,1139,1145,1,,1035.0,1020.0,15.0,,,,,,,27,1064
5,1346,1349,1,,1005.0,1015.0,10.0,,,,,,,27,1064
0,64,78,1,,1055.0,1010.0,45.0,,,,,,,27,1065
1,275,280,1,,1110.0,1105.0,5.0,,,,,,,27,1065
2,497,501,1,,1115.0,1100.0,15.0,,,,,,,27,1065
3,720,721,1,,1095.0,1120.0,25.0,,,,,,,27,1065
4,939,945,1,,1035.0,1020.0,15.0,,,,,,,27,1065
5,1146,1149,1,,1005.0,1020.0,15.0,,,,,,,27,1065
6,1347,1353,1,,1010.0,1090.0,80.0,,,,,,,27,1065
0,75,80,1,,1110.0,1105.0,5.0,,,,,,,27,1066
1,297,301,1,,1115.0,1100.0,15.0,,,,,,,27,1066
2,520,521,1,,1095.0,1120.0,25.0,,,,,,,27,1066
3,739,745,1,,1035.0,1020.0,15.0,,,,,,,27,1066
4,946,949,1,,1005.0,1020.0,15.0,,,,,,,27,1066
5,1147,1153,1,,1010.0,1000.0,10.0,,,,,,,27,1066
0,97,101,1,,1115.0,1115.0,0.0,,,,,,,27,1067
1,320,324,1,,1095.0,1085.0,10.0,,,,,,,27,1067
2,539,541,1,,1035.0,1040.0,5.0,,,,,,,27,1067
3,746,749,1,,1005.0,1000.0,5.0,,,,,,,27,1067
4,947,949,1,,1010.0,1020.0,10.0,,,,,,,27,1067
5,1149,1153,1,,1040.0,1035.0,5.0,,,,,,,27,1067
6,1357,1360,1,,1055.0,1140.0,85.0,,,,,,,27,1067
0,120,121,1,,1095.0,1100.0,5.0,,,,,,,27,1068
1,339,341,1,,1035.0,1040.0,5.0,,,,,,,27,1068
2,546,549,1,,1005.0,1020.0,15.0,,,,,,,27,1068
3,747,753,1,,1010.0,1000.0,10.0,,,,,,,27,1068
4,949,953,1,,1040.0,1040.0,0.0,,,,,,,27,1068
5,1157,1161,1,,1055.0,1040.0,15.0,,,,,,,27,1068
0,139,145,1,,1035.0,1020.0,15.0,,,,,,,27,1069
1,346,349,1,,1005.0,1020.0,15.0,,,,,,,27,1069
2,547,553,1,,1010.0,1000.0,10.0,,,,,,,27,1069
3,749,753,1,,1040.0,1040.0,0.0,,,,,,,27,1069
4,957,961,1,,1055.0,1040.0,15.0,,,,,,,27,1069
5,1168,1169,1,,1055.0,1080.0,25.0,,,,,,,27,1069
0,146,149,1,,1005.0,1020.0,15.0,,,,,,,27,1070
1,347,353,1,,1010.0,1000.0,10.0,,,,,,,27,1070
2,549,553,1,,1040.0,1040.0,0.0,,,,,,,27,1070
3,757,761,1,,1055.0,1040.0,15.0,,,,,,,27,1070
4,968,969,1,,1055.0,1080.0,25.0,,,,,,,27,1070
5,1179,1185,1,,1020.0,1020.0,0.0,,,,,,,27,1070
0,147,153,1,,1010.0,1000.0,10.0,,,,,,,27,1071
1,349,353,1,,1040.0,1040.0,0.0,,,,,,,27,1071
2,557,561,1,,1055.0,1040.0,15.0,,,,,,,27,1071
3,768,769,1,,1055.0,1060.0,5.0,,,,,,,27,1071
4,979,981,1,,1020.0,1020.0,0.0,,,,,,,27,1071
0,149,153,1,,1040.0,1040.0,0.0,,,,,,,27,1072
1,357,361,1,,1055.0,1040.0,15.0,,,,,,,27,1072
2,568,569,1,,1055.0,1060.0,5.0,,,,,,,27,1072
3,779,781,1,,1020.0,1020.0,0.0,,,,,,,27,1072
4,983,985,1,,2015.0,2020.0,5.0,,,,,,,27,1072
0,157,160,1,,1055.0,1140.0,85.0,,,,,,,27,1073
1,368,388,1,,1055.0,965.0,90.0,,,,,,,27,1073
2,579,581,1,,1020.0,1030.0,10.0,,,,,,,27,1073
3,783,787,1,,2015.0,2010.0,5.0,,,,,,,27,1073
4,1186,1189,1,,1030.0,1035.0,5.0,,,,,,,27,1073
0,168,169,1,,1055.0,1060.0,5.0,,,,,,,27,1074
1,379,381,1,,1020.0,1020.0,0.0,,,,,,,27,1074
2,583,585,1,,1000.0,980.0,20.0,,,,,,,27,1074
3,783,781,1,,1015.0,1045.0,30.0,,,,,,,27,1074
4,986,990,1,,1030.0,1035.0,5.0,,,,,,,27,1074
5,1192,1197,1,,1035.0,1040.0,5.0,,,,,,,27,1074
0,179,181,1,,1020.0,1000.0,20.0,,,,,,,27,1075
1,383,381,1,,1000.0,1000.0,0.0,,,,,,,27,1075
2,583,581,1,,1015.0,1045.0,30.0,,,,,,,27,1075
3,786,790,1,,1030.0,1035.0,5.0,,,,,,,27,1075
4,992,997,1,,1035.0,1040.0,5.0,,,,,,,27,1075
5,1199,1205,1,,1010.0,1000.0,10.0,,,,,,,27,1075
0,183,189,1,,2015.0,2020.0,5.0,,,,,,,27,1076
1,586,593,1,,1030.0,1020.0,10.0,,,,,,,27,1076
2,792,797,1,,1035.0,1040.0,5.0,,,,,,,27,1076
3,999,1005,1,,1010.0,1015.0,5.0,,,,,,,27,1076
4,1201,1208,1,,1000.0,970.0,30.0,,,,,,,27,1076
0,183,182,1,,1015.0,1050.0,35.0,,,,,,,27,1077
1,386,392,1,,1030.0,1025.0,5.0,,,,,,,27,1077
2,592,597,1,,1035.0,1040.0,5.0,,,,,,,27,1077
3,799,805,1,,1010.0,1015.0,5.0,,,,,,,27,1077
4,1001,1008,1,,2010.0,2005.0,5.0,,,,,,,27,1077
0,186,190,1,,1030.0,1035.0,5.0,,,,,,,27,1078
1,392,397,1,,1035.0,1040.0,5.0,,,,,,,27,1078
2,599,605,1,,1010.0,1000.0,10.0,,,,,,,27,1078
3,801,805,1,,2010.0,2000.0,10.0,,,,,,,27,1078
4,1203,1205,1,,1025.0,1040.0,15.0,,,,,,,27,1078
0,192,196,1,,1035.0,1040.0,5.0,,,,,,,27,1079
1,399,404,1,,1010.0,1005.0,5.0,,,,,,,27,1079
2,601,605,1,,1000.0,965.0,35.0,,,,,,,27,1079
3,801,798,1,,1010.0,1035.0,25.0,,,,,,,27,1079
4,1003,1005,1,,1025.0,1035.0,10.0,,,,,,,27,1079
5,1208,1212,1,,1045.0,1045.0,0.0,,,,,,,27,1079
0,199,201,1,,1010.0,1015.0,5.0,,,,,,,27,1080
1,401,404,1,,1000.0,970.0,30.0,,,,,,,27,1080
2,601,598,1,,1010.0,1035.0,25.0,,,,,,,27,1080
3,803,805,1,,1025.0,1020.0,5.0,,,,,,,27,1080
4,1008,1009,1,,1045.0,1040.0,5.0,,,,,,,27,1080
5,1217,1217,1,,1040.0,1040.0,0.0,,,,,,,27,1080
0,201,208,1,,2010.0,2005.0,5.0,,,,,,,27,1081
1,603,609,1,,1025.0,1020.0,5.0,,,,,,,27,1081
2,808,813,1,,1045.0,1040.0,5.0,,,,,,,27,1081
3,1017,1021,1,,2045.0,2055.0,10.0,,,,,,,27,1081
0,201,202,1,,1010.0,1035.0,25.0,,,,,,,27,1082
1,403,409,1,,1025.0,1020.0,5.0,,,,,,,27,1082
2,608,613,1,,1045.0,1040.0,5.0,,,,,,,27,1082
3,817,821,1,,1040.0,1040.0,0.0,,,,,,,27,1082
4,1025,1029,1,,1005.0,1020.0,15.0,,,,,,,27,1082
5,1226,1233,1,,980.0,980.0,0.0,,,,,,,27,1082
0,203,209,1,,1025.0,1020.0,5.0,,,,,,,27,1083
1,408,413,1,,1045.0,1040.0,5.0,,,,,,,27,1083
2,617,621,1,,1040.0,1040.0,0.0,,,,,,,27,1083
3,825,829,1,,1005.0,1020.0,15.0,,,,,,,27,1083
4,1026,1033,1,,980.0,980.0,0.0,,,,,,,27,1083
5,1222,1229,1,,1005.0,1000.0,5.0,,,,,,,27,1083
0,208,213,1,,1045.0,1040.0,5.0,,,,,,,27,1084
1,417,421,1,,1040.0,1040.0,0.0,,,,,,,27,1084
2,625,629,1,,1005.0,1020.0,15.0,,,,,,,27,1084
3,826,833,1,,980.0,980.0,0.0,,,,,,,27,1084
4,1022,1029,1,,1005.0,1000.0,5.0,,,,,,,27,1084
5,1223,1229,1,,1045.0,1040.0,5.0,,,,,,,27,1084
0,217,221,1,,2045.0,2055.0,10.0,,,,,,,27,1085
1,626,632,1,,980.0,985.0,5.0,,,,,,,27,1085
2,822,829,1,,1005.0,995.0,10.0,,,,,,,27,1085
3,1023,1028,1,,1045.0,1045.0,0.0,,,,,,,27,1085
4,1232,1237,1,,1055.0,1060.0,5.0,,,,,,,27,1085
0,426,432,1,,980.0,985.0,5.0,,,,,,,27,1086
1,622,629,1,,1005.0,995.0,10.0,,,,,,,27,1086
2,823,828,1,,1045.0,1045.0,0.0,,,,,,,27,1086
3,1032,1037,1,,1055.0,1060.0,5.0,,,,,,,27,1086
4,1243,1249,1,,1020.0,1020.0,0.0,,,,,,,27,1086
0,226,232,1,,980.0,985.0,5.0,,,,,,,27,1087
1,422,429,1,,1005.0,995.0,10.0,,,,,,,27,1087
2,623,628,1,,1045.0,1130.0,85.0,,,,,,,27,1087
3,832,854,1,,1055.0,975.0,80.0,,,,,,,27,1087
4,1043,1049,1,,1020.0,1020.0,0.0,,,,,,,27,1087
5,1247,1253,1,,1000.0,1000.0,0.0,,,,,,,27,1087
0,222,229,1,,1005.0,980.0,25.0,,,,,,,27,1088
1,423,425,1,,1045.0,1145.0,100.0,,,,,,,27,1088
2,632,654,1,,1055.0,975.0,80.0,,,,,,,27,1088
3,843,849,1,,1020.0,1020.0,0.0,,,,,,,27,1088
4,1047,1053,1,,1000.0,1000.0,0.0,,,,,,,27,1088
5,1247,1253,1,,995.0,1000.0,5.0,,,,,,,27,1088
0,223,225,1,,1045.0,1145.0,100.0,,,,,,,27,1089
1,432,454,1,,1055.0,975.0,80.0,,,,,,,27,1089
2,643,649,1,,1020.0,1020.0,0.0,,,,,,,27,1089
3,847,853,1,,1000.0,1000.0,0.0,,,,,,,27,1089
4,1047,1053,1,,995.0,1000.0,5.0,,,,,,,27,1089
5,1246,1253,1,,1030.0,1020.0,10.0,,,,,,,27,1089
0,232,237,1,,1055.0,1060.0,5.0,,,,,,,27,1090
1,443,449,1,,1020.0,1015.0,5.0,,,,,,,27,1090
2,647,652,1,,1000.0,985.0,15.0,,,,,,,27,1090
3,847,849,1,,2025.0,2040.0,15.0,,,,,,,27,1090
4,1252,1257,1,,1045.0,1020.0,25.0,,,,,,,27,1090
0,243,249,1,,1020.0,1015.0,5.0,,,,,,,27,1091
1,447,452,1,,1000.0,985.0,15.0,,,,,,,27,1091
2,647,649,1,,2025.0,2040.0,15.0,,,,,,,27,1091
3,1052,1057,1,,1045.0,1020.0,25.0,,,,,,,27,1091
4,1261,1261,1,,1045.0,1060.0,15.0,,,,,,,27,1091
0,247,249,1,,1000.0,1000.0,0.0,,,,,,,27,1092
1,447,449,1,,2025.0,2020.0,5.0,,,,,,,27,1092
2,852,853,1,,1045.0,1040.0,5.0,,,,,,,27,1092
3,1061,1061,1,,1045.0,1060.0,15.0,,,,,,,27,1092
4,1270,1273,1,,1045.0,1045.0,0.0,,,,,,,27,1092
0,246,249,1,,1030.0,1020.0,10.0,,,,,,,27,1093
1,452,453,1,,1045.0,1040.0,5.0,,,,,,,27,1093
2,661,661,1,,1045.0,1060.0,15.0,,,,,,,27,1093
3,870,873,1,,1045.0,1040.0,5.0,,,,,,,27,1093
4,1079,1081,1,,1000.0,980.0,20.0,,,,,,,27,1093
5,1279,1277,1,,990.0,1000.0,10.0,,,,,,,27,1093
0,252,253,1,,1045.0,1040.0,5.0,,,,,,,27,1094
1,461,461,1,,1045.0,1060.0,15.0,,,,,,,27,1094
2,670,673,1,,1045.0,1040.0,5.0,,,,,,,27,1094
3,879,881,1,,1000.0,980.0,20.0,,,,,,,27,1094
4,1079,1077,1,,990.0,1000.0,10.0,,,,,,,27,1094
5,1277,1277,1,,1030.0,1040.0,10.0,,,,,,,27,1094
0,261,261,1,,1045.0,1060.0,15.0,,,,,,,27,1095
1,470,473,1,,1045.0,1040.0,5.0,,,,,,,27,1095
2,679,681,1,,1000.0,980.0,20.0,,,,,,,27,1095
3,879,877,1,,990.0,995.0,5.0,,,,,,,27,1095
4,1077,1076,1,,1030.0,1045.0,15.0,,,,,,,27,1095
5,1283,1285,1,,1050.0,1040.0,10.0,,,,,,,27,1095
0,61,74,1,,1045.0,995.0,50.0,,,,,,,27,1096
1,270,273,1,,1045.0,1040.0,5.0,,,,,,,27,1096
2,479,481,1,,1000.0,980.0,20.0,,,,,,,27,1096
3,679,677,1,,990.0,980.0,10.0,,,,,,,27,1096
4,877,873,1,,1030.0,1060.0,30.0,,,,,,,27,1096
5,1083,1085,1,,1050.0,1015.0,35.0,,,,,,,27,1096
6,1293,1288,1,,1035.0,1065.0,30.0,,,,,,,27,1096
0,70,73,1,,1045.0,1040.0,5.0,,,,,,,27,1097
1,279,281,1,,1000.0,980.0,20.0,,,,,,,27,1097
2,479,477,1,,990.0,980.0,10.0,,,,,,,27,1097
3,677,673,1,,1030.0,1060.0,30.0,,,,,,,27,1097
4,883,885,1,,1050.0,1015.0,35.0,,,,,,,27,1097
5,1093,1088,1,,1035.0,1065.0,30.0,,,,,,,27,1097
6,1300,1301,1,,1015.0,1020.0,5.0,,,,,,,27,1097
0,79,81,1,,1000.0,980.0,20.0,,,,,,,27,1098
1,279,277,1,,990.0,1000.0,10.0,,,,,,,27,1098
2,477,477,1,,1030.0,1040.0,10.0,,,,,,,27,1098
3,683,685,1,,1050.0,1040.0,10.0,,,,,,,27,1098
4,893,893,1,,1035.0,1050.0,15.0,,,,,,,27,1098
5,1100,1103,1,,1015.0,1015.0,0.0,,,,,,,27,1098
6,1303,1306,1,,990.0,975.0,15.0,,,,,,,27,1098
0,79,77,1,,990.0,1000.0,10.0,,,,,,,27,1099
1,277,277,1,,1030.0,1040.0,10.0,,,,,,,27,1099
2,483,485,1,,1050.0,1040.0,10.0,,,,,,,27,1099
3,693,693,1,,1035.0,1055.0,20.0,,,,,,,27,1099
4,900,904,1,,1015.0,1010.0,5.0,,,,,,,27,1099
5,1103,1106,1,,990.0,975.0,15.0,,,,,,,27,1099
6,1301,1301,1,,985.0,1000.0,15.0,,,,,,,27,1099
0,77,82,1,,1030.0,1035.0,5.0,,,,,,,27,1100
1,283,289,1,,1050.0,1020.0,30.0,,,,,,,27,1100
2,493,493,1,,1035.0,1060.0,25.0,,,,,,,27,1100
3,700,705,1,,1015.0,1000.0,15.0,,,,,,,27,1100
4,903,905,1,,990.0,1000.0,10.0,,,,,,,27,1100
5,1101,1105,1,,985.0,960.0,25.0,,,,,,,27,1100
6,1298,1297,1,,990.0,1020.0,30.0,,,,,,,27,1100
0,83,89,1,,1050.0,1135.0,85.0,,,,,,,27,1101
1,293,316,1,,1035.0,945.0,90.0,,,,,,,27,1101
2,500,505,1,,1015.0,1020.0,5.0,,,,,,,27,1101
3,703,709,1,,990.0,980.0,10.0,,,,,,,27,1101
4,901,905,1,,985.0,1000.0,15.0,,,,,,,27,1101
5,1098,1105,1,,990.0,980.0,10.0,,,,,,,27,1101
6,1296,1301,1,,1020.0,1020.0,0.0,,,,,,,27,1101
0,93,92,1,,1035.0,1065.0,30.0,,,,,,,27,1102
1,300,305,1,,1015.0,1020.0,5.0,,,,,,,27,1102
2,503,509,1,,990.0,980.0,10.0,,,,,,,27,1102
3,701,705,1,,985.0,995.0,10.0,,,,,,,27,1102
4,898,904,1,,990.0,985.0,5.0,,,,,,,27,1102
5,1096,1101,1,,1020.0,1020.0,0.0,,,,,,,27,1102
6,1300,1305,1,,1020.0,1020.0,0.0,,,,,,,27,1102
0,100,108,1,,1015.0,1015.0,0.0,,,,,,,27,1103
1,303,311,1,,990.0,970.0,20.0,,,,,,,27,1103
2,501,505,1,,985.0,1000.0,15.0,,,,,,,27,1103
3,698,705,1,,990.0,980.0,10.0,,,,,,,27,1103
4,896,901,1,,1020.0,1020.0,0.0,,,,,,,27,1103
5,1100,1105,1,,1020.0,1020.0,0.0,,,,,,,27,1103
6,1304,1309,1,,1000.0,1000.0,0.0,,,,,,,27,1103
0,103,109,1,,990.0,980.0,10.0,,,,,,,27,1104
1,301,305,1,,985.0,1000.0,15.0,,,,,,,27,1104
2,498,505,1,,990.0,980.0,10.0,,,,,,,27,1104
3,696,701,1,,1020.0,1020.0,0.0,,,,,,,27,1104
4,900,905,1,,1020.0,1020.0,0.0,,,,,,,27,1104
5,1104,1109,1,,1000.0,1000.0,0.0,,,,,,,27,1104
6,1304,1309,1,,990.0,1000.0,10.0,,,,,,,27,1104
0,101,105,1,,985.0,995.0,10.0,,,,,,,27,1105
1,298,304,1,,990.0,985.0,5.0,,,,,,,27,1105
2,496,501,1,,1020.0,1020.0,0.0,,,,,,,27,1105
3,700,705,1,,1020.0,1020.0,0.0,,,,,,,27,1105
4,904,909,1,,1000.0,1000.0,0.0,,,,,,,27,1105
5,1104,1109,1,,990.0,985.0,5.0,,,,,,,27,1105
6,1302,1306,1,,960.0,975.0,15.0,,,,,,,27,1105
0,98,104,1,,990.0,985.0,5.0,,,,,,,27,1106
1,296,301,1,,1020.0,1020.0,0.0,,,,,,,27,1106
2,500,505,1,,1020.0,1020.0,0.0,,,,,,,27,1106
3,704,709,1,,1000.0,1000.0,0.0,,,,,,,27,1106
4,904,909,1,,990.0,985.0,5.0,,,,,,,27,1106
5,1102,1106,1,,960.0,975.0,15.0,,,,,,,27,1106
6,1294,1301,1,,970.0,960.0,10.0,,,,,,,27,1106
0,96,101,1,,1020.0,1020.0,0.0,,,,,,,27,1107
1,300,305,1,,1020.0,1020.0,0.0,,,,,,,27,1107
2,504,509,1,,1000.0,1000.0,0.0,,,,,,,27,1107
3,704,709,1,,990.0,985.0,5.0,,,,,,,27,1107
4,902,906,1,,960.0,975.0,15.0,,,,,,,27,1107
5,1094,1101,1,,970.0,960.0,10.0,,,,,,,27,1107
6,1288,1293,1,,985.0,980.0,5.0,,,,,,,27,1107
0,100,105,1,,1020.0,1020.0,0.0,,,,,,,27,1108
1,304,309,1,,1000.0,1000.0,0.0,,,,,,,27,1108
2,504,509,1,,990.0,985.0,5.0,,,,,,,27,1108
3,702,706,1,,960.0,975.0,15.0,,,,,,,27,1108
4,894,901,1,,970.0,960.0,10.0,,,,,,,27,1108
5,1088,1093,1,,985.0,980.0,5.0,,,,,,,27,1108
6,1285,1289,1,,1045.0,1045.0,0.0,,,,,,,27,1108
0,104,109,1,,1000.0,1000.0,0.0,,,,,,,27,1109
1,304,309,1,,990.0,985.0,5.0,,,,,,,27,1109
2,502,506,1,,960.0,975.0,15.0,,,,,,,27,1109
3,694,701,1,,970.0,960.0,10.0,,,,,,,27,1109
4,888,893,1,,985.0,980.0,5.0,,,,,,,27,1109
5,1085,1089,1,,1045.0,1045.0,0.0,,,,,,,27,1109
6,1294,1298,1,,1050.0,1055.0,5.0,,,,,,,27,1109
0,102,105,1,,960.0,965.0,5.0,,,,,,,27,1110
1,294,298,1,,970.0,930.0,40.0,,,,,,,27,1110
2,488,484,1,,985.0,1025.0,40.0,,,,,,,27,1110
3,685,689,1,,1045.0,1040.0,5.0,,,,,,,27,1110
4,894,897,1,,1050.0,1040.0,10.0,,,,,,,27,1110
5,1104,1105,1,,2085.0,2100.0,15.0,,,,,,,27,1110
0,94,100,1,,970.0,965.0,5.0,,,,,,,27,1111
1,288,293,1,,985.0,980.0,5.0,,,,,,,27,1111
2,485,489,1,,1045.0,1045.0,0.0,,,,,,,27,1111
3,694,698,1,,1050.0,1035.0,15.0,,,,,,,27,1111
4,904,905,1,,1050.0,1030.0,20.0,,,,,,,27,1111
5,1114,1111,1,,1035.0,1070.0,35.0,,,,,,,27,1111
0,88,93,1,,985.0,980.0,5.0,,,,,,,27,1112
1,285,289,1,,1045.0,1045.0,0.0,,,,,,,27,1112
2,494,498,1,,1050.0,1035.0,15.0,,,,,,,27,1112
3,704,705,1,,2085.0,2105.0,20.0,,,,,,,27,1112
4,1121,1126,1,,2040.0,2035.0,5.0,,,,,,,27,1112
0,85,89,1,,1045.0,1045.0,0.0,,,,,,,27,1113
1,294,298,1,,5175.0,5175.0,0.0,,,,,,,27,1113
2,1329,1333,1,,1030.0,1025.0,5.0,,,,,,,27,1113
0,94,98,1,,1050.0,1035.0,15.0,,,,,,,27,1114
1,304,305,1,,1050.0,1030.0,20.0,,,,,,,27,1114
2,514,511,1,,1035.0,1070.0,35.0,,,,,,,27,1114
3,721,725,1,,2040.0,2040.0,0.0,,,,,,,27,1114
4,1129,1133,1,,1030.0,1025.0,5.0,,,,,,,27,1114
5,1335,1338,1,,1020.0,1020.0,0.0,,,,,,,27,1114
0,104,105,1,,1050.0,1030.0,20.0,,,,,,,27,1115
1,314,311,1,,1035.0,1070.0,35.0,,,,,,,27,1115
2,521,525,1,,2040.0,2040.0,0.0,,,,,,,27,1115
3,929,933,1,,1030.0,1025.0,5.0,,,,,,,27,1115
4,1135,1138,1,,1020.0,1015.0,5.0,,,,,,,27,1115
0,321,325,1,,2040.0,2040.0,0.0,,,,,,,27,1116
1,729,733,1,,1030.0,1020.0,10.0,,,,,,,27,1116
2,935,937,1,,1020.0,1020.0,0.0,,,,,,,27,1116
3,1139,1141,1,,2015.0,2020.0,5.0,,,,,,,27,1116
0,121,125,1,,2040.0,2040.0,0.0,,,,,,,27,1117
1,529,533,1,,1030.0,1025.0,5.0,,,,,,,27,1117
2,735,738,1,,1020.0,1015.0,5.0,,,,,,,27,1117
3,939,941,1,,1025.0,1040.0,15.0,,,,,,,27,1117
4,1144,1149,1,,990.0,1000.0,10.0,,,,,,,27,1117
5,1342,1349,1,,995.0,1090.0,95.0,,,,,,,27,1117
0,329,333,1,,1030.0,1025.0,5.0,,,,,,,27,1118
1,535,538,1,,1020.0,1015.0,5.0,,,,,,,27,1118
2,739,741,1,,1025.0,1040.0,15.0,,,,,,,27,1118
3,944,949,1,,990.0,1000.0,10.0,,,,,,,27,1118
4,1142,1149,1,,995.0,1075.0,80.0,,,,,,,27,1118
5,1341,1364,1,,1015.0,920.0,95.0,,,,,,,27,1118
0,129,133,1,,1030.0,1020.0,10.0,,,,,,,27,1119
1,335,337,1,,1020.0,1020.0,0.0,,,,,,,27,1119
2,539,541,1,,1025.0,1040.0,15.0,,,,,,,27,1119
3,744,749,1,,990.0,1000.0,10.0,,,,,,,27,1119
4,942,949,1,,995.0,1075.0,80.0,,,,,,,27,1119
5,1141,1164,1,,1015.0,920.0,95.0,,,,,,,27,1119
0,135,137,1,,1020.0,1020.0,0.0,,,,,,,27,1120
1,339,341,1,,1025.0,1020.0,5.0,,,,,,,27,1120
2,544,545,1,,990.0,1000.0,10.0,,,,,,,27,1120
3,742,745,1,,995.0,1085.0,90.0,,,,,,,27,1120
4,941,962,1,,1015.0,915.0,100.0,,,,,,,27,1120
5,1144,1145,1,,1050.0,1060.0,10.0,,,,,,,27,1120
6,1354,1357,1,,1075.0,1185.0,110.0,,,,,,,27,1120
0,139,141,1,,1025.0,1040.0,15.0,,,,,,,27,1121
1,344,349,1,,990.0,1000.0,10.0,,,,,,,27,1121
2,542,549,1,,995.0,1075.0,80.0,,,,,,,27,1121
3,741,764,1,,1015.0,920.0,95.0,,,,,,,27,1121
4,944,948,1,,1050.0,1045.0,5.0,,,,,,,27,1121
5,1154,1157,1,,1075.0,1080.0,5.0,,,,,,,27,1121
0,144,145,1,,990.0,1000.0,10.0,,,,,,,27,1122
1,342,345,1,,995.0,1085.0,90.0,,,,,,,27,1122
2,541,562,1,,1015.0,915.0,100.0,,,,,,,27,1122
3,744,745,1,,1050.0,1060.0,10.0,,,,,,,27,1122
4,954,957,1,,1075.0,1080.0,5.0,,,,,,,27,1122
5,1169,1173,1,,1030.0,1025.0,5.0,,,,,,,27,1122
0,142,145,1,,2010.0,1970.0,40.0,,,,,,,27,1123
1,544,539,1,,1050.0,1090.0,40.0,,,,,,,27,1123
2,754,757,1,,1075.0,1080.0,5.0,,,,,,,27,1123
3,969,973,1,,1030.0,1020.0,10.0,,,,,,,27,1123
4,1175,1177,1,,990.0,965.0,25.0,,,,,,,27,1123
0,554,560,1,,1075.0,1050.0,25.0,,,,,,,27,1124
1,769,770,1,,1030.0,1055.0,25.0,,,,,,,27,1124
2,975,981,1,,990.0,960.0,30.0,,,,,,,27,1124
3,1173,1173,1,,975.0,1000.0,25.0,,,,,,,27,1124
0,144,148,1,,1050.0,1045.0,5.0,,,,,,,27,1125
1,354,357,1,,1075.0,1065.0,10.0,,,,,,,27,1125
2,569,570,1,,1030.0,1055.0,25.0,,,,,,,27,1125
3,775,781,1,,990.0,955.0,35.0,,,,,,,27,1125
4,973,972,1,,975.0,985.0,10.0,,,,,,,27,1125
5,1168,1169,1,,995.0,1020.0,25.0,,,,,,,27,1125
0,154,157,1,,1075.0,1080.0,5.0,,,,,,,27,1126
1,369,373,1,,1030.0,1040.0,10.0,,,,,,,27,1126
2,575,581,1,,990.0,955.0,35.0,,,,,,,27,1126
3,773,772,1,,975.0,985.0,10.0,,,,,,,27,1126
4,968,969,1,,995.0,1020.0,25.0,,,,,,,27,1126
5,1167,1173,1,,1040.0,1035.0,5.0,,,,,,,27,1126
0,169,170,1,,1030.0,1055.0,25.0,,,,,,,27,1127
1,375,381,1,,990.0,960.0,30.0,,,,,,,27,1127
2,573,573,1,,975.0,980.0,5.0,,,,,,,27,1127
3,768,769,1,,995.0,1020.0,25.0,,,,,,,27,1127
4,967,973,1,,1040.0,1040.0,0.0,,,,,,,27,1127
5,1175,1181,1,,1075.0,1060.0,15.0,,,,,,,27,1127
0,175,181,1,,990.0,955.0,35.0,,,,,,,27,1128
1,373,372,1,,975.0,985.0,10.0,,,,,,,27,1128
2,568,569,1,,995.0,1020.0,25.0,,,,,,,27,1128
3,767,773,1,,1040.0,1035.0,5.0,,,,,,,27,1128
4,975,980,1,,1075.0,1045.0,30.0,,,,,,,27,1128
5,1190,1189,1,,1050.0,1060.0,10.0,,,,,,,27,1128
0,173,172,1,,975.0,985.0,10.0,,,,,,,27,1129
1,368,369,1,,995.0,1020.0,25.0,,,,,,,27,1129
2,567,573,1,,1040.0,1035.0,5.0,,,,,,,27,1129
3,775,780,1,,1075.0,1045.0,30.0,,,,,,,27,1129
4,990,989,1,,1050.0,1060.0,10.0,,,,,,,27,1129
5,1200,1201,1,,1030.0,1025.0,5.0,,,,,,,27,1129
0,168,169,1,,995.0,1020.0,25.0,,,,,,,27,1130
1,367,373,1,,1040.0,1035.0,5.0,,,,,,,27,1130
2,575,580,1,,1075.0,1045.0,30.0,,,,,,,27,1130
3,790,789,1,,1050.0,1060.0,10.0,,,,,,,27,1130
4,1000,1001,1,,1030.0,1025.0,5.0,,,,,,,27,1130
5,1206,1206,1,,1090.0,1115.0,25.0,,,,,,,27,1130
0,167,173,1,,1040.0,1040.0,0.0,,,,,,,27,1131
1,375,381,1,,1075.0,1060.0,15.0,,,,,,,27,1131
2,590,593,1,,1050.0,1045.0,5.0,,,,,,,27,1131
3,800,802,1,,1030.0,1050.0,20.0,,,,,,,27,1131
4,1006,1012,1,,1090.0,1085.0,5.0,,,,,,,27,1131
5,1224,1229,1,,1135.0,1120.0,15.0,,,,,,,27,1131
0,175,180,1,,1075.0,1050.0,25.0,,,,,,,27,1132
1,390,390,1,,1050.0,1055.0,5.0,,,,,,,27,1132
2,600,601,1,,1030.0,1025.0,5.0,,,,,,,27,1132
3,806,806,1,,1090.0,1115.0,25.0,,,,,,,27,1132
4,1024,1029,1,,1135.0,1120.0,15.0,,,,,,,27,1132
5,1251,1253,1,,1125.0,1140.0,15.0,,,,,,,27,1132
0,190,190,1,,1050.0,1055.0,5.0,,,,,,,27,1133
1,400,401,1,,1030.0,1025.0,5.0,,,,,,,27,1133
2,606,606,1,,1090.0,1115.0,25.0,,,,,,,27,1133
3,824,829,1,,1135.0,1120.0,15.0,,,,,,,27,1133
4,1051,1053,1,,1125.0,1140.0,15.0,,,,,,,27,1133
5,1276,1281,1,,1050.0,1055.0,5.0,,,,,,,27,1133
0,200,202,1,,1030.0,1020.0,10.0,,,,,,,27,1134
1,406,406,1,,1090.0,1115.0,25.0,,,,,,,27,1134
2,624,629,1,,1135.0,1120.0,15.0,,,,,,,27,1134
3,851,853,1,,1125.0,1145.0,20.0,,,,,,,27,1134
4,1076,1082,1,,1050.0,1050.0,0.0,,,,,,,27,1134
5,1286,1292,1,,1035.0,1010.0,25.0,,,,,,,27,1134
0,424,429,1,,1135.0,1140.0,5.0,,,,,,,27,1135
1,651,657,1,,1125.0,1095.0,30.0,,,,,,,27,1135
2,876,876,1,,1050.0,1065.0,15.0,,,,,,,27,1135
3,1086,1089,1,,1035.0,1045.0,10.0,,,,,,,27,1135
0,224,229,1,,1135.0,1140.0,5.0,,,,,,,27,1136
1,451,457,1,,1125.0,1085.0,40.0,,,,,,,27,1136
2,676,674,1,,1050.0,1095.0,45.0,,,,,,,27,1136
3,886,893,1,,1035.0,1020.0,15.0,,,,,,,27,1136
4,1093,1097,1,,1020.0,1040.0,20.0,,,,,,,27,1136
5,1297,1305,1,,1045.0,1020.0,25.0,,,,,,,27,1136
0,251,257,1,,1125.0,1085.0,40.0,,,,,,,27,1137
1,476,474,1,,1050.0,1075.0,25.0,,,,,,,27,1137
2,686,689,1,,1035.0,1040.0,5.0,,,,,,,27,1137
3,893,897,1,,1020.0,1040.0,20.0,,,,,,,27,1137
4,1097,1105,1,,1045.0,1020.0,25.0,,,,,,,27,1137
5,1306,1309,1,,1035.0,1040.0,5.0,,,,,,,27,1137
0,276,274,1,,1050.0,1075.0,25.0,,,,,,,27,1138
1,486,489,1,,1035.0,1040.0,5.0,,,,,,,27,1138
2,693,697,1,,1020.0,1040.0,20.0,,,,,,,27,1138
3,897,905,1,,1045.0,1020.0,25.0,,,,,,,27,1138
4,1106,1109,1,,1035.0,1040.0,5.0,,,,,,,27,1138
5,1313,1317,1,,1025.0,1040.0,15.0,,,,,,,27,1138
0,76,81,1,,1050.0,1055.0,5.0,,,,,,,27,1139
1,286,292,1,,2055.0,2030.0,25.0,,,,,,,27,1139
2,697,698,1,,1045.0,1055.0,10.0,,,,,,,27,1139
3,906,909,1,,1035.0,1025.0,10.0,,,,,,,27,1139
4,1113,1114,1,,1025.0,1035.0,10.0,,,,,,,27,1139
5,1318,1321,1,,1000.0,985.0,15.0,,,,,,,27,1139
0,86,92,1,,2055.0,2065.0,10.0,,,,,,,27,1140
1,497,505,1,,1045.0,1020.0,25.0,,,,,,,27,1140
2,706,709,1,,1035.0,1040.0,5.0,,,,,,,27,1140
3,913,917,1,,1025.0,1040.0,15.0,,,,,,,27,1140
4,1118,1125,1,,1000.0,1000.0,0.0,,,,,,,27,1140
5,1318,1325,1,,1020.0,1015.0,5.0,,,,,,,27,1140
0,93,101,1,,1020.0,1020.0,0.0,,,,,,,27,1141
1,297,305,1,,1045.0,1040.0,5.0,,,,,,,27,1141
2,506,513,1,,1035.0,1020.0,15.0,,,,,,,27,1141
3,713,717,1,,1025.0,1040.0,15.0,,,,,,,27,1141
4,918,925,1,,1000.0,1005.0,5.0,,,,,,,27,1141
5,1118,1126,1,,1020.0,1015.0,5.0,,,,,,,27,1141
6,1322,1329,1,,1065.0,1045.0,20.0,,,,,,,27,1141
0,97,105,1,,1045.0,1020.0,25.0,,,,,,,27,1142
1,306,309,1,,1035.0,1040.0,5.0,,,,,,,27,1142
2,513,517,1,,1025.0,1040.0,15.0,,,,,,,27,1142
3,718,725,1,,1000.0,1000.0,0.0,,,,,,,27,1142
4,918,925,1,,1020.0,1020.0,0.0,,,,,,,27,1142
5,1122,1129,1,,1065.0,1060.0,5.0,,,,,,,27,1142
0,106,109,1,,1035.0,1040.0,5.0,,,,,,,27,1143
1,313,317,1,,1025.0,1040.0,15.0,,,,,,,27,1143
2,518,525,1,,1000.0,1000.0,0.0,,,,,,,27,1143
3,718,725,1,,1020.0,1015.0,5.0,,,,,,,27,1143
4,922,928,1,,1065.0,1045.0,20.0,,,,,,,27,1143
5,1135,1137,1,,1085.0,1100.0,15.0,,,,,,,27,1143
6,1352,1357,1,,1045.0,1130.0,85.0,,,,,,,27,1143
0,459,436,1,,1135.0,1310.0,175.0,,,,,,,28,1144
1,686,698,1,,965.0,960.0,5.0,,,,,,,28,1144
2,879,890,1,,845.0,775.0,70.0,,,,,,,28,1144
3,1048,1045,1,,2125.0,2200.0,75.0,,,,,,,28,1144
0,333,338,1,,1060.0,1055.0,5.0,,,,,,,28,1145
1,545,549,1,,995.0,1115.0,120.0,,,,,,,28,1145
2,744,772,1,,945.0,940.0,5.0,,,,,,,28,1145
3,933,960,1,,965.0,960.0,5.0,,,,,,,28,1145
4,1126,1152,1,,1085.0,965.0,120.0,,,,,,,28,1145
0,133,141,1,,1060.0,1060.0,0.0,,,,,,,28,1146
1,345,353,1,,995.0,1105.0,110.0,,,,,,,28,1146
2,544,574,1,,945.0,940.0,5.0,,,,,,,28,1146
3,733,762,1,,965.0,960.0,5.0,,,,,,,28,1146
4,926,954,1,,1085.0,975.0,110.0,,,,,,,28,1146
5,1143,1149,1,,1330.0,1335.0,5.0,,,,,,,28,1146
0,526,528,1,,1085.0,1160.0,75.0,,,,,,,28,1147
1,743,760,1,,1330.0,1330.0,0.0,,,,,,,28,1147
2,1009,1026,1,,2520.0,2530.0,10.0,,,,,,,28,1147
0,370,377,1,,1265.0,1265.0,0.0,,,,,,,28,1148
1,623,630,1,,2660.0,2670.0,10.0,,,,,,,28,1148
0,526,530,1,,1240.0,1295.0,55.0,,,,,,,28,1149
1,774,789,1,,1295.0,1295.0,0.0,,,,,,,28,1149
2,1033,1048,1,,1195.0,1190.0,5.0,,,,,,,28,1149
0,73,77,1,,1265.0,1245.0,20.0,,,,,,,28,1150
1,326,326,1,,1240.0,1240.0,0.0,,,,,,,28,1150
2,574,574,1,,1295.0,1330.0,35.0,,,,,,,28,1150
3,833,840,1,,1195.0,1220.0,25.0,,,,,,,28,1150
0,126,125,1,,1240.0,1215.0,25.0,,,,,,,28,1151
1,374,368,1,,2490.0,2550.0,60.0,,,,,,,28,1151
2,872,878,1,,3075.0,3070.0,5.0,,,,,,,28,1151
0,174,166,1,,1295.0,1355.0,60.0,,,,,,,28,1152
1,433,437,1,,1195.0,1195.0,0.0,,,,,,,28,1152
2,672,676,1,,2100.0,2225.0,125.0,,,,,,,28,1152
3,1092,1121,1,,975.0,845.0,130.0,,,,,,,28,1152
0,472,481,1,,3075.0,3070.0,5.0,,,,,,,28,1153
1,1087,1095,1,,1505.0,1465.0,40.0,,,,,,,28,1153
0,272,282,1,,3075.0,3070.0,5.0,,,,,,,28,1154
1,887,896,1,,1505.0,1460.0,45.0,,,,,,,28,1154
2,1188,1188,1,,1405.0,1390.0,15.0,,,,,,,28,1154
0,72,82,1,,3075.0,3070.0,5.0,,,,,,,28,1155
1,687,696,1,,2910.0,2850.0,60.0,,,,,,,28,1155
2,1269,1266,1,,1305.0,1380.0,75.0,,,,,,,28,1155
0,960,939,1,,1295.0,1365.0,70.0,,,,,,,28,1156
0,194,213,1,,1000.0,930.0,70.0,,,,,,,28,1157
1,394,399,1,,995.0,995.0,0.0,,,,,,,28,1157
2,593,598,1,,990.0,960.0,30.0,,,,,,,28,1157
3,791,790,1,,1045.0,1135.0,90.0,,,,,,,28,1157
4,1000,1017,1,,1200.0,1200.0,0.0,,,,,,,28,1157
0,194,194,1,,995.0,1020.0,25.0,,,,,,,28,1158
1,393,398,1,,990.0,960.0,30.0,,,,,,,28,1158
2,591,590,1,,1045.0,1135.0,90.0,,,,,,,28,1158
3,800,817,1,,1200.0,1200.0,0.0,,,,,,,28,1158
4,1040,1057,1,,2305.0,2245.0,60.0,,,,,,,28,1158
0,1155,1169,1,,1095.0,1100.0,5.0,,,,,,,28,1159
0,955,969,1,,1095.0,1100.0,5.0,,,,,,,28,1160
