seg_id,Subject_ID,Mask_F1,Mask_Precision,Mask_Recall,Mask_Prob_Mean,Mask_Prob_Max,Mask_True_Sparsity,Mask_Pred_Sparsity
0,25,0.11653914067087304,0.061874999999999965,0.9999999999999899,0.5640630321577191,0.6730207800865173,0.061875,1.0
1,25,0.11653914067087304,0.061874999999999965,0.9999999999999899,0.5640407380089164,0.6617754697799683,0.061875,1.0
2,25,0.11653914067087304,0.061874999999999965,0.9999999999999899,0.5640606734901666,0.652160108089447,0.061875,1.0
3,25,0.11653914067087304,0.061874999999999965,0.9999999999999899,0.5641868517175317,0.6476929187774658,0.061875,1.0
4,25,0.11653914067087304,0.061874999999999965,0.9999999999999899,0.5641654754430055,0.6422542929649353,0.061875,1.0
5,25,0.11653914067087304,0.061874999999999965,0.9999999999999899,0.564104275777936,0.6391019225120544,0.061875,1.0
6,25,0.10426540284350293,0.054999999999999966,0.9999999999999887,0.564170992448926,0.6285750269889832,0.055,1.0
7,25,0.10426540284350293,0.054999999999999966,0.9999999999999887,0.5640808885917068,0.6299008727073669,0.055,1.0
8,25,0.11542991754995,0.061249999999999964,0.9999999999999899,0.5640437734872102,0.6271599531173706,0.06125,1.0
9,25,0.11653914067087304,0.061874999999999965,0.9999999999999899,0.5640723639726639,0.6256821155548096,0.061875,1.0
10,25,0.11653914067087304,0.061874999999999965,0.9999999999999899,0.5637574375793338,0.6224803924560547,0.061875,1.0
11,25,0.11653914067087304,0.061874999999999965,0.9999999999999899,0.5638129993528128,0.6209803223609924,0.061875,1.0
12,25,0.11653914067087304,0.061874999999999965,0.9999999999999899,0.5638444225862622,0.6209648847579956,0.061875,1.0
13,25,0.11653914067087304,0.061874999999999965,0.9999999999999899,0.5637589259818196,0.6211978793144226,0.061875,1.0
14,25,0.11653914067087304,0.061874999999999965,0.9999999999999899,0.5637724547460675,0.6231187582015991,0.061875,1.0
15,25,0.11653914067087304,0.061874999999999965,0.9999999999999899,0.5638557852432132,0.6237797141075134,0.061875,1.0
16,25,0.10538780343388464,0.055624999999999966,0.9999999999999888,0.5637896890565753,0.6240531206130981,0.055625,1.0
17,25,0.11653914067087304,0.061874999999999965,0.9999999999999899,0.5636414249241352,0.6245426535606384,0.061875,1.0
18,25,0.11653914067087304,0.061874999999999965,0.9999999999999899,0.5639761056751013,0.6240878105163574,0.061875,1.0
19,25,0.11653914067087304,0.061874999999999965,0.9999999999999899,0.5638073461875319,0.6226458549499512,0.061875,1.0
20,25,0.11653914067087304,0.061874999999999965,0.9999999999999899,0.5637712281569839,0.6215959191322327,0.061875,1.0
21,25,0.11653914067087304,0.061874999999999965,0.9999999999999899,0.563918702416122,0.6226071715354919,0.061875,1.0
22,25,0.11653914067087304,0.061874999999999965,0.9999999999999899,0.5638320738822222,0.6228842735290527,0.061875,1.0
23,25,0.11653914067087304,0.061874999999999965,0.9999999999999899,0.5636569463089108,0.6217362284660339,0.061875,1.0
24,25,0.12865497076011337,0.06874999999999996,0.999999999999991,0.5636805249378085,0.6208040714263916,0.06875,1.0
25,25,0.11653914067087304,0.061874999999999965,0.9999999999999899,0.5638195381313562,0.6198431849479675,0.061875,1.0
26,25,0.11653914067087304,0.061874999999999965,0.9999999999999899,0.5636860878393054,0.6235479712486267,0.061875,1.0
27,25,0.11653914067087304,0.061874999999999965,0.9999999999999899,0.5637422628700733,0.6242811679840088,0.061875,1.0
28,25,0.11653914067087304,0.061874999999999965,0.9999999999999899,0.5639082559198141,0.6219671368598938,0.061875,1.0
29,25,0.11653914067087304,0.061874999999999965,0.9999999999999899,0.5637742687761783,0.6213274002075195,0.061875,1.0
30,25,0.11653914067087304,0.061874999999999965,0.9999999999999899,0.563734643869102,0.6296293139457703,0.061875,1.0
31,25,0.11653914067087304,0.061874999999999965,0.9999999999999899,0.5637048790976406,0.6314505338668823,0.061875,1.0
32,25,0.10426540284350293,0.054999999999999966,0.9999999999999887,0.5637724926695228,0.6326837539672852,0.055,1.0
33,25,0.10426540284350293,0.054999999999999966,0.9999999999999887,0.5636768956109881,0.6334623694419861,0.055,1.0
34,25,0.10426540284350293,0.054999999999999966,0.9999999999999887,0.5637729460373521,0.6354668140411377,0.055,1.0
35,25,0.10426540284350293,0.054999999999999966,0.9999999999999887,0.5636869003251195,0.6355244517326355,0.055,1.0
36,25,0.11653914067087304,0.061874999999999965,0.9999999999999899,0.5635173044353724,0.6375270485877991,0.061875,1.0
37,25,0.11653914067087304,0.061874999999999965,0.9999999999999899,0.5636893290653825,0.6357164978981018,0.061875,1.0
38,25,0.11653914067087304,0.061874999999999965,0.9999999999999899,0.5635948299616576,0.6338750720024109,0.061875,1.0
39,25,0.11653914067087304,0.061874999999999965,0.9999999999999899,0.563740339949727,0.6343079209327698,0.061875,1.0
40,25,0.11653914067087304,0.061874999999999965,0.9999999999999899,0.5637152368202806,0.6351227760314941,0.061875,1.0
41,25,0.11653914067087304,0.061874999999999965,0.9999999999999899,0.5637340105697513,0.6360819339752197,0.061875,1.0
42,25,0.11653914067087304,0.061874999999999965,0.9999999999999899,0.5638690975308418,0.6356454491615295,0.061875,1.0
43,25,0.11653914067087304,0.061874999999999965,0.9999999999999899,0.5640058220177889,0.6363746523857117,0.061875,1.0
44,25,0.10426540284350293,0.054999999999999966,0.9999999999999887,0.5640578618273139,0.6349855065345764,0.055,1.0
45,25,0.10426540284350293,0.054999999999999966,0.9999999999999887,0.5639020175114274,0.639435350894928,0.055,1.0
46,25,0.11653914067087304,0.061874999999999965,0.9999999999999899,0.5640986117720604,0.6389027833938599,0.061875,1.0
47,25,0.11653914067087304,0.061874999999999965,0.9999999999999899,0.5639533591270447,0.6330040097236633,0.061875,1.0
48,25,0.11653914067087304,0.061874999999999965,0.9999999999999899,0.5640116662904621,0.6308218240737915,0.061875,1.0
49,25,0.11653914067087304,0.061874999999999965,0.9999999999999899,0.5640771121531725,0.6308627724647522,0.061875,1.0
50,25,0.11653914067087304,0.061874999999999965,0.9999999999999899,0.5639378257095814,0.6332311630249023,0.061875,1.0
51,25,0.11653914067087304,0.061874999999999965,0.9999999999999899,0.5638921374082565,0.6359783411026001,0.061875,1.0
52,25,0.11653914067087304,0.061874999999999965,0.9999999999999899,0.5639945181459188,0.638740062713623,0.061875,1.0
53,25,0.11653914067087304,0.061874999999999965,0.9999999999999899,0.5640347965806722,0.6378652453422546,0.061875,1.0
54,25,0.10426540284350293,0.054999999999999966,0.9999999999999887,0.5639692651107907,0.6361029148101807,0.055,1.0
55,25,0.11653914067087304,0.061874999999999965,0.9999999999999899,0.5640291552245617,0.6410803198814392,0.061875,1.0
56,25,0.11653914067087304,0.061874999999999965,0.9999999999999899,0.5640830318629741,0.6277540326118469,0.061875,1.0
57,25,0.11653914067087304,0.061874999999999965,0.9999999999999899,0.5640322710946202,0.6330434679985046,0.061875,1.0
58,25,0.11653914067087304,0.061874999999999965,0.9999999999999899,0.563928815945983,0.6316962242126465,0.061875,1.0
59,25,0.11653914067087304,0.061874999999999965,0.9999999999999899,0.5639436198398471,0.6320201754570007,0.061875,1.0
60,25,0.11653914067087304,0.061874999999999965,0.9999999999999899,0.5638964760676026,0.632310152053833,0.061875,1.0
61,25,0.11653914067087304,0.061874999999999965,0.9999999999999899,0.563881676197052,0.6311034560203552,0.061875,1.0
62,25,0.11653914067087304,0.061874999999999965,0.9999999999999899,0.5638730896636843,0.6300337314605713,0.061875,1.0
63,25,0.11653914067087304,0.061874999999999965,0.9999999999999899,0.5638728804141283,0.6324145793914795,0.061875,1.0
64,25,0.11653914067087304,0.061874999999999965,0.9999999999999899,0.5637238560616971,0.6346558332443237,0.061875,1.0
65,25,0.11653914067087304,0.061874999999999965,0.9999999999999899,0.5636854597181081,0.6372608542442322,0.061875,1.0
66,25,0.11653914067087304,0.061874999999999965,0.9999999999999899,0.563621628433466,0.6348940134048462,0.061875,1.0
67,25,0.11653914067087304,0.061874999999999965,0.9999999999999899,0.5636292238906025,0.6301972270011902,0.061875,1.0
68,25,0.11653914067087304,0.061874999999999965,0.9999999999999899,0.5637458188459277,0.6311565041542053,0.061875,1.0
69,25,0.11653914067087304,0.061874999999999965,0.9999999999999899,0.5637021836638451,0.6310455203056335,0.061875,1.0
70,25,0.12865497076011337,0.06874999999999996,0.999999999999991,0.5637136066704989,0.6323543787002563,0.06875,1.0
71,25,0.11653914067087304,0.061874999999999965,0.9999999999999899,0.5639411627873778,0.6323171854019165,0.061875,1.0
72,25,0.11653914067087304,0.061874999999999965,0.9999999999999899,0.5638765154406429,0.6319106817245483,0.061875,1.0
73,25,0.11653914067087304,0.061874999999999965,0.9999999999999899,0.563846781924367,0.6324822902679443,0.061875,1.0
74,25,0.11653914067087304,0.061874999999999965,0.9999999999999899,0.5638346549868584,0.6331095695495605,0.061875,1.0
75,25,0.11653914067087304,0.061874999999999965,0.9999999999999899,0.5637239115312696,0.6331984400749207,0.061875,1.0
76,25,0.12865497076011337,0.06874999999999996,0.999999999999991,0.5637675520777702,0.6273322701454163,0.06875,1.0
77,25,0.12865497076011337,0.06874999999999996,0.999999999999991,0.5638703992590308,0.6287920475006104,0.06875,1.0
78,25,0.11653914067087304,0.061874999999999965,0.9999999999999899,0.5637471384182572,0.6274814009666443,0.061875,1.0
79,25,0.11653914067087304,0.061874999999999965,0.9999999999999899,0.5634976611286402,0.6275739073753357,0.061875,1.0
80,25,0.11653914067087304,0.061874999999999965,0.9999999999999899,0.5635303296148777,0.6289508938789368,0.061875,1.0
81,25,0.11653914067087304,0.061874999999999965,0.9999999999999899,0.56358282238245,0.6282472014427185,0.061875,1.0
82,25,0.11653914067087304,0.061874999999999965,0.9999999999999899,0.5635558716207743,0.6284186244010925,0.061875,1.0
83,25,0.12865497076011337,0.06874999999999996,0.999999999999991,0.5635240416228772,0.6273592114448547,0.06875,1.0
84,25,0.11653914067087304,0.061874999999999965,0.9999999999999899,0.5634943035244941,0.6250469088554382,0.061875,1.0
85,25,0.11653914067087304,0.061874999999999965,0.9999999999999899,0.5634899100661278,0.6239895820617676,0.061875,1.0
86,25,0.11653914067087304,0.061874999999999965,0.9999999999999899,0.563493813611567,0.6254132390022278,0.061875,1.0
87,25,0.11653914067087304,0.061874999999999965,0.9999999999999899,0.5636080180481077,0.6252762675285339,0.061875,1.0
88,25,0.11653914067087304,0.061874999999999965,0.9999999999999899,0.5635831851139664,0.6221305727958679,0.061875,1.0
89,25,0.11653914067087304,0.061874999999999965,0.9999999999999899,0.5635162992402911,0.6223282217979431,0.061875,1.0
90,25,0.11653914067087304,0.061874999999999965,0.9999999999999899,0.5636448473110796,0.6237446665763855,0.061875,1.0
91,25,0.11653914067087304,0.061874999999999965,0.9999999999999899,0.5637086598202586,0.6270876526832581,0.061875,1.0
92,25,0.11653914067087304,0.061874999999999965,0.9999999999999899,0.5636627201735973,0.6274250745773315,0.061875,1.0
93,25,0.11653914067087304,0.061874999999999965,0.9999999999999899,0.5634058194234968,0.6226657032966614,0.061875,1.0
94,25,0.11653914067087304,0.061874999999999965,0.9999999999999899,0.5635890842974186,0.6209768056869507,0.061875,1.0
95,25,0.11653914067087304,0.061874999999999965,0.9999999999999899,0.5636924002319574,0.6231068968772888,0.061875,1.0
96,25,0.11653914067087304,0.061874999999999965,0.9999999999999899,0.5636437693610787,0.6358960270881653,0.061875,1.0
97,25,0.11653914067087304,0.061874999999999965,0.9999999999999899,0.5636819854378701,0.6362020373344421,0.061875,1.0
98,25,0.11653914067087304,0.061874999999999965,0.9999999999999899,0.5637188421562314,0.6360008120536804,0.061875,1.0
99,25,0.11653914067087304,0.061874999999999965,0.9999999999999899,0.5636396552622318,0.6370210647583008,0.061875,1.0
100,25,0.11653914067087304,0.061874999999999965,0.9999999999999899,0.5639170990139246,0.6397651433944702,0.061875,1.0
101,25,0.11653914067087304,0.061874999999999965,0.9999999999999899,0.5641738360375166,0.6396738886833191,0.061875,1.0
102,25,0.11653914067087304,0.061874999999999965,0.9999999999999899,0.5641985422372818,0.6406132578849792,0.061875,1.0
103,25,0.11653914067087304,0.061874999999999965,0.9999999999999899,0.5642047334834933,0.6393650770187378,0.061875,1.0
104,25,0.11653914067087304,0.061874999999999965,0.9999999999999899,0.5641909066960216,0.6419317722320557,0.061875,1.0
105,25,0.11653914067087304,0.061874999999999965,0.9999999999999899,0.564207104742527,0.6428573131561279,0.061875,1.0
106,25,0.11653914067087304,0.061874999999999965,0.9999999999999899,0.5641537372022867,0.6418312788009644,0.061875,1.0
107,25,0.10426540284350293,0.054999999999999966,0.9999999999999887,0.5641540215164423,0.6397727131843567,0.055,1.0
108,25,0.11653914067087304,0.061874999999999965,0.9999999999999899,0.5637751292064785,0.6354343891143799,0.061875,1.0
109,25,0.11653914067087304,0.061874999999999965,0.9999999999999899,0.5637203607708215,0.6343021392822266,0.061875,1.0
110,25,0.11653914067087304,0.061874999999999965,0.9999999999999899,0.5636863094940782,0.633740246295929,0.061875,1.0
111,25,0.11653914067087304,0.061874999999999965,0.9999999999999899,0.563636883944273,0.6287862658500671,0.061875,1.0
112,25,0.11653914067087304,0.061874999999999965,0.9999999999999899,0.5636425269767642,0.6295250654220581,0.061875,1.0
113,25,0.11653914067087304,0.061874999999999965,0.9999999999999899,0.5635570468381047,0.6283976435661316,0.061875,1.0
114,25,0.11653914067087304,0.061874999999999965,0.9999999999999899,0.5635491113364697,0.6270149946212769,0.061875,1.0
115,25,0.11653914067087304,0.061874999999999965,0.9999999999999899,0.5634952213615179,0.6250547766685486,0.061875,1.0
116,25,0.10426540284350293,0.054999999999999966,0.9999999999999887,0.5636223992705345,0.6281725764274597,0.055,1.0
117,25,0.1109799291616424,0.05874999999999997,0.9999999999999895,0.5636345250159502,0.6342359185218811,0.05875,1.0
118,25,0.11653914067087304,0.061874999999999965,0.9999999999999899,0.5636184081435204,0.6371868252754211,0.061875,1.0
119,25,0.11653914067087304,0.061874999999999965,0.9999999999999899,0.5636490375176072,0.6341862678527832,0.061875,1.0
120,25,0.11653914067087304,0.061874999999999965,0.9999999999999899,0.5637630877643823,0.6343770623207092,0.061875,1.0
121,25,0.12865497076011337,0.06874999999999996,0.999999999999991,0.5640286324173212,0.6324700117111206,0.06875,1.0
122,25,0.12865497076011337,0.06874999999999996,0.999999999999991,0.5639721634238959,0.6283855438232422,0.06875,1.0
123,25,0.12865497076011337,0.06874999999999996,0.999999999999991,0.5641611092165113,0.6312825679779053,0.06875,1.0
124,25,0.12865497076011337,0.06874999999999996,0.999999999999991,0.5640880787372589,0.6314735412597656,0.06875,1.0
125,25,0.12206572769941575,0.06499999999999996,0.9999999999999905,0.5641006707027555,0.633010983467102,0.065,1.0
126,25,0.11653914067087304,0.061874999999999965,0.9999999999999899,0.5638795627653599,0.6285496950149536,0.061875,1.0
127,25,0.12865497076011337,0.06874999999999996,0.999999999999991,0.564018876478076,0.6297168731689453,0.06875,1.0
128,25,0.12865497076011337,0.06874999999999996,0.999999999999991,0.5639998660981655,0.6254258751869202,0.06875,1.0
129,25,0.11653914067087304,0.061874999999999965,0.9999999999999899,0.5639407828450202,0.6258052587509155,0.061875,1.0
130,25,0.11653914067087304,0.061874999999999965,0.9999999999999899,0.5639501292631031,0.630778968334198,0.061875,1.0
131,25,0.11653914067087304,0.061874999999999965,0.9999999999999899,0.5637933680787682,0.6211145520210266,0.061875,1.0
132,25,0.11653914067087304,0.061874999999999965,0.9999999999999899,0.5638243387639522,0.6183565855026245,0.061875,1.0
133,25,0.11653914067087304,0.061874999999999965,0.9999999999999899,0.5639174341410399,0.623795211315155,0.061875,1.0
134,25,0.11653914067087304,0.061874999999999965,0.9999999999999899,0.5640330421924591,0.6265986561775208,0.061875,1.0
135,25,0.11542991754995,0.061249999999999964,0.9999999999999899,0.5638561889156699,0.6280782222747803,0.06125,1.0
136,25,0.11653914067087304,0.061874999999999965,0.9999999999999899,0.5638666744530201,0.6311845183372498,0.061875,1.0
137,25,0.11653914067087304,0.061874999999999965,0.9999999999999899,0.5636913903802633,0.6293980479240417,0.061875,1.0
138,25,0.11653914067087304,0.061874999999999965,0.9999999999999899,0.5627967179939151,0.6198101043701172,0.061875,1.0
139,25,0.11653914067087304,0.061874999999999965,0.9999999999999899,0.5630364525318146,0.6180148124694824,0.061875,1.0
140,25,0.11653914067087304,0.061874999999999965,0.9999999999999899,0.5629464527964592,0.6195255517959595,0.061875,1.0
141,25,0.11653914067087304,0.061874999999999965,0.9999999999999899,0.5629633701592683,0.6200639605522156,0.061875,1.0
142,25,0.11653914067087304,0.061874999999999965,0.9999999999999899,0.562953600808978,0.6208657026290894,0.061875,1.0
143,25,0.10538780343388464,0.055624999999999966,0.9999999999999888,0.5629802244901657,0.6197183728218079,0.055625,1.0
144,25,0.10426540284350293,0.054999999999999966,0.9999999999999887,0.5628575055673718,0.6178549528121948,0.055,1.0
145,25,0.10426540284350293,0.054999999999999966,0.9999999999999887,0.5628864865005017,0.6188915967941284,0.055,1.0
146,25,0.10426540284350293,0.054999999999999966,0.9999999999999887,0.5637169913575053,0.6261576414108276,0.055,1.0
147,25,0.10426540284350293,0.054999999999999966,0.9999999999999887,0.5635846537724137,0.6318798661231995,0.055,1.0
148,25,0.10426540284350293,0.054999999999999966,0.9999999999999887,0.5636653977259993,0.6351028084754944,0.055,1.0
149,25,0.10874704491715471,0.05749999999999997,0.9999999999999892,0.5635670196637511,0.6347051858901978,0.0575,1.0
150,25,0.11653914067087304,0.061874999999999965,0.9999999999999899,0.5635816145315766,0.6318470239639282,0.061875,1.0
151,25,0.11653914067087304,0.061874999999999965,0.9999999999999899,0.563684020601213,0.6308137774467468,0.061875,1.0
152,25,0.11653914067087304,0.061874999999999965,0.9999999999999899,0.563961641639471,0.633913516998291,0.061875,1.0
153,25,0.11653914067087304,0.061874999999999965,0.9999999999999899,0.5637555555999278,0.6368650197982788,0.061875,1.0
154,25,0.11653914067087304,0.061874999999999965,0.9999999999999899,0.5638425561413168,0.6314407587051392,0.061875,1.0
155,25,0.11653914067087304,0.061874999999999965,0.9999999999999899,0.5637460075691343,0.6270201802253723,0.061875,1.0
156,25,0.11653914067087304,0.061874999999999965,0.9999999999999899,0.5637856267020106,0.6240746378898621,0.061875,1.0
157,25,0.11209439528013006,0.05937499999999997,0.9999999999999896,0.5637390268966556,0.6242416501045227,0.059375,1.0
158,25,0.10426540284350293,0.054999999999999966,0.9999999999999887,0.5636904329434037,0.6265910267829895,0.055,1.0
159,25,0.10426540284350293,0.054999999999999966,0.9999999999999887,0.5635982043296098,0.6267515420913696,0.055,1.0
160,25,0.10426540284350293,0.054999999999999966,0.9999999999999887,0.5635128850862384,0.6231741309165955,0.055,1.0
161,25,0.11542991754995,0.061249999999999964,0.9999999999999899,0.5636499204486608,0.6235744953155518,0.06125,1.0
162,25,0.11653914067087304,0.061874999999999965,0.9999999999999899,0.5636149385944009,0.6248602867126465,0.061875,1.0
163,25,0.11653914067087304,0.061874999999999965,0.9999999999999899,0.5639760828763246,0.6266195178031921,0.061875,1.0
164,25,0.11653914067087304,0.061874999999999965,0.9999999999999899,0.5637697720527649,0.6261046528816223,0.061875,1.0
165,25,0.11653914067087304,0.061874999999999965,0.9999999999999899,0.5638415222615003,0.6278536319732666,0.061875,1.0
166,25,0.11653914067087304,0.061874999999999965,0.9999999999999899,0.5639013336971402,0.6266050934791565,0.061875,1.0
167,25,0.11653914067087304,0.061874999999999965,0.9999999999999899,0.5639354876056314,0.624617874622345,0.061875,1.0
168,25,0.11653914067087304,0.061874999999999965,0.9999999999999899,0.5639308668300509,0.6247424483299255,0.061875,1.0
169,25,0.10538780343388464,0.055624999999999966,0.9999999999999888,0.5638974417001009,0.6310209631919861,0.055625,1.0
170,25,0.11209439528013006,0.05937499999999997,0.9999999999999896,0.5637391617149115,0.6313598155975342,0.059375,1.0
171,25,0.11653914067087304,0.061874999999999965,0.9999999999999899,0.5635199797898531,0.6341681480407715,0.061875,1.0
172,25,0.11653914067087304,0.061874999999999965,0.9999999999999899,0.56386144913733,0.6388757824897766,0.061875,1.0
173,25,0.11653914067087304,0.061874999999999965,0.9999999999999899,0.56364024348557,0.6352254748344421,0.061875,1.0
174,25,0.11653914067087304,0.061874999999999965,0.9999999999999899,0.5635702186450362,0.6320239305496216,0.061875,1.0
175,25,0.11653914067087304,0.061874999999999965,0.9999999999999899,0.563647891394794,0.6331230401992798,0.061875,1.0
176,25,0.11653914067087304,0.061874999999999965,0.9999999999999899,0.5636417397856712,0.6339579820632935,0.061875,1.0
177,25,0.12426729191078599,0.06624999999999996,0.9999999999999906,0.5637266859039665,0.6319155097007751,0.06625,1.0
178,25,0.12096300645907586,0.06437499999999996,0.9999999999999903,0.5638721137493848,0.6268911957740784,0.064375,1.0
179,25,0.11653914067087304,0.061874999999999965,0.9999999999999899,0.5637499919906258,0.6237142086029053,0.061875,1.0
180,25,0.11653914067087304,0.061874999999999965,0.9999999999999899,0.5636975442245603,0.6239515542984009,0.061875,1.0
181,25,0.11653914067087304,0.061874999999999965,0.9999999999999899,0.5637764295190573,0.6255593299865723,0.061875,1.0
182,25,0.11653914067087304,0.061874999999999965,0.9999999999999899,0.5640869986265897,0.621318519115448,0.061875,1.0
183,25,0.11653914067087304,0.061874999999999965,0.9999999999999899,0.5640331114456058,0.6414106488227844,0.061875,1.0
184,25,0.11653914067087304,0.061874999999999965,0.9999999999999899,0.564222629442811,0.6419399380683899,0.061875,1.0
185,25,0.10874704491715471,0.05749999999999997,0.9999999999999892,0.5641446224227548,0.6391863822937012,0.0575,1.0
186,25,0.11653914067087304,0.061874999999999965,0.9999999999999899,0.564085701033473,0.6426894664764404,0.061875,1.0
187,25,0.11653914067087304,0.061874999999999965,0.9999999999999899,0.5642933772876859,0.636820375919342,0.061875,1.0
188,25,0.11653914067087304,0.061874999999999965,0.9999999999999899,0.5642565077543259,0.6320968866348267,0.061875,1.0
189,25,0.11653914067087304,0.061874999999999965,0.9999999999999899,0.5642973819002509,0.6323841214179993,0.061875,1.0
190,25,0.11653914067087304,0.061874999999999965,0.9999999999999899,0.5639028391614557,0.6258965730667114,0.061875,1.0
191,25,0.12755997659438012,0.06812499999999996,0.9999999999999909,0.5637423318997026,0.6245327591896057,0.068125,1.0
192,25,0.12865497076011337,0.06874999999999996,0.999999999999991,0.5637493420392274,0.6250433325767517,0.06875,1.0
193,25,0.11653914067087304,0.061874999999999965,0.9999999999999899,0.5639036883413792,0.6218081116676331,0.061875,1.0
194,25,0.11653914067087304,0.061874999999999965,0.9999999999999899,0.5635602648556233,0.6169378161430359,0.061875,1.0
195,25,0.11653914067087304,0.061874999999999965,0.9999999999999899,0.5634924506396055,0.6195997595787048,0.061875,1.0
196,25,0.11653914067087304,0.061874999999999965,0.9999999999999899,0.5635017673671245,0.6189708113670349,0.061875,1.0
197,25,0.11653914067087304,0.061874999999999965,0.9999999999999899,0.5636785716935993,0.6222077012062073,0.061875,1.0
198,25,0.11653914067087304,0.061874999999999965,0.9999999999999899,0.5637277143076063,0.6238991022109985,0.061875,1.0
199,25,0.10538780343388464,0.055624999999999966,0.9999999999999888,0.5636855309456587,0.6223715543746948,0.055625,1.0
200,25,0.10762862211698851,0.05687499999999997,0.9999999999999891,0.5636459731310606,0.6235011219978333,0.056875,1.0
201,25,0.11653914067087304,0.061874999999999965,0.9999999999999899,0.5634895659610629,0.6279862523078918,0.061875,1.0
202,25,0.11653914067087304,0.061874999999999965,0.9999999999999899,0.564013691432774,0.6366407871246338,0.061875,1.0
203,25,0.11653914067087304,0.061874999999999965,0.9999999999999899,0.563801050670445,0.6350802779197693,0.061875,1.0
204,25,0.11653914067087304,0.061874999999999965,0.9999999999999899,0.5638772679120302,0.6340049505233765,0.061875,1.0
205,25,0.11653914067087304,0.061874999999999965,0.9999999999999899,0.5639383602514862,0.6359497904777527,0.061875,1.0
206,25,0.11653914067087304,0.061874999999999965,0.9999999999999899,0.5638406051695347,0.6267210245132446,0.061875,1.0
207,25,0.11653914067087304,0.061874999999999965,0.9999999999999899,0.5639061288535595,0.625683069229126,0.061875,1.0
208,25,0.11320754716970438,0.05999999999999996,0.9999999999999897,0.564002755060792,0.6264087557792664,0.06,1.0
209,25,0.11653914067087304,0.061874999999999965,0.9999999999999899,0.5638485122844576,0.6277093291282654,0.061875,1.0
210,25,0.11653914067087304,0.061874999999999965,0.9999999999999899,0.5639135228097438,0.6255654692649841,0.061875,1.0
211,25,0.11653914067087304,0.061874999999999965,0.9999999999999899,0.5639362695813179,0.6232101917266846,0.061875,1.0
212,25,0.11653914067087304,0.061874999999999965,0.9999999999999899,0.5635052436590194,0.6445475816726685,0.061875,1.0
213,25,0.11653914067087304,0.061874999999999965,0.9999999999999899,0.563481664583087,0.6457703113555908,0.061875,1.0
214,25,0.12865497076011337,0.06874999999999996,0.999999999999991,0.5635358725860715,0.647142767906189,0.06875,1.0
215,25,0.12865497076011337,0.06874999999999996,0.999999999999991,0.5634366714209318,0.6503908038139343,0.06875,1.0
216,25,0.12865497076011337,0.06874999999999996,0.999999999999991,0.5633792712911964,0.6503583192825317,0.06875,1.0
217,25,0.11653914067087304,0.061874999999999965,0.9999999999999899,0.5634779883548617,0.6465770602226257,0.061875,1.0
218,25,0.11653914067087304,0.061874999999999965,0.9999999999999899,0.5633744681999088,0.649435818195343,0.061875,1.0
219,25,0.11653914067087304,0.061874999999999965,0.9999999999999899,0.5635539098083973,0.6553903222084045,0.061875,1.0
220,25,0.118753674309118,0.06312499999999996,0.9999999999999901,0.5642151424661279,0.6658943295478821,0.063125,1.0
221,25,0.12865497076011337,0.06874999999999996,0.999999999999991,0.5643732679635286,0.663517415523529,0.06875,1.0
222,25,0.11653914067087304,0.061874999999999965,0.9999999999999899,0.5641591180860996,0.6585196852684021,0.061875,1.0
223,25,0.11653914067087304,0.061874999999999965,0.9999999999999899,0.5642843502759933,0.6547890901565552,0.061875,1.0
224,25,0.11653914067087304,0.061874999999999965,0.9999999999999899,0.564275285564363,0.6535991430282593,0.061875,1.0
225,25,0.11653914067087304,0.061874999999999965,0.9999999999999899,0.5640722161903977,0.6200156807899475,0.061875,1.0
226,25,0.11653914067087304,0.061874999999999965,0.9999999999999899,0.563937413059175,0.6230911612510681,0.061875,1.0
227,25,0.12865497076011337,0.06874999999999996,0.999999999999991,0.5639241200312972,0.6441206336021423,0.06875,1.0
228,25,0.1264637002340734,0.06749999999999996,0.9999999999999908,0.5639511958509683,0.644374430179596,0.0675,1.0
229,25,0.11653914067087304,0.061874999999999965,0.9999999999999899,0.5638874384760857,0.6449843049049377,0.061875,1.0
230,25,0.11653914067087304,0.061874999999999965,0.9999999999999899,0.5639874938875437,0.6419708132743835,0.061875,1.0
231,25,0.11653914067087304,0.061874999999999965,0.9999999999999899,0.5641160693392158,0.6404677033424377,0.061875,1.0
232,25,0.11653914067087304,0.061874999999999965,0.9999999999999899,0.564162175655365,0.640296995639801,0.061875,1.0
233,25,0.11653914067087304,0.061874999999999965,0.9999999999999899,0.5643262379989028,0.6412588953971863,0.061875,1.0
234,25,0.1264637002340734,0.06749999999999996,0.9999999999999908,0.564420632570982,0.6419525146484375,0.0675,1.0
235,25,0.11653914067087304,0.061874999999999965,0.9999999999999899,0.564614993929863,0.6308929920196533,0.061875,1.0
236,25,0.11653914067087304,0.061874999999999965,0.9999999999999899,0.5643950079753995,0.6304734945297241,0.061875,1.0
237,25,0.11653914067087304,0.061874999999999965,0.9999999999999899,0.56437943123281,0.6301299929618835,0.061875,1.0
238,25,0.11653914067087304,0.061874999999999965,0.9999999999999899,0.5644312916696071,0.6294164657592773,0.061875,1.0
239,25,0.11653914067087304,0.061874999999999965,0.9999999999999899,0.5643882718682289,0.6305559277534485,0.061875,1.0
240,25,0.11653914067087304,0.061874999999999965,0.9999999999999899,0.5644897041097283,0.6315390467643738,0.061875,1.0
241,25,0.11653914067087304,0.061874999999999965,0.9999999999999899,0.5646806460246444,0.6318212747573853,0.061875,1.0
242,25,0.10650887573954401,0.05624999999999997,0.9999999999999889,0.5647790253534913,0.634431779384613,0.05625,1.0
243,25,0.10426540284350293,0.054999999999999966,0.9999999999999887,0.5645788167789578,0.6377866864204407,0.055,1.0
244,25,0.10426540284350293,0.054999999999999966,0.9999999999999887,0.5647394335269929,0.6394885182380676,0.055,1.0
245,25,0.10426540284350293,0.054999999999999966,0.9999999999999887,0.5645335530117154,0.638603150844574,0.055,1.0
246,25,0.11653914067087304,0.061874999999999965,0.9999999999999899,0.5645156123861671,0.6337458491325378,0.061875,1.0
247,25,0.11653914067087304,0.061874999999999965,0.9999999999999899,0.5645001860707999,0.6322838068008423,0.061875,1.0
248,25,0.11653914067087304,0.061874999999999965,0.9999999999999899,0.5643215296790004,0.6310712695121765,0.061875,1.0
249,25,0.11653914067087304,0.061874999999999965,0.9999999999999899,0.5642419064417481,0.6299833655357361,0.061875,1.0
250,25,0.11653914067087304,0.061874999999999965,0.9999999999999899,0.5641384140774608,0.6256778240203857,0.061875,1.0
251,25,0.11653914067087304,0.061874999999999965,0.9999999999999899,0.5641190322861075,0.6260931491851807,0.061875,1.0
252,25,0.11653914067087304,0.061874999999999965,0.9999999999999899,0.5642286979034543,0.623727560043335,0.061875,1.0
253,25,0.11653914067087304,0.061874999999999965,0.9999999999999899,0.5643221212923527,0.6232672929763794,0.061875,1.0
254,25,0.10426540284350293,0.054999999999999966,0.9999999999999887,0.5641295659542084,0.6253095865249634,0.055,1.0
255,25,0.10426540284350293,0.054999999999999966,0.9999999999999887,0.5640455614775419,0.6229588389396667,0.055,1.0
256,25,0.1143193871536929,0.060624999999999964,0.9999999999999898,0.5640605245158077,0.6215314269065857,0.060625,1.0
257,25,0.11653914067087304,0.061874999999999965,0.9999999999999899,0.5639318361505866,0.6303763389587402,0.061875,1.0
258,25,0.11653914067087304,0.061874999999999965,0.9999999999999899,0.563873246088624,0.6294333934783936,0.061875,1.0
259,25,0.11653914067087304,0.061874999999999965,0.9999999999999899,0.5640293008461594,0.6288622617721558,0.061875,1.0
260,25,0.11653914067087304,0.061874999999999965,0.9999999999999899,0.5633049346879124,0.6311489343643188,0.061875,1.0
261,25,0.11653914067087304,0.061874999999999965,0.9999999999999899,0.5633881702274084,0.63109290599823,0.061875,1.0
262,25,0.11653914067087304,0.061874999999999965,0.9999999999999899,0.5634683870151639,0.628622829914093,0.061875,1.0
263,25,0.11653914067087304,0.061874999999999965,0.9999999999999899,0.5635354440659285,0.6276136040687561,0.061875,1.0
264,25,0.10650887573954401,0.05624999999999997,0.9999999999999889,0.5636317504569888,0.6300449371337891,0.05625,1.0
265,25,0.10426540284350293,0.054999999999999966,0.9999999999999887,0.5636018023639917,0.6292622089385986,0.055,1.0
266,25,0.10426540284350293,0.054999999999999966,0.9999999999999887,0.5635681937262416,0.627570390701294,0.055,1.0
267,25,0.11542991754995,0.061249999999999964,0.9999999999999899,0.5635091261938214,0.6262858510017395,0.06125,1.0
268,25,0.11653914067087304,0.061874999999999965,0.9999999999999899,0.5642085951566697,0.6334269046783447,0.061875,1.0
269,25,0.11653914067087304,0.061874999999999965,0.9999999999999899,0.5640671838819981,0.6311953067779541,0.061875,1.0
270,25,0.11653914067087304,0.061874999999999965,0.9999999999999899,0.5641965308040381,0.6337076425552368,0.061875,1.0
271,25,0.11653914067087304,0.061874999999999965,0.9999999999999899,0.5642226702347398,0.6310493350028992,0.061875,1.0
272,25,0.11653914067087304,0.061874999999999965,0.9999999999999899,0.5642394440993667,0.6293124556541443,0.061875,1.0
273,25,0.11653914067087304,0.061874999999999965,0.9999999999999899,0.5643977190554142,0.6299595832824707,0.061875,1.0
274,25,0.11653914067087304,0.061874999999999965,0.9999999999999899,0.5644995762780308,0.6265698671340942,0.061875,1.0
275,25,0.11764705882341854,0.062499999999999965,0.99999999999999,0.5646170105412602,0.6215409636497498,0.0625,1.0
276,25,0.11653914067087304,0.061874999999999965,0.9999999999999899,0.5643694529309868,0.6336488723754883,0.061875,1.0
277,25,0.11653914067087304,0.061874999999999965,0.9999999999999899,0.56454360678792,0.6371118426322937,0.061875,1.0
278,25,0.11653914067087304,0.061874999999999965,0.9999999999999899,0.5644180946424604,0.6372037529945374,0.061875,1.0
279,25,0.11653914067087304,0.061874999999999965,0.9999999999999899,0.5643659919127821,0.6385654211044312,0.061875,1.0
280,25,0.11653914067087304,0.061874999999999965,0.9999999999999899,0.5643842760846018,0.6403891444206238,0.061875,1.0
281,25,0.12206572769941575,0.06499999999999996,0.9999999999999905,0.5641960213705898,0.6406973600387573,0.065,1.0
282,25,0.12865497076011337,0.06874999999999996,0.999999999999991,0.5641623617708683,0.6294341087341309,0.06875,1.0
283,25,0.12865497076011337,0.06874999999999996,0.999999999999991,0.5639976935088634,0.649842381477356,0.06875,1.0
284,25,0.12865497076011337,0.06874999999999996,0.999999999999991,0.5640969425439835,0.6425028443336487,0.06875,1.0
285,25,0.12206572769941575,0.06499999999999996,0.9999999999999905,0.5641436021402478,0.6378836631774902,0.065,1.0
286,25,0.11653914067087304,0.061874999999999965,0.9999999999999899,0.5638835299760103,0.6393495798110962,0.061875,1.0
287,25,0.11653914067087304,0.061874999999999965,0.9999999999999899,0.5639604371041059,0.6431727409362793,0.061875,1.0
288,25,0.11653914067087304,0.061874999999999965,0.9999999999999899,0.5640301631391048,0.6411590576171875,0.061875,1.0
289,25,0.11653914067087304,0.061874999999999965,0.9999999999999899,0.5639880272746086,0.6401691436767578,0.061875,1.0
290,25,0.12865497076011337,0.06874999999999996,0.999999999999991,0.5638821367546916,0.6421490907669067,0.06875,1.0
291,25,0.11653914067087304,0.061874999999999965,0.9999999999999899,0.5639728336781263,0.6438354253768921,0.061875,1.0
292,25,0.11653914067087304,0.061874999999999965,0.9999999999999899,0.5639809462428093,0.6318615674972534,0.061875,1.0
293,25,0.11653914067087304,0.061874999999999965,0.9999999999999899,0.564006641022861,0.633537769317627,0.061875,1.0
294,25,0.11653914067087304,0.061874999999999965,0.9999999999999899,0.5639369050040841,0.6334508061408997,0.061875,1.0
295,25,0.11653914067087304,0.061874999999999965,0.9999999999999899,0.5638202149793505,0.6334912776947021,0.061875,1.0
296,25,0.11653914067087304,0.061874999999999965,0.9999999999999899,0.5637352032959462,0.6345376372337341,0.061875,1.0
297,25,0.11653914067087304,0.061874999999999965,0.9999999999999899,0.5637533064186573,0.6296093463897705,0.061875,1.0
298,25,0.10426540284350293,0.054999999999999966,0.9999999999999887,0.5636517149582505,0.6307942271232605,0.055,1.0
299,25,0.10426540284350293,0.054999999999999966,0.9999999999999887,0.5635552405565977,0.6333942413330078,0.055,1.0
300,25,0.11653914067087304,0.061874999999999965,0.9999999999999899,0.5634588655084372,0.6354533433914185,0.061875,1.0
301,25,0.11653914067087304,0.061874999999999965,0.9999999999999899,0.5634310582280159,0.630317747592926,0.061875,1.0
302,25,0.11653914067087304,0.061874999999999965,0.9999999999999899,0.5631596937403083,0.6245267987251282,0.061875,1.0
303,25,0.11653914067087304,0.061874999999999965,0.9999999999999899,0.5632673868164421,0.6228656768798828,0.061875,1.0
304,25,0.11653914067087304,0.061874999999999965,0.9999999999999899,0.5634103195369243,0.6235924363136292,0.061875,1.0
305,25,0.11653914067087304,0.061874999999999965,0.9999999999999899,0.5634090896695853,0.6258670687675476,0.061875,1.0
306,25,0.11653914067087304,0.061874999999999965,0.9999999999999899,0.5633760335668921,0.6240630745887756,0.061875,1.0
307,25,0.12206572769941575,0.06499999999999996,0.9999999999999905,0.5633690785989165,0.6262200474739075,0.065,1.0
308,25,0.11653914067087304,0.061874999999999965,0.9999999999999899,0.5632803043350577,0.634006917476654,0.061875,1.0
309,25,0.11653914067087304,0.061874999999999965,0.9999999999999899,0.5631480042636394,0.6346064805984497,0.061875,1.0
310,25,0.12865497076011337,0.06874999999999996,0.999999999999991,0.5635116438940168,0.6351751089096069,0.06875,1.0
311,25,0.12865497076011337,0.06874999999999996,0.999999999999991,0.563654503673315,0.6385823488235474,0.06875,1.0
312,25,0.12865497076011337,0.06874999999999996,0.999999999999991,0.5634863382577896,0.6379907131195068,0.06875,1.0
313,25,0.12865497076011337,0.06874999999999996,0.999999999999991,0.5635082145780325,0.6335644721984863,0.06875,1.0
314,25,0.12865497076011337,0.06874999999999996,0.999999999999991,0.5638323301821947,0.6323056221008301,0.06875,1.0
315,25,0.1231671554251042,0.06562499999999996,0.9999999999999906,0.5639373916387558,0.6330178380012512,0.065625,1.0
316,25,0.11653914067087304,0.061874999999999965,0.9999999999999899,0.5641741326078773,0.6399961709976196,0.061875,1.0
317,25,0.11653914067087304,0.061874999999999965,0.9999999999999899,0.5643404018133878,0.6418741941452026,0.061875,1.0
318,25,0.10426540284350293,0.054999999999999966,0.9999999999999887,0.5643343104794621,0.6431071758270264,0.055,1.0
319,25,0.11653914067087304,0.061874999999999965,0.9999999999999899,0.5641030884161592,0.6433026194572449,0.061875,1.0
320,25,0.11653914067087304,0.061874999999999965,0.9999999999999899,0.5642251740023494,0.643944263458252,0.061875,1.0
321,25,0.11653914067087304,0.061874999999999965,0.9999999999999899,0.5642360233142972,0.6453413963317871,0.061875,1.0
322,25,0.11653914067087304,0.061874999999999965,0.9999999999999899,0.5640570036694408,0.6474766731262207,0.061875,1.0
323,25,0.11653914067087304,0.061874999999999965,0.9999999999999899,0.5640302060544491,0.6319883465766907,0.061875,1.0
324,25,0.11653914067087304,0.061874999999999965,0.9999999999999899,0.5639044700935483,0.6326580047607422,0.061875,1.0
325,25,0.11653914067087304,0.061874999999999965,0.9999999999999899,0.5635888919234275,0.6324067115783691,0.061875,1.0
326,25,0.12865497076011337,0.06874999999999996,0.999999999999991,0.5634117409959436,0.6251716613769531,0.06875,1.0
327,25,0.11653914067087304,0.061874999999999965,0.9999999999999899,0.5634435147419572,0.625808835029602,0.061875,1.0
328,25,0.11653914067087304,0.061874999999999965,0.9999999999999899,0.5634473723173141,0.6271162629127502,0.061875,1.0
329,25,0.11653914067087304,0.061874999999999965,0.9999999999999899,0.5632311354205012,0.6227681040763855,0.061875,1.0
330,25,0.11653914067087304,0.061874999999999965,0.9999999999999899,0.5633098935708404,0.6252059936523438,0.061875,1.0
331,25,0.11653914067087304,0.061874999999999965,0.9999999999999899,0.563424416333437,0.6234288215637207,0.061875,1.0
332,25,0.11653914067087304,0.061874999999999965,0.9999999999999899,0.5634472720324993,0.6236007809638977,0.061875,1.0
333,25,0.11653914067087304,0.061874999999999965,0.9999999999999899,0.563531679213047,0.6230447888374329,0.061875,1.0
334,25,0.10426540284350293,0.054999999999999966,0.9999999999999887,0.5634867152571679,0.6227523684501648,0.055,1.0
335,25,0.11653914067087304,0.061874999999999965,0.9999999999999899,0.5639098837226629,0.6197636127471924,0.061875,1.0
336,25,0.11653914067087304,0.061874999999999965,0.9999999999999899,0.563971443399787,0.6181233525276184,0.061875,1.0
337,25,0.11653914067087304,0.061874999999999965,0.9999999999999899,0.5641688834503293,0.6223451495170593,0.061875,1.0
338,25,0.11985898942409398,0.06374999999999996,0.9999999999999902,0.5638628116250038,0.6222366690635681,0.06375,1.0
339,25,0.12865497076011337,0.06874999999999996,0.999999999999991,0.5637370134517551,0.6222677826881409,0.06875,1.0
340,25,0.12865497076011337,0.06874999999999996,0.999999999999991,0.5636957249045372,0.6204627752304077,0.06875,1.0
341,25,0.12865497076011337,0.06874999999999996,0.999999999999991,0.5635825983807444,0.6213080286979675,0.06875,1.0
342,25,0.12865497076011337,0.06874999999999996,0.999999999999991,0.5635686265304685,0.621738612651825,0.06875,1.0
343,25,0.11653914067087304,0.061874999999999965,0.9999999999999899,0.5631892094388604,0.6242080330848694,0.061875,1.0
344,25,0.11653914067087304,0.061874999999999965,0.9999999999999899,0.5630777223780751,0.6261605024337769,0.061875,1.0
345,25,0.11653914067087304,0.061874999999999965,0.9999999999999899,0.5629675852134823,0.6260803937911987,0.061875,1.0
346,25,0.1253661394257757,0.06687499999999996,0.9999999999999907,0.5631264350563288,0.6262697577476501,0.066875,1.0
347,25,0.11653914067087304,0.061874999999999965,0.9999999999999899,0.5630754794180394,0.6232638359069824,0.061875,1.0
348,25,0.11653914067087304,0.061874999999999965,0.9999999999999899,0.5630786218494177,0.6205626130104065,0.061875,1.0
349,25,0.11653914067087304,0.061874999999999965,0.9999999999999899,0.5630668561533093,0.6192072033882141,0.061875,1.0
350,25,0.11653914067087304,0.061874999999999965,0.9999999999999899,0.5632739190012217,0.6165602207183838,0.061875,1.0
351,25,0.11653914067087304,0.061874999999999965,0.9999999999999899,0.563341069445014,0.6235193014144897,0.061875,1.0
352,25,0.12865497076011337,0.06874999999999996,0.999999999999991,0.5632477402314544,0.6234316825866699,0.06875,1.0
353,25,0.12865497076011337,0.06874999999999996,0.999999999999991,0.5633937649428844,0.623633086681366,0.06875,1.0
354,25,0.11653914067087304,0.061874999999999965,0.9999999999999899,0.5633512170240284,0.6226412653923035,0.061875,1.0
355,25,0.11653914067087304,0.061874999999999965,0.9999999999999899,0.5634922628477216,0.6266295909881592,0.061875,1.0
356,25,0.11653914067087304,0.061874999999999965,0.9999999999999899,0.5635676970332861,0.6270611882209778,0.061875,1.0
357,25,0.11653914067087304,0.061874999999999965,0.9999999999999899,0.5635299836471677,0.6277575492858887,0.061875,1.0
358,25,0.11653914067087304,0.061874999999999965,0.9999999999999899,0.5634035678580404,0.6283299326896667,0.061875,1.0
359,25,0.11653914067087304,0.061874999999999965,0.9999999999999899,0.5633629406243563,0.6241075992584229,0.061875,1.0
360,25,0.11653914067087304,0.061874999999999965,0.9999999999999899,0.5637764815986156,0.6238279938697815,0.061875,1.0
361,25,0.11653914067087304,0.061874999999999965,0.9999999999999899,0.563677130267024,0.6247883439064026,0.061875,1.0
362,25,0.11653914067087304,0.061874999999999965,0.9999999999999899,0.5638922400027514,0.6258559823036194,0.061875,1.0
363,25,0.11653914067087304,0.061874999999999965,0.9999999999999899,0.5637848675996066,0.626133382320404,0.061875,1.0
364,25,0.11653914067087304,0.061874999999999965,0.9999999999999899,0.5638480634614825,0.6267051696777344,0.061875,1.0
365,25,0.11653914067087304,0.061874999999999965,0.9999999999999899,0.56410440903157,0.6281962394714355,0.061875,1.0
366,25,0.1231671554251042,0.06562499999999996,0.9999999999999906,0.5641582895070314,0.6310769319534302,0.065625,1.0
367,25,0.12865497076011337,0.06874999999999996,0.999999999999991,0.5640754121914506,0.6332066655158997,0.06875,1.0
368,25,0.11653914067087304,0.061874999999999965,0.9999999999999899,0.563830008469522,0.6333982944488525,0.061875,1.0
369,25,0.11653914067087304,0.061874999999999965,0.9999999999999899,0.5637254862114787,0.6341382265090942,0.061875,1.0
370,25,0.11653914067087304,0.061874999999999965,0.9999999999999899,0.5635277455300093,0.6360048651695251,0.061875,1.0
371,25,0.11653914067087304,0.061874999999999965,0.9999999999999899,0.5635068432986736,0.6354510188102722,0.061875,1.0
372,25,0.11653914067087304,0.061874999999999965,0.9999999999999899,0.5635367889329791,0.6329298615455627,0.061875,1.0
373,25,0.11653914067087304,0.061874999999999965,0.9999999999999899,0.5634748497605324,0.6315066814422607,0.061875,1.0
374,25,0.11653914067087304,0.061874999999999965,0.9999999999999899,0.5635539635270834,0.6245087385177612,0.061875,1.0
375,25,0.11653914067087304,0.061874999999999965,0.9999999999999899,0.5634998144209384,0.6251974701881409,0.061875,1.0
376,25,0.11653914067087304,0.061874999999999965,0.9999999999999899,0.5638536024093628,0.6265705227851868,0.061875,1.0
377,25,0.11653914067087304,0.061874999999999965,0.9999999999999899,0.5637923108041286,0.6252158880233765,0.061875,1.0
378,25,0.11653914067087304,0.061874999999999965,0.9999999999999899,0.5638662032037973,0.6248959302902222,0.061875,1.0
379,25,0.11653914067087304,0.061874999999999965,0.9999999999999899,0.5639162966236472,0.6266229748725891,0.061875,1.0
380,25,0.11653914067087304,0.061874999999999965,0.9999999999999899,0.5639527652040124,0.6232499480247498,0.061875,1.0
381,25,0.11653914067087304,0.061874999999999965,0.9999999999999899,0.5639619976654648,0.6216259598731995,0.061875,1.0
382,25,0.10426540284350293,0.054999999999999966,0.9999999999999887,0.563962375447154,0.622378408908844,0.055,1.0
383,25,0.10874704491715471,0.05749999999999997,0.9999999999999892,0.5638779236748814,0.6230438947677612,0.0575,1.0
384,25,0.11653914067087304,0.061874999999999965,0.9999999999999899,0.5636842964589596,0.6223398447036743,0.061875,1.0
385,25,0.11653914067087304,0.061874999999999965,0.9999999999999899,0.5640092419087886,0.6240764856338501,0.061875,1.0
386,25,0.11653914067087304,0.061874999999999965,0.9999999999999899,0.5637703334912658,0.6228541135787964,0.061875,1.0
387,25,0.11653914067087304,0.061874999999999965,0.9999999999999899,0.5634741032868624,0.618789792060852,0.061875,1.0
388,25,0.11653914067087304,0.061874999999999965,0.9999999999999899,0.5636375550925732,0.618188738822937,0.061875,1.0
389,25,0.11653914067087304,0.061874999999999965,0.9999999999999899,0.563782521225512,0.6246060729026794,0.061875,1.0
390,25,0.11653914067087304,0.061874999999999965,0.9999999999999899,0.5637867451831698,0.6236220002174377,0.061875,1.0
391,25,0.11542991754995,0.061249999999999964,0.9999999999999899,0.5636798556521535,0.6240423321723938,0.06125,1.0
392,25,0.11653914067087304,0.061874999999999965,0.9999999999999899,0.5637623517587781,0.6247749328613281,0.061875,1.0
393,25,0.11653914067087304,0.061874999999999965,0.9999999999999899,0.563697323128581,0.6244867444038391,0.061875,1.0
394,25,0.11653914067087304,0.061874999999999965,0.9999999999999899,0.5638317969813943,0.6255874037742615,0.061875,1.0
395,25,0.11653914067087304,0.061874999999999965,0.9999999999999899,0.5641461715102196,0.6302985548973083,0.061875,1.0
396,25,0.11653914067087304,0.061874999999999965,0.9999999999999899,0.5641005057469011,0.6296563744544983,0.061875,1.0
397,25,0.11653914067087304,0.061874999999999965,0.9999999999999899,0.5639572846516967,0.6304712295532227,0.061875,1.0
398,25,0.11653914067087304,0.061874999999999965,0.9999999999999899,0.5640070777758956,0.6209853291511536,0.061875,1.0
399,25,0.11320754716970438,0.05999999999999996,0.9999999999999897,0.5641477070748806,0.6215016841888428,0.06,1.0
400,25,0.11653914067087304,0.061874999999999965,0.9999999999999899,0.5640076531469822,0.6185591816902161,0.061875,1.0
401,25,0.11653914067087304,0.061874999999999965,0.9999999999999899,0.5637214339151978,0.6310778260231018,0.061875,1.0
402,25,0.11653914067087304,0.061874999999999965,0.9999999999999899,0.563808052688837,0.6293689012527466,0.061875,1.0
403,25,0.11653914067087304,0.061874999999999965,0.9999999999999899,0.5638689808920025,0.627231776714325,0.061875,1.0
404,25,0.11653914067087304,0.061874999999999965,0.9999999999999899,0.5638225851580501,0.631505012512207,0.061875,1.0
405,25,0.11653914067087304,0.061874999999999965,0.9999999999999899,0.5638776129484177,0.6317093968391418,0.061875,1.0
406,25,0.11653914067087304,0.061874999999999965,0.9999999999999899,0.5638686690106988,0.6313846111297607,0.061875,1.0
407,25,0.11653914067087304,0.061874999999999965,0.9999999999999899,0.5639689606428147,0.6297851800918579,0.061875,1.0
408,25,0.10426540284350293,0.054999999999999966,0.9999999999999887,0.5642104679718614,0.6310810446739197,0.055,1.0
409,25,0.10426540284350293,0.054999999999999966,0.9999999999999887,0.5642703673243523,0.6390514969825745,0.055,1.0
410,25,0.10426540284350293,0.054999999999999966,0.9999999999999887,0.564416136406362,0.6437810063362122,0.055,1.0
411,25,0.11320754716970438,0.05999999999999996,0.9999999999999897,0.5643898702412844,0.6454876065254211,0.06,1.0
412,25,0.11653914067087304,0.061874999999999965,0.9999999999999899,0.5646006673946977,0.6316629648208618,0.061875,1.0
413,25,0.11653914067087304,0.061874999999999965,0.9999999999999899,0.5645486347004771,0.6308905482292175,0.061875,1.0
414,25,0.11653914067087304,0.061874999999999965,0.9999999999999899,0.5646468945220113,0.6314079165458679,0.061875,1.0
415,25,0.11653914067087304,0.061874999999999965,0.9999999999999899,0.5646791756153107,0.6334159970283508,0.061875,1.0
416,25,0.11653914067087304,0.061874999999999965,0.9999999999999899,0.5647383330389857,0.6349086165428162,0.061875,1.0
417,25,0.11653914067087304,0.061874999999999965,0.9999999999999899,0.5647052393853664,0.6349223256111145,0.061875,1.0
418,25,0.11653914067087304,0.061874999999999965,0.9999999999999899,0.5646088663116098,0.634199321269989,0.061875,1.0
419,25,0.10762862211698851,0.05687499999999997,0.9999999999999891,0.5646503060683608,0.6366828083992004,0.056875,1.0
420,25,0.10426540284350293,0.054999999999999966,0.9999999999999887,0.5645118213072419,0.6221449375152588,0.055,1.0
421,25,0.11653914067087304,0.061874999999999965,0.9999999999999899,0.5646009835228324,0.6227783560752869,0.061875,1.0
422,25,0.11653914067087304,0.061874999999999965,0.9999999999999899,0.5642781203985214,0.6389634013175964,0.061875,1.0
423,25,0.10426540284350293,0.054999999999999966,0.9999999999999887,0.5641064474359154,0.667631983757019,0.055,1.0
424,25,0.10426540284350293,0.054999999999999966,0.9999999999999887,0.5640327021479606,0.656094491481781,0.055,1.0
425,25,0.10426540284350293,0.054999999999999966,0.9999999999999887,0.5639866863936186,0.6473288536071777,0.055,1.0
426,25,0.11320754716970438,0.05999999999999996,0.9999999999999897,0.5638038071990014,0.6433374285697937,0.06,1.0
427,25,0.11653914067087304,0.061874999999999965,0.9999999999999899,0.5637893303856254,0.6339349746704102,0.061875,1.0
428,25,0.11653914067087304,0.061874999999999965,0.9999999999999899,0.5637686422467232,0.6317377090454102,0.061875,1.0
429,25,0.11653914067087304,0.061874999999999965,0.9999999999999899,0.5637527874857188,0.6305079460144043,0.061875,1.0
430,25,0.11653914067087304,0.061874999999999965,0.9999999999999899,0.5637768772989511,0.6306909322738647,0.061875,1.0
431,25,0.11653914067087304,0.061874999999999965,0.9999999999999899,0.5638446552306413,0.6312330961227417,0.061875,1.0
432,25,0.11653914067087304,0.061874999999999965,0.9999999999999899,0.5638618168979883,0.6339704990386963,0.061875,1.0
433,25,0.11653914067087304,0.061874999999999965,0.9999999999999899,0.5639771554991603,0.6378165483474731,0.061875,1.0
434,25,0.10762862211698851,0.05687499999999997,0.9999999999999891,0.5640343706682325,0.6396840214729309,0.056875,1.0
435,25,0.10426540284350293,0.054999999999999966,0.9999999999999887,0.5640540304034949,0.6419429779052734,0.055,1.0
436,25,0.11653914067087304,0.061874999999999965,0.9999999999999899,0.564164385534823,0.624468982219696,0.061875,1.0
437,25,0.11653914067087304,0.061874999999999965,0.9999999999999899,0.5643821549415589,0.6170105934143066,0.061875,1.0
438,25,0.11653914067087304,0.061874999999999965,0.9999999999999899,0.564299247674644,0.6175671219825745,0.061875,1.0
439,25,0.11653914067087304,0.061874999999999965,0.9999999999999899,0.5642386618256569,0.6189124584197998,0.061875,1.0
440,25,0.11653914067087304,0.061874999999999965,0.9999999999999899,0.5641243135929108,0.6177271008491516,0.061875,1.0
441,25,0.11653914067087304,0.061874999999999965,0.9999999999999899,0.564201882854104,0.6178154945373535,0.061875,1.0
442,25,0.12865497076011337,0.06874999999999996,0.999999999999991,0.5644205456972122,0.619746208190918,0.06875,1.0
443,25,0.12865497076011337,0.06874999999999996,0.999999999999991,0.5639588787779212,0.6128522157669067,0.06875,1.0
444,25,0.11653914067087304,0.061874999999999965,0.9999999999999899,0.5637916399538517,0.6197537183761597,0.061875,1.0
445,25,0.11653914067087304,0.061874999999999965,0.9999999999999899,0.5636249447241426,0.6283778548240662,0.061875,1.0
446,25,0.11653914067087304,0.061874999999999965,0.9999999999999899,0.563538389801979,0.6294331550598145,0.061875,1.0
447,25,0.12865497076011337,0.06874999999999996,0.999999999999991,0.5633393314480781,0.6252694725990295,0.06875,1.0
448,25,0.12865497076011337,0.06874999999999996,0.999999999999991,0.5633411018550396,0.6204036474227905,0.06875,1.0
449,25,0.12865497076011337,0.06874999999999996,0.999999999999991,0.5633386028558016,0.6176920533180237,0.06875,1.0
450,25,0.11653914067087304,0.061874999999999965,0.9999999999999899,0.5633413971588016,0.6172565817832947,0.061875,1.0
451,25,0.11653914067087304,0.061874999999999965,0.9999999999999899,0.5634101261198521,0.6216757893562317,0.061875,1.0
452,25,0.12865497076011337,0.06874999999999996,0.999999999999991,0.5632383355870842,0.6245535612106323,0.06875,1.0
453,25,0.12865497076011337,0.06874999999999996,0.999999999999991,0.5632969695702195,0.6173907518386841,0.06875,1.0
454,25,0.12865497076011337,0.06874999999999996,0.999999999999991,0.5633906617388129,0.6156405806541443,0.06875,1.0
455,25,0.11653914067087304,0.061874999999999965,0.9999999999999899,0.5635109214112163,0.6176936030387878,0.061875,1.0
456,25,0.11653914067087304,0.061874999999999965,0.9999999999999899,0.5633727004379034,0.6222388744354248,0.061875,1.0
457,25,0.11653914067087304,0.061874999999999965,0.9999999999999899,0.5633802990615367,0.6237816214561462,0.061875,1.0
458,25,0.11653914067087304,0.061874999999999965,0.9999999999999899,0.5632471568509936,0.6251161098480225,0.061875,1.0
459,25,0.11653914067087304,0.061874999999999965,0.9999999999999899,0.5631707483157515,0.624573290348053,0.061875,1.0
460,25,0.11653914067087304,0.061874999999999965,0.9999999999999899,0.5632936505973339,0.6237622499465942,0.061875,1.0
461,25,0.11653914067087304,0.061874999999999965,0.9999999999999899,0.5631716597452759,0.6114716529846191,0.061875,1.0
462,25,0.11653914067087304,0.061874999999999965,0.9999999999999899,0.5631468576565385,0.61418217420578,0.061875,1.0
463,25,0.11653914067087304,0.061874999999999965,0.9999999999999899,0.5632136099040508,0.6135664582252502,0.061875,1.0
464,25,0.11653914067087304,0.061874999999999965,0.9999999999999899,0.5632991907000542,0.6142600774765015,0.061875,1.0
465,25,0.11653914067087304,0.061874999999999965,0.9999999999999899,0.5633486364036798,0.6160699725151062,0.061875,1.0
466,25,0.11653914067087304,0.061874999999999965,0.9999999999999899,0.5633305468782782,0.6145296096801758,0.061875,1.0
467,25,0.12865497076011337,0.06874999999999996,0.999999999999991,0.5632082834094763,0.6142926812171936,0.06875,1.0
468,25,0.11653914067087304,0.061874999999999965,0.9999999999999899,0.5633916088938713,0.6135464310646057,0.061875,1.0
469,25,0.11653914067087304,0.061874999999999965,0.9999999999999899,0.5635580808669328,0.6163421273231506,0.061875,1.0
470,25,0.11653914067087304,0.061874999999999965,0.9999999999999899,0.5635288924723864,0.6158664226531982,0.061875,1.0
471,25,0.11653914067087304,0.061874999999999965,0.9999999999999899,0.5635621036216617,0.6149080991744995,0.061875,1.0
472,25,0.1264637002340734,0.06749999999999996,0.9999999999999908,0.5633792763575911,0.613770604133606,0.0675,1.0
473,25,0.12865497076011337,0.06874999999999996,0.999999999999991,0.5633288379013538,0.6268929839134216,0.06875,1.0
474,25,0.12865497076011337,0.06874999999999996,0.999999999999991,0.5633034655079245,0.6223103404045105,0.06875,1.0
475,25,0.11653914067087304,0.061874999999999965,0.9999999999999899,0.563616463392973,0.6298852562904358,0.061875,1.0
476,25,0.11653914067087304,0.061874999999999965,0.9999999999999899,0.5634999214112759,0.6314562559127808,0.061875,1.0
477,25,0.11653914067087304,0.061874999999999965,0.9999999999999899,0.5633700755611062,0.6315557956695557,0.061875,1.0
478,25,0.11653914067087304,0.061874999999999965,0.9999999999999899,0.5634315728768706,0.6315828561782837,0.061875,1.0
479,25,0.11653914067087304,0.061874999999999965,0.9999999999999899,0.563471417427063,0.6332546472549438,0.061875,1.0
480,25,0.1098641464854247,0.05812499999999997,0.9999999999999893,0.5635747983679176,0.6333237290382385,0.058125,1.0
481,25,0.11653914067087304,0.061874999999999965,0.9999999999999899,0.5635231590270996,0.640640914440155,0.061875,1.0
482,25,0.11653914067087304,0.061874999999999965,0.9999999999999899,0.5640458630025387,0.6463925838470459,0.061875,1.0
483,25,0.11653914067087304,0.061874999999999965,0.9999999999999899,0.5641498145461082,0.6303349137306213,0.061875,1.0
484,25,0.11653914067087304,0.061874999999999965,0.9999999999999899,0.5641444656997919,0.6298779249191284,0.061875,1.0
485,25,0.11653914067087304,0.061874999999999965,0.9999999999999899,0.5641190680861473,0.6303532719612122,0.061875,1.0
486,25,0.12865497076011337,0.06874999999999996,0.999999999999991,0.5641059543937444,0.6300575733184814,0.06875,1.0
487,25,0.12865497076011337,0.06874999999999996,0.999999999999991,0.5640202221274376,0.6277532577514648,0.06875,1.0
488,25,0.1253661394257757,0.06687499999999996,0.9999999999999907,0.5640877612680196,0.6274667382240295,0.066875,1.0
489,25,0.11653914067087304,0.061874999999999965,0.9999999999999899,0.5640703869983554,0.6271930932998657,0.061875,1.0
490,25,0.11653914067087304,0.061874999999999965,0.9999999999999899,0.5640393786504865,0.6293585896492004,0.061875,1.0
491,25,0.12865497076011337,0.06874999999999996,0.999999999999991,0.5641021721437574,0.6294485330581665,0.06875,1.0
492,25,0.12865497076011337,0.06874999999999996,0.999999999999991,0.5639948786050081,0.6295974850654602,0.06875,1.0
493,25,0.12865497076011337,0.06874999999999996,0.999999999999991,0.5640915985777974,0.6288285851478577,0.06875,1.0
494,25,0.11653914067087304,0.061874999999999965,0.9999999999999899,0.5639950927719474,0.6295051574707031,0.061875,1.0
495,25,0.11653914067087304,0.061874999999999965,0.9999999999999899,0.5640322303771973,0.631310760974884,0.061875,1.0
496,25,0.11653914067087304,0.061874999999999965,0.9999999999999899,0.5641377708315849,0.6304948925971985,0.061875,1.0
497,25,0.11653914067087304,0.061874999999999965,0.9999999999999899,0.5640185063332319,0.6196824312210083,0.061875,1.0
498,25,0.12865497076011337,0.06874999999999996,0.999999999999991,0.5638885475322604,0.6183575987815857,0.06875,1.0
499,25,0.11653914067087304,0.061874999999999965,0.9999999999999899,0.5636697516590357,0.6154265403747559,0.061875,1.0
500,25,0.11653914067087304,0.061874999999999965,0.9999999999999899,0.5637002031877637,0.6194624900817871,0.061875,1.0
501,25,0.11653914067087304,0.061874999999999965,0.9999999999999899,0.5638002452254295,0.6259124279022217,0.061875,1.0
502,25,0.11653914067087304,0.061874999999999965,0.9999999999999899,0.5638330694660545,0.63051837682724,0.061875,1.0
503,25,0.11653914067087304,0.061874999999999965,0.9999999999999899,0.5638592718169093,0.6308075189590454,0.061875,1.0
504,25,0.11653914067087304,0.061874999999999965,0.9999999999999899,0.5638675907999278,0.6311138868331909,0.061875,1.0
505,25,0.11653914067087304,0.061874999999999965,0.9999999999999899,0.5640238219499588,0.6291379332542419,0.061875,1.0
506,25,0.11653914067087304,0.061874999999999965,0.9999999999999899,0.564136062823236,0.6293749809265137,0.061875,1.0
507,25,0.11653914067087304,0.061874999999999965,0.9999999999999899,0.5643187499046326,0.6334670782089233,0.061875,1.0
508,25,0.11653914067087304,0.061874999999999965,0.9999999999999899,0.5642199897021055,0.6325145363807678,0.061875,1.0
509,25,0.11653914067087304,0.061874999999999965,0.9999999999999899,0.5642221989110112,0.6333493590354919,0.061875,1.0
510,25,0.11653914067087304,0.061874999999999965,0.9999999999999899,0.5644314716011286,0.6325684189796448,0.061875,1.0
511,25,0.11653914067087304,0.061874999999999965,0.9999999999999899,0.5643814054131507,0.632008969783783,0.061875,1.0
512,25,0.12865497076011337,0.06874999999999996,0.999999999999991,0.564308508336544,0.6249017715454102,0.06875,1.0
513,25,0.12865497076011337,0.06874999999999996,0.999999999999991,0.5641338668391108,0.6219674348831177,0.06875,1.0
514,25,0.11653914067087304,0.061874999999999965,0.9999999999999899,0.5643510666117072,0.6226048469543457,0.061875,1.0
515,25,0.11653914067087304,0.061874999999999965,0.9999999999999899,0.5643145227432251,0.6229512691497803,0.061875,1.0
516,25,0.11653914067087304,0.061874999999999965,0.9999999999999899,0.5643024887517094,0.6226144433021545,0.061875,1.0
517,25,0.12865497076011337,0.06874999999999996,0.999999999999991,0.5643378591164947,0.621636152267456,0.06875,1.0
518,25,0.12865497076011337,0.06874999999999996,0.999999999999991,0.5641518036648631,0.6194879412651062,0.06875,1.0
519,25,0.12865497076011337,0.06874999999999996,0.999999999999991,0.5642311708629131,0.6178295612335205,0.06875,1.0
520,25,0.11653914067087304,0.061874999999999965,0.9999999999999899,0.5642336652055383,0.6221212148666382,0.061875,1.0
521,25,0.12865497076011337,0.06874999999999996,0.999999999999991,0.5643152991682291,0.6287737488746643,0.06875,1.0
522,25,0.12865497076011337,0.06874999999999996,0.999999999999991,0.5638396586105228,0.6206251382827759,0.06875,1.0
523,25,0.12865497076011337,0.06874999999999996,0.999999999999991,0.5637424676865339,0.6262565851211548,0.06875,1.0
524,25,0.12865497076011337,0.06874999999999996,0.999999999999991,0.5638360584527254,0.6255319118499756,0.06875,1.0
525,25,0.11653914067087304,0.061874999999999965,0.9999999999999899,0.5635998699069024,0.6263141632080078,0.061875,1.0
526,25,0.12865497076011337,0.06874999999999996,0.999999999999991,0.5636602345481515,0.6298039555549622,0.06875,1.0
527,25,0.12865497076011337,0.06874999999999996,0.999999999999991,0.5636231656372547,0.6280897855758667,0.06875,1.0
528,25,0.12865497076011337,0.06874999999999996,0.999999999999991,0.5636470795050263,0.6276000142097473,0.06875,1.0
529,25,0.11653914067087304,0.061874999999999965,0.9999999999999899,0.5637336840108037,0.6278857588768005,0.061875,1.0
530,25,0.11653914067087304,0.061874999999999965,0.9999999999999899,0.5639301097765564,0.6325186491012573,0.061875,1.0
531,25,0.12865497076011337,0.06874999999999996,0.999999999999991,0.5639034719392657,0.6365801692008972,0.06875,1.0
532,25,0.12865497076011337,0.06874999999999996,0.999999999999991,0.5638858541473746,0.6227171421051025,0.06875,1.0
533,25,0.12865497076011337,0.06874999999999996,0.999999999999991,0.5639864848554135,0.6413311958312988,0.06875,1.0
534,25,0.11653914067087304,0.061874999999999965,0.9999999999999899,0.5640817501023412,0.6403434872627258,0.061875,1.0
535,25,0.11653914067087304,0.061874999999999965,0.9999999999999899,0.5640329107642174,0.6450541019439697,0.061875,1.0
536,25,0.11653914067087304,0.061874999999999965,0.9999999999999899,0.5639912575110793,0.6450169682502747,0.061875,1.0
537,25,0.11653914067087304,0.061874999999999965,0.9999999999999899,0.5638732363283634,0.6449744701385498,0.061875,1.0
538,25,0.11653914067087304,0.061874999999999965,0.9999999999999899,0.563848120123148,0.6442117094993591,0.061875,1.0
539,25,0.11653914067087304,0.061874999999999965,0.9999999999999899,0.5639097741246224,0.6379621028900146,0.061875,1.0
540,25,0.11653914067087304,0.061874999999999965,0.9999999999999899,0.5638343463465572,0.6373761296272278,0.061875,1.0
541,25,0.11653914067087304,0.061874999999999965,0.9999999999999899,0.5638113262876868,0.6329108476638794,0.061875,1.0
542,25,0.11653914067087304,0.061874999999999965,0.9999999999999899,0.5635915364325047,0.6312201619148254,0.061875,1.0
543,25,0.11653914067087304,0.061874999999999965,0.9999999999999899,0.5635761946812272,0.6295042634010315,0.061875,1.0
544,25,0.12865497076011337,0.06874999999999996,0.999999999999991,0.5634291602298618,0.6327776312828064,0.06875,1.0
545,25,0.12865497076011337,0.06874999999999996,0.999999999999991,0.5633518731966615,0.6341320276260376,0.06875,1.0
546,25,0.12865497076011337,0.06874999999999996,0.999999999999991,0.563398623727262,0.6330623030662537,0.06875,1.0
547,25,0.11653914067087304,0.061874999999999965,0.9999999999999899,0.5634036594256758,0.6447946429252625,0.061875,1.0
548,25,0.11653914067087304,0.061874999999999965,0.9999999999999899,0.563513188958168,0.6517990231513977,0.061875,1.0
549,25,0.11653914067087304,0.061874999999999965,0.9999999999999899,0.563420787230134,0.653243362903595,0.061875,1.0
550,25,0.11653914067087304,0.061874999999999965,0.9999999999999899,0.5635897492617369,0.6581158638000488,0.061875,1.0
551,25,0.12865497076011337,0.06874999999999996,0.999999999999991,0.5638542094826698,0.6607462167739868,0.06875,1.0
552,25,0.11653914067087304,0.061874999999999965,0.9999999999999899,0.5640503624826669,0.653023362159729,0.061875,1.0
553,25,0.11653914067087304,0.061874999999999965,0.9999999999999899,0.5640558513626456,0.6499804258346558,0.061875,1.0
554,25,0.11653914067087304,0.061874999999999965,0.9999999999999899,0.5638588524982333,0.6467160582542419,0.061875,1.0
555,25,0.11653914067087304,0.061874999999999965,0.9999999999999899,0.5634657006338238,0.6298928260803223,0.061875,1.0
556,25,0.11653914067087304,0.061874999999999965,0.9999999999999899,0.5633980860561132,0.6333897113800049,0.061875,1.0
557,25,0.12865497076011337,0.06874999999999996,0.999999999999991,0.5634191573411226,0.634518563747406,0.06875,1.0
558,25,0.12865497076011337,0.06874999999999996,0.999999999999991,0.5635242201015354,0.632968544960022,0.06875,1.0
559,25,0.11653914067087304,0.061874999999999965,0.9999999999999899,0.5633842001855374,0.6423747539520264,0.061875,1.0
560,25,0.11653914067087304,0.061874999999999965,0.9999999999999899,0.5631479412317276,0.6440737247467041,0.061875,1.0
561,25,0.11653914067087304,0.061874999999999965,0.9999999999999899,0.5632582178711891,0.645607054233551,0.061875,1.0
562,25,0.11653914067087304,0.061874999999999965,0.9999999999999899,0.563461288511753,0.6514988541603088,0.061875,1.0
563,25,0.11653914067087304,0.061874999999999965,0.9999999999999899,0.5639770941063762,0.6669151186943054,0.061875,1.0
564,25,0.11653914067087304,0.061874999999999965,0.9999999999999899,0.5635870157554745,0.6520196795463562,0.061875,1.0
565,25,0.11653914067087304,0.061874999999999965,0.9999999999999899,0.5634817909449339,0.653527557849884,0.061875,1.0
566,25,0.11653914067087304,0.061874999999999965,0.9999999999999899,0.5631573832780122,0.656873881816864,0.061875,1.0
567,25,0.11653914067087304,0.061874999999999965,0.9999999999999899,0.5632320212200284,0.6501336097717285,0.061875,1.0
568,25,0.11653914067087304,0.061874999999999965,0.9999999999999899,0.5633979267254472,0.649824321269989,0.061875,1.0
569,25,0.11653914067087304,0.061874999999999965,0.9999999999999899,0.56340821236372,0.6496652364730835,0.061875,1.0
570,25,0.11653914067087304,0.061874999999999965,0.9999999999999899,0.563457313887775,0.6492087841033936,0.061875,1.0
571,25,0.11653914067087304,0.061874999999999965,0.9999999999999899,0.5634773452207447,0.6518373489379883,0.061875,1.0
572,25,0.11653914067087304,0.061874999999999965,0.9999999999999899,0.5640370322018862,0.6653415560722351,0.061875,1.0
573,25,0.1143193871536929,0.060624999999999964,0.9999999999999898,0.5640495731681585,0.6608723998069763,0.060625,1.0
574,25,0.11653914067087304,0.061874999999999965,0.9999999999999899,0.564249479174614,0.6573724746704102,0.061875,1.0
575,25,0.11653914067087304,0.061874999999999965,0.9999999999999899,0.5642343059927225,0.630282461643219,0.061875,1.0
576,25,0.11653914067087304,0.061874999999999965,0.9999999999999899,0.5642922515794635,0.6151334643363953,0.061875,1.0
577,25,0.11653914067087304,0.061874999999999965,0.9999999999999899,0.564132141880691,0.6095123887062073,0.061875,1.0
578,25,0.11653914067087304,0.061874999999999965,0.9999999999999899,0.5639645722135902,0.6109762191772461,0.061875,1.0
579,25,0.11653914067087304,0.061874999999999965,0.9999999999999899,0.5634399101138114,0.6378171443939209,0.061875,1.0
580,25,0.11653914067087304,0.061874999999999965,0.9999999999999899,0.5633567181229592,0.638899564743042,0.061875,1.0
581,27,0.10426540284350293,0.054999999999999966,0.9999999999999887,0.5635006269440055,0.670425534248352,0.055,1.0
582,27,0.10426540284350293,0.054999999999999966,0.9999999999999887,0.563881427757442,0.6798717975616455,0.055,1.0
583,27,0.10426540284350293,0.054999999999999966,0.9999999999999887,0.564475926309824,0.604485809803009,0.055,1.0
584,27,0.10426540284350293,0.054999999999999966,0.9999999999999887,0.5642461217567325,0.6044458150863647,0.055,1.0
585,27,0.10426540284350293,0.054999999999999966,0.9999999999999887,0.5643547282367944,0.6060773134231567,0.055,1.0
586,27,0.10426540284350293,0.054999999999999966,0.9999999999999887,0.5643725215643645,0.6040648221969604,0.055,1.0
587,27,0.10426540284350293,0.054999999999999966,0.9999999999999887,0.5643638021498919,0.6321724057197571,0.055,1.0
588,27,0.10426540284350293,0.054999999999999966,0.9999999999999887,0.564346002265811,0.6033923625946045,0.055,1.0
589,27,0.10426540284350293,0.054999999999999966,0.9999999999999887,0.5640691340342164,0.6173039078712463,0.055,1.0
590,27,0.10426540284350293,0.054999999999999966,0.9999999999999887,0.5639410273730755,0.6176012754440308,0.055,1.0
591,27,0.10426540284350293,0.054999999999999966,0.9999999999999887,0.5640033366903663,0.6180673241615295,0.055,1.0
592,27,0.10426540284350293,0.054999999999999966,0.9999999999999887,0.5641884110495448,0.6187928318977356,0.055,1.0
593,27,0.10426540284350293,0.054999999999999966,0.9999999999999887,0.5640324946120381,0.6167014241218567,0.055,1.0
594,27,0.10426540284350293,0.054999999999999966,0.9999999999999887,0.5640378147736191,0.616441547870636,0.055,1.0
595,27,0.10426540284350293,0.054999999999999966,0.9999999999999887,0.5640480694547295,0.6156553030014038,0.055,1.0
596,27,0.10426540284350293,0.054999999999999966,0.9999999999999887,0.564022572375834,0.6163045763969421,0.055,1.0
597,27,0.10426540284350293,0.054999999999999966,0.9999999999999887,0.5642222321778536,0.605372965335846,0.055,1.0
598,27,0.10426540284350293,0.054999999999999966,0.9999999999999887,0.5643356841057539,0.6054496765136719,0.055,1.0
599,27,0.10426540284350293,0.054999999999999966,0.9999999999999887,0.5642407866194844,0.6052767634391785,0.055,1.0
600,27,0.10426540284350293,0.054999999999999966,0.9999999999999887,0.564125812202692,0.6057649850845337,0.055,1.0
601,27,0.10426540284350293,0.054999999999999966,0.9999999999999887,0.5642864529043436,0.6065095663070679,0.055,1.0
602,27,0.10426540284350293,0.054999999999999966,0.9999999999999887,0.5641113038733602,0.6071463227272034,0.055,1.0
603,27,0.09183064997009713,0.04812499999999997,0.9999999999999871,0.5642535862699151,0.6083579063415527,0.048125,1.0
604,27,0.09183064997009713,0.04812499999999997,0.9999999999999871,0.5643061820045113,0.6079477071762085,0.048125,1.0
605,27,0.09523809523800442,0.049999999999999975,0.9999999999999876,0.5641181508079172,0.6075441241264343,0.05,1.0
606,27,0.09863339275094592,0.05187499999999997,0.999999999999988,0.5639898884668946,0.610983669757843,0.051875,1.0
607,27,0.09296781883185402,0.048749999999999974,0.9999999999999872,0.5640073119103909,0.6056987047195435,0.04875,1.0
608,27,0.09183064997009713,0.04812499999999997,0.9999999999999871,0.5640823857113719,0.6052982807159424,0.048125,1.0
609,27,0.09183064997009713,0.04812499999999997,0.9999999999999871,0.5640927341207862,0.600274384021759,0.048125,1.0
610,27,0.09183064997009713,0.04812499999999997,0.9999999999999871,0.564148822799325,0.5998499989509583,0.048125,1.0
611,27,0.10426540284350293,0.054999999999999966,0.9999999999999887,0.5640179275721312,0.6015415191650391,0.055,1.0
612,27,0.10426540284350293,0.054999999999999966,0.9999999999999887,0.5640434807538987,0.6020842790603638,0.055,1.0
613,27,0.10089020771503761,0.05312499999999997,0.9999999999999883,0.5642184560373426,0.6042361855506897,0.053125,1.0
614,27,0.09750297265151237,0.05124999999999997,0.9999999999999879,0.5642954533174634,0.6044624447822571,0.05125,1.0
615,27,0.10314167160630396,0.05437499999999997,0.9999999999999886,0.5641932041943073,0.604168713092804,0.054375,1.0
616,27,0.10426540284350293,0.054999999999999966,0.9999999999999887,0.5641674461215734,0.6074341535568237,0.055,1.0
617,27,0.10426540284350293,0.054999999999999966,0.9999999999999887,0.5641207253560424,0.6074320673942566,0.055,1.0
618,27,0.10426540284350293,0.054999999999999966,0.9999999999999887,0.5643522188812494,0.6084792017936707,0.055,1.0
619,27,0.10426540284350293,0.054999999999999966,0.9999999999999887,0.5643703783676028,0.616386890411377,0.055,1.0
620,27,0.10426540284350293,0.054999999999999966,0.9999999999999887,0.5643655766174197,0.6071641445159912,0.055,1.0
621,27,0.10426540284350293,0.054999999999999966,0.9999999999999887,0.5644012108445168,0.6057304739952087,0.055,1.0
622,27,0.10426540284350293,0.054999999999999966,0.9999999999999887,0.5644853119552136,0.6061213612556458,0.055,1.0
623,27,0.10426540284350293,0.054999999999999966,0.9999999999999887,0.5646871438249945,0.6072584986686707,0.055,1.0
624,27,0.10426540284350293,0.054999999999999966,0.9999999999999887,0.5646800084784627,0.6205655932426453,0.055,1.0
625,27,0.10426540284350293,0.054999999999999966,0.9999999999999887,0.5646033182740211,0.6042867302894592,0.055,1.0
626,27,0.10426540284350293,0.054999999999999966,0.9999999999999887,0.5644327843934298,0.603330671787262,0.055,1.0
627,27,0.10426540284350293,0.054999999999999966,0.9999999999999887,0.5643258690834045,0.6034055352210999,0.055,1.0
628,27,0.10426540284350293,0.054999999999999966,0.9999999999999887,0.5644112126901746,0.6046178936958313,0.055,1.0
629,27,0.10426540284350293,0.054999999999999966,0.9999999999999887,0.5643943375721574,0.6050680875778198,0.055,1.0
630,27,0.10426540284350293,0.054999999999999966,0.9999999999999887,0.5643027216941118,0.6115196943283081,0.055,1.0
631,27,0.10426540284350293,0.054999999999999966,0.9999999999999887,0.5641551974788308,0.6104732155799866,0.055,1.0
632,27,0.10426540284350293,0.054999999999999966,0.9999999999999887,0.5640564619377255,0.6279762387275696,0.055,1.0
633,27,0.10426540284350293,0.054999999999999966,0.9999999999999887,0.5641295794025063,0.6086469888687134,0.055,1.0
634,27,0.10426540284350293,0.054999999999999966,0.9999999999999887,0.5643034684285522,0.609930694103241,0.055,1.0
635,27,0.10426540284350293,0.054999999999999966,0.9999999999999887,0.5643480058386922,0.6105807423591614,0.055,1.0
636,27,0.10426540284350293,0.054999999999999966,0.9999999999999887,0.5641864490509033,0.6088439226150513,0.055,1.0
637,27,0.10426540284350293,0.054999999999999966,0.9999999999999887,0.5639402328431606,0.6078794002532959,0.055,1.0
638,27,0.10426540284350293,0.054999999999999966,0.9999999999999887,0.5637798362225294,0.605259358882904,0.055,1.0
639,27,0.10426540284350293,0.054999999999999966,0.9999999999999887,0.5638878931850195,0.6048545241355896,0.055,1.0
640,27,0.10426540284350293,0.054999999999999966,0.9999999999999887,0.5640698803216219,0.6066518425941467,0.055,1.0
641,27,0.10426540284350293,0.054999999999999966,0.9999999999999887,0.5640329854935408,0.6069120764732361,0.055,1.0
642,27,0.10426540284350293,0.054999999999999966,0.9999999999999887,0.5639739460870623,0.6109750270843506,0.055,1.0
643,27,0.10426540284350293,0.054999999999999966,0.9999999999999887,0.5639719801396131,0.6034697890281677,0.055,1.0
644,27,0.10426540284350293,0.054999999999999966,0.9999999999999887,0.5640098274126649,0.6019261479377747,0.055,1.0
645,27,0.10426540284350293,0.054999999999999966,0.9999999999999887,0.5642601957917214,0.6030300259590149,0.055,1.0
646,27,0.10426540284350293,0.054999999999999966,0.9999999999999887,0.564470233656466,0.6125863194465637,0.055,1.0
647,27,0.10426540284350293,0.054999999999999966,0.9999999999999887,0.5643018537014722,0.6307281851768494,0.055,1.0
648,27,0.10426540284350293,0.054999999999999966,0.9999999999999887,0.5641463901102542,0.6140699982643127,0.055,1.0
649,27,0.10426540284350293,0.054999999999999966,0.9999999999999887,0.5640913029760122,0.6184111833572388,0.055,1.0
650,27,0.10426540284350293,0.054999999999999966,0.9999999999999887,0.5640734799578786,0.6078577041625977,0.055,1.0
651,27,0.10426540284350293,0.054999999999999966,0.9999999999999887,0.5641094357892871,0.60984206199646,0.055,1.0
652,27,0.10426540284350293,0.054999999999999966,0.9999999999999887,0.5640397945418953,0.6114382743835449,0.055,1.0
653,27,0.10426540284350293,0.054999999999999966,0.9999999999999887,0.5638043713569642,0.6102921366691589,0.055,1.0
654,27,0.10426540284350293,0.054999999999999966,0.9999999999999887,0.5637859481200576,0.6094835996627808,0.055,1.0
655,27,0.10426540284350293,0.054999999999999966,0.9999999999999887,0.563869102858007,0.6103396415710449,0.055,1.0
656,27,0.10426540284350293,0.054999999999999966,0.9999999999999887,0.5639773847535252,0.6106025576591492,0.055,1.0
657,27,0.10426540284350293,0.054999999999999966,0.9999999999999887,0.5641490155085921,0.6128225326538086,0.055,1.0
658,27,0.10426540284350293,0.054999999999999966,0.9999999999999887,0.5641775194555521,0.6170752048492432,0.055,1.0
659,27,0.10426540284350293,0.054999999999999966,0.9999999999999887,0.5642527204006911,0.6149480938911438,0.055,1.0
660,27,0.10426540284350293,0.054999999999999966,0.9999999999999887,0.5641672309488058,0.6112200021743774,0.055,1.0
661,27,0.10426540284350293,0.054999999999999966,0.9999999999999887,0.5642405980452895,0.6141010522842407,0.055,1.0
662,27,0.10426540284350293,0.054999999999999966,0.9999999999999887,0.5641594171151518,0.6145910620689392,0.055,1.0
663,27,0.10314167160630396,0.05437499999999997,0.9999999999999886,0.5641553923860192,0.6166753768920898,0.054375,1.0
664,27,0.09183064997009713,0.04812499999999997,0.9999999999999871,0.5641033499315381,0.6193766593933105,0.048125,1.0
665,27,0.09183064997009713,0.04812499999999997,0.9999999999999871,0.564107917547226,0.6167263984680176,0.048125,1.0
666,27,0.09183064997009713,0.04812499999999997,0.9999999999999871,0.5639611506834626,0.6165773868560791,0.048125,1.0
667,27,0.09183064997009713,0.04812499999999997,0.9999999999999871,0.5636902054771781,0.6158351302146912,0.048125,1.0
668,27,0.09183064997009713,0.04812499999999997,0.9999999999999871,0.5638540318980813,0.6165157556533813,0.048125,1.0
669,27,0.09183064997009713,0.04812499999999997,0.9999999999999871,0.5639658511057496,0.6176362037658691,0.048125,1.0
670,27,0.09183064997009713,0.04812499999999997,0.9999999999999871,0.5641619153320789,0.6192948818206787,0.048125,1.0
671,27,0.09296781883185402,0.048749999999999974,0.9999999999999872,0.5641839261353015,0.6147770285606384,0.04875,1.0
672,27,0.10426540284350293,0.054999999999999966,0.9999999999999887,0.5642474690079688,0.6118436455726624,0.055,1.0
673,27,0.10426540284350293,0.054999999999999966,0.9999999999999887,0.5643150516599417,0.6118553876876831,0.055,1.0
674,27,0.10426540284350293,0.054999999999999966,0.9999999999999887,0.5645199546590447,0.6105220913887024,0.055,1.0
675,27,0.10426540284350293,0.054999999999999966,0.9999999999999887,0.5647412591427564,0.61026531457901,0.055,1.0
676,27,0.10426540284350293,0.054999999999999966,0.9999999999999887,0.5647416233271361,0.6103087067604065,0.055,1.0
677,27,0.10426540284350293,0.054999999999999966,0.9999999999999887,0.5645990111306309,0.6093373894691467,0.055,1.0
678,27,0.10426540284350293,0.054999999999999966,0.9999999999999887,0.5644081640616059,0.6083710193634033,0.055,1.0
679,27,0.10426540284350293,0.054999999999999966,0.9999999999999887,0.5644501180201769,0.609220564365387,0.055,1.0
680,27,0.10426540284350293,0.054999999999999966,0.9999999999999887,0.5645284385606647,0.6178542375564575,0.055,1.0
681,27,0.10426540284350293,0.054999999999999966,0.9999999999999887,0.5644870492070914,0.6108162999153137,0.055,1.0
682,27,0.10426540284350293,0.054999999999999966,0.9999999999999887,0.5642329999804496,0.6094491481781006,0.055,1.0
683,27,0.10426540284350293,0.054999999999999966,0.9999999999999887,0.5640695684775711,0.6090555191040039,0.055,1.0
684,27,0.10426540284350293,0.054999999999999966,0.9999999999999887,0.5639260167255997,0.6147505640983582,0.055,1.0
685,27,0.10426540284350293,0.054999999999999966,0.9999999999999887,0.563977560736239,0.6324686408042908,0.055,1.0
686,27,0.10426540284350293,0.054999999999999966,0.9999999999999887,0.5641486353054642,0.6095814108848572,0.055,1.0
687,27,0.10426540284350293,0.054999999999999966,0.9999999999999887,0.5642064521834255,0.6094214916229248,0.055,1.0
688,27,0.10426540284350293,0.054999999999999966,0.9999999999999887,0.5640858752280473,0.6069360971450806,0.055,1.0
689,27,0.10426540284350293,0.054999999999999966,0.9999999999999887,0.5639601439237595,0.6054544448852539,0.055,1.0
690,27,0.10426540284350293,0.054999999999999966,0.9999999999999887,0.5640348162129522,0.6028010845184326,0.055,1.0
691,27,0.10426540284350293,0.054999999999999966,0.9999999999999887,0.5642171988263727,0.6033610105514526,0.055,1.0
692,27,0.10426540284350293,0.054999999999999966,0.9999999999999887,0.5643126248568296,0.6036250591278076,0.055,1.0
693,27,0.10426540284350293,0.054999999999999966,0.9999999999999887,0.5642905095219612,0.6093015670776367,0.055,1.0
694,27,0.10426540284350293,0.054999999999999966,0.9999999999999887,0.5641149928420782,0.6086256504058838,0.055,1.0
695,27,0.10426540284350293,0.054999999999999966,0.9999999999999887,0.5638855313137173,0.608469545841217,0.055,1.0
696,27,0.10426540284350293,0.054999999999999966,0.9999999999999887,0.5640134494379163,0.6098374724388123,0.055,1.0
697,27,0.10426540284350293,0.054999999999999966,0.9999999999999887,0.564149753972888,0.6098636984825134,0.055,1.0
698,27,0.10426540284350293,0.054999999999999966,0.9999999999999887,0.5641956505551934,0.6090388298034668,0.055,1.0
699,27,0.10426540284350293,0.054999999999999966,0.9999999999999887,0.5640231635048986,0.6085061430931091,0.055,1.0
700,27,0.10426540284350293,0.054999999999999966,0.9999999999999887,0.5638866185769439,0.6087433099746704,0.055,1.0
701,27,0.10426540284350293,0.054999999999999966,0.9999999999999887,0.5639638608321548,0.6092826128005981,0.055,1.0
702,27,0.10426540284350293,0.054999999999999966,0.9999999999999887,0.5638711177185178,0.6094606518745422,0.055,1.0
703,27,0.10426540284350293,0.054999999999999966,0.9999999999999887,0.5641042992472649,0.6100895404815674,0.055,1.0
704,27,0.10426540284350293,0.054999999999999966,0.9999999999999887,0.563998450934887,0.6100220084190369,0.055,1.0
705,27,0.10426540284350293,0.054999999999999966,0.9999999999999887,0.5640780799090862,0.6070351600646973,0.055,1.0
706,27,0.10426540284350293,0.054999999999999966,0.9999999999999887,0.5639477074518799,0.6088295578956604,0.055,1.0
707,27,0.10426540284350293,0.054999999999999966,0.9999999999999887,0.56402085788548,0.6115239858627319,0.055,1.0
708,27,0.10426540284350293,0.054999999999999966,0.9999999999999887,0.563959600739181,0.6102728247642517,0.055,1.0
709,27,0.10426540284350293,0.054999999999999966,0.9999999999999887,0.5638082213699818,0.6081803441047668,0.055,1.0
710,27,0.10426540284350293,0.054999999999999966,0.9999999999999887,0.5638908848911524,0.6111205220222473,0.055,1.0
711,27,0.10426540284350293,0.054999999999999966,0.9999999999999887,0.5639035401493311,0.610648512840271,0.055,1.0
712,27,0.10426540284350293,0.054999999999999966,0.9999999999999887,0.563961719200015,0.6091126203536987,0.055,1.0
713,27,0.10426540284350293,0.054999999999999966,0.9999999999999887,0.5640003778040409,0.6088021397590637,0.055,1.0
714,27,0.10426540284350293,0.054999999999999966,0.9999999999999887,0.5641656737774611,0.6099848747253418,0.055,1.0
715,27,0.10426540284350293,0.054999999999999966,0.9999999999999887,0.5642319029197097,0.607860267162323,0.055,1.0
716,27,0.10426540284350293,0.054999999999999966,0.9999999999999887,0.5643015767633915,0.608613133430481,0.055,1.0
717,27,0.10426540284350293,0.054999999999999966,0.9999999999999887,0.5643271574750542,0.6098524928092957,0.055,1.0
718,27,0.10426540284350293,0.054999999999999966,0.9999999999999887,0.564377162232995,0.6104381680488586,0.055,1.0
719,27,0.10426540284350293,0.054999999999999966,0.9999999999999887,0.5642573813349009,0.611433744430542,0.055,1.0
720,27,0.10426540284350293,0.054999999999999966,0.9999999999999887,0.5641816688328981,0.6113322973251343,0.055,1.0
721,27,0.10426540284350293,0.054999999999999966,0.9999999999999887,0.5639751267060638,0.6109753847122192,0.055,1.0
722,27,0.09637120761442332,0.05062499999999997,0.9999999999999877,0.5641285238042474,0.6133355498313904,0.050625,1.0
723,27,0.09183064997009713,0.04812499999999997,0.9999999999999871,0.5642471335083247,0.6138977408409119,0.048125,1.0
724,27,0.09183064997009713,0.04812499999999997,0.9999999999999871,0.5641074573621154,0.61839759349823,0.048125,1.0
725,27,0.09183064997009713,0.04812499999999997,0.9999999999999871,0.5640484696254134,0.6185535788536072,0.048125,1.0
726,27,0.09183064997009713,0.04812499999999997,0.9999999999999871,0.5641094409674406,0.6174362897872925,0.048125,1.0
727,27,0.09183064997009713,0.04812499999999997,0.9999999999999871,0.5642765274643898,0.6191428303718567,0.048125,1.0
728,27,0.09183064997009713,0.04812499999999997,0.9999999999999871,0.5644536540284752,0.6199443936347961,0.048125,1.0
729,27,0.09183064997009713,0.04812499999999997,0.9999999999999871,0.5646032026037574,0.620916485786438,0.048125,1.0
730,27,0.0997624703086937,0.05249999999999997,0.9999999999999881,0.5644228482991457,0.6186031699180603,0.0525,1.0
731,27,0.10426540284350293,0.054999999999999966,0.9999999999999887,0.5641820601001382,0.6182874441146851,0.055,1.0
732,27,0.10426540284350293,0.054999999999999966,0.9999999999999887,0.5642866285890341,0.6165481805801392,0.055,1.0
733,27,0.10426540284350293,0.054999999999999966,0.9999999999999887,0.5644709653034806,0.6159480810165405,0.055,1.0
734,27,0.10426540284350293,0.054999999999999966,0.9999999999999887,0.564402073174715,0.6172907948493958,0.055,1.0
735,27,0.10426540284350293,0.054999999999999966,0.9999999999999887,0.5643062521517277,0.6162720918655396,0.055,1.0
736,27,0.10426540284350293,0.054999999999999966,0.9999999999999887,0.5640072862803936,0.6139883995056152,0.055,1.0
737,27,0.10426540284350293,0.054999999999999966,0.9999999999999887,0.5638282177969813,0.6127732396125793,0.055,1.0
738,27,0.10426540284350293,0.054999999999999966,0.9999999999999887,0.5639775591343641,0.6069626212120056,0.055,1.0
739,27,0.10426540284350293,0.054999999999999966,0.9999999999999887,0.5641763412207365,0.6086982488632202,0.055,1.0
740,27,0.10426540284350293,0.054999999999999966,0.9999999999999887,0.5642275435104966,0.6092686653137207,0.055,1.0
741,27,0.10426540284350293,0.054999999999999966,0.9999999999999887,0.5640112061053515,0.6157149076461792,0.055,1.0
742,27,0.10426540284350293,0.054999999999999966,0.9999999999999887,0.5638435534387827,0.6140509843826294,0.055,1.0
743,27,0.10426540284350293,0.054999999999999966,0.9999999999999887,0.5637327774241566,0.6136758923530579,0.055,1.0
744,27,0.10426540284350293,0.054999999999999966,0.9999999999999887,0.5639322013035417,0.6147276759147644,0.055,1.0
745,27,0.10426540284350293,0.054999999999999966,0.9999999999999887,0.5641321954876184,0.61649489402771,0.055,1.0
746,27,0.10426540284350293,0.054999999999999966,0.9999999999999887,0.5641049029678107,0.6162768602371216,0.055,1.0
747,27,0.10426540284350293,0.054999999999999966,0.9999999999999887,0.5638650910928845,0.6131401062011719,0.055,1.0
748,27,0.10426540284350293,0.054999999999999966,0.9999999999999887,0.5637129043415189,0.6129989624023438,0.055,1.0
749,27,0.10426540284350293,0.054999999999999966,0.9999999999999887,0.5638292548060417,0.6091983914375305,0.055,1.0
750,27,0.10426540284350293,0.054999999999999966,0.9999999999999887,0.5639935163408518,0.6105913519859314,0.055,1.0
751,27,0.10426540284350293,0.054999999999999966,0.9999999999999887,0.5641778986155986,0.612589955329895,0.055,1.0
752,27,0.10426540284350293,0.054999999999999966,0.9999999999999887,0.5641266515851021,0.6137223243713379,0.055,1.0
753,27,0.10426540284350293,0.054999999999999966,0.9999999999999887,0.564104224331677,0.6137911677360535,0.055,1.0
754,27,0.10426540284350293,0.054999999999999966,0.9999999999999887,0.5641079134494066,0.6148103475570679,0.055,1.0
755,27,0.10426540284350293,0.054999999999999966,0.9999999999999887,0.5642434961721301,0.617626965045929,0.055,1.0
756,27,0.10426540284350293,0.054999999999999966,0.9999999999999887,0.5643748686462641,0.6111738681793213,0.055,1.0
757,27,0.10426540284350293,0.054999999999999966,0.9999999999999887,0.5642535888403654,0.6139246225357056,0.055,1.0
758,27,0.10426540284350293,0.054999999999999966,0.9999999999999887,0.5642064338549971,0.6140467524528503,0.055,1.0
759,27,0.10426540284350293,0.054999999999999966,0.9999999999999887,0.5641421004012227,0.6150689721107483,0.055,1.0
760,27,0.10426540284350293,0.054999999999999966,0.9999999999999887,0.564069813080132,0.6163485050201416,0.055,1.0
761,27,0.10426540284350293,0.054999999999999966,0.9999999999999887,0.5637710416316986,0.6138889193534851,0.055,1.0
762,27,0.10426540284350293,0.054999999999999966,0.9999999999999887,0.5637038912251592,0.6123842000961304,0.055,1.0
763,27,0.10426540284350293,0.054999999999999966,0.9999999999999887,0.5636571589112281,0.6135944724082947,0.055,1.0
764,27,0.10426540284350293,0.054999999999999966,0.9999999999999887,0.563674827106297,0.6141849160194397,0.055,1.0
765,27,0.10426540284350293,0.054999999999999966,0.9999999999999887,0.563805363625288,0.6163808703422546,0.055,1.0
766,27,0.10426540284350293,0.054999999999999966,0.9999999999999887,0.5638220049813389,0.6184779405593872,0.055,1.0
767,27,0.10426540284350293,0.054999999999999966,0.9999999999999887,0.5638989884406328,0.6193253397941589,0.055,1.0
768,27,0.10426540284350293,0.054999999999999966,0.9999999999999887,0.563976533524692,0.6197061538696289,0.055,1.0
769,27,0.10426540284350293,0.054999999999999966,0.9999999999999887,0.5639266382530331,0.6170547604560852,0.055,1.0
770,27,0.10426540284350293,0.054999999999999966,0.9999999999999887,0.5637341285869479,0.6163788437843323,0.055,1.0
771,27,0.10426540284350293,0.054999999999999966,0.9999999999999887,0.5637598774209619,0.6161477565765381,0.055,1.0
772,27,0.10426540284350293,0.054999999999999966,0.9999999999999887,0.5637976521253586,0.6176302433013916,0.055,1.0
773,27,0.10426540284350293,0.054999999999999966,0.9999999999999887,0.5639727715402841,0.6179730296134949,0.055,1.0
774,27,0.10426540284350293,0.054999999999999966,0.9999999999999887,0.5638974487036467,0.6166073083877563,0.055,1.0
775,27,0.10426540284350293,0.054999999999999966,0.9999999999999887,0.5638388663902879,0.6146578192710876,0.055,1.0
776,27,0.09863339275094592,0.05187499999999997,0.999999999999988,0.5635681281983852,0.6140229105949402,0.051875,1.0
777,27,0.09183064997009713,0.04812499999999997,0.9999999999999871,0.5636611900106072,0.614715039730072,0.048125,1.0
778,27,0.09183064997009713,0.04812499999999997,0.9999999999999871,0.5639017471298575,0.6155545711517334,0.048125,1.0
779,27,0.09183064997009713,0.04812499999999997,0.9999999999999871,0.5639972237125039,0.6170856356620789,0.048125,1.0
780,27,0.09183064997009713,0.04812499999999997,0.9999999999999871,0.564041049182415,0.6174584627151489,0.048125,1.0
781,27,0.09183064997009713,0.04812499999999997,0.9999999999999871,0.5638974847644568,0.6163461804389954,0.048125,1.0
782,27,0.09183064997009713,0.04812499999999997,0.9999999999999871,0.5638990971073509,0.6124593019485474,0.048125,1.0
783,27,0.09183064997009713,0.04812499999999997,0.9999999999999871,0.564033864736557,0.610427975654602,0.048125,1.0
784,27,0.09750297265151237,0.05124999999999997,0.9999999999999879,0.5641141512989998,0.6121259927749634,0.05125,1.0
785,27,0.10426540284350293,0.054999999999999966,0.9999999999999887,0.5642671437934041,0.615449070930481,0.055,1.0
786,27,0.10426540284350293,0.054999999999999966,0.9999999999999887,0.5642576524242758,0.619360089302063,0.055,1.0
787,27,0.10426540284350293,0.054999999999999966,0.9999999999999887,0.5642007436975837,0.6211793422698975,0.055,1.0
788,27,0.10426540284350293,0.054999999999999966,0.9999999999999887,0.5640930308774114,0.6221238970756531,0.055,1.0
789,27,0.10426540284350293,0.054999999999999966,0.9999999999999887,0.5639257787540555,0.6187068223953247,0.055,1.0
790,27,0.10426540284350293,0.054999999999999966,0.9999999999999887,0.5638460756838322,0.6205371022224426,0.055,1.0
791,27,0.10426540284350293,0.054999999999999966,0.9999999999999887,0.5636457255482674,0.6211868524551392,0.055,1.0
792,27,0.10426540284350293,0.054999999999999966,0.9999999999999887,0.5636908633634448,0.6223900318145752,0.055,1.0
793,27,0.10426540284350293,0.054999999999999966,0.9999999999999887,0.5637051081657409,0.6229087710380554,0.055,1.0
794,27,0.10426540284350293,0.054999999999999966,0.9999999999999887,0.5636863202601671,0.6229713559150696,0.055,1.0
795,27,0.10426540284350293,0.054999999999999966,0.9999999999999887,0.5637062381207943,0.622599184513092,0.055,1.0
796,27,0.10426540284350293,0.054999999999999966,0.9999999999999887,0.5636854559928178,0.6180906891822815,0.055,1.0
797,27,0.10426540284350293,0.054999999999999966,0.9999999999999887,0.5635006634145975,0.6115460395812988,0.055,1.0
798,27,0.10426540284350293,0.054999999999999966,0.9999999999999887,0.5635341857373715,0.6113760471343994,0.055,1.0
799,27,0.10426540284350293,0.054999999999999966,0.9999999999999887,0.5636732726544141,0.6118575930595398,0.055,1.0
800,27,0.10426540284350293,0.054999999999999966,0.9999999999999887,0.5636084488406777,0.6143903732299805,0.055,1.0
801,27,0.10426540284350293,0.054999999999999966,0.9999999999999887,0.563559268116951,0.6152331233024597,0.055,1.0
802,27,0.10426540284350293,0.054999999999999966,0.9999999999999887,0.5635520672425628,0.6139487028121948,0.055,1.0
803,27,0.10426540284350293,0.054999999999999966,0.9999999999999887,0.5633660006150604,0.6084088087081909,0.055,1.0
804,27,0.10426540284350293,0.054999999999999966,0.9999999999999887,0.5633486931025982,0.6086016297340393,0.055,1.0
805,27,0.10426540284350293,0.054999999999999966,0.9999999999999887,0.5635815764591098,0.6134330034255981,0.055,1.0
806,27,0.10426540284350293,0.054999999999999966,0.9999999999999887,0.5636534739285708,0.6177119016647339,0.055,1.0
807,27,0.10426540284350293,0.054999999999999966,0.9999999999999887,0.5636820703744888,0.6191249489784241,0.055,1.0
808,27,0.10426540284350293,0.054999999999999966,0.9999999999999887,0.5636517036706209,0.6193156242370605,0.055,1.0
809,27,0.10426540284350293,0.054999999999999966,0.9999999999999887,0.563655000552535,0.615178644657135,0.055,1.0
810,27,0.10426540284350293,0.054999999999999966,0.9999999999999887,0.5635495026037097,0.6118459701538086,0.055,1.0
811,27,0.10426540284350293,0.054999999999999966,0.9999999999999887,0.5637883766368031,0.6152692437171936,0.055,1.0
812,27,0.10426540284350293,0.054999999999999966,0.9999999999999887,0.5638837702572346,0.6179007887840271,0.055,1.0
813,27,0.10426540284350293,0.054999999999999966,0.9999999999999887,0.5638718991354108,0.6203370690345764,0.055,1.0
814,27,0.10426540284350293,0.054999999999999966,0.9999999999999887,0.5638622060418129,0.6185580492019653,0.055,1.0
815,27,0.10426540284350293,0.054999999999999966,0.9999999999999887,0.5636834275349974,0.6134697198867798,0.055,1.0
816,27,0.10426540284350293,0.054999999999999966,0.9999999999999887,0.5639208049327135,0.6116139888763428,0.055,1.0
817,27,0.10426540284350293,0.054999999999999966,0.9999999999999887,0.5638453903794288,0.6148322820663452,0.055,1.0
818,27,0.10426540284350293,0.054999999999999966,0.9999999999999887,0.56415153298527,0.6211636066436768,0.055,1.0
819,27,0.10426540284350293,0.054999999999999966,0.9999999999999887,0.5641095318645238,0.6230427622795105,0.055,1.0
820,27,0.10426540284350293,0.054999999999999966,0.9999999999999887,0.5640346669778228,0.6220864653587341,0.055,1.0
821,27,0.10426540284350293,0.054999999999999966,0.9999999999999887,0.564010623767972,0.615707516670227,0.055,1.0
822,27,0.10426540284350293,0.054999999999999966,0.9999999999999887,0.5640639811009168,0.6170678734779358,0.055,1.0
823,27,0.10426540284350293,0.054999999999999966,0.9999999999999887,0.5641761587932705,0.6217076182365417,0.055,1.0
824,27,0.10426540284350293,0.054999999999999966,0.9999999999999887,0.5639951835200191,0.6242406368255615,0.055,1.0
825,27,0.10426540284350293,0.054999999999999966,0.9999999999999887,0.5639305378124118,0.6224318742752075,0.055,1.0
826,27,0.10426540284350293,0.054999999999999966,0.9999999999999887,0.5638324204459786,0.620116651058197,0.055,1.0
827,27,0.10426540284350293,0.054999999999999966,0.9999999999999887,0.5638700158894062,0.6185994744300842,0.055,1.0
828,27,0.10426540284350293,0.054999999999999966,0.9999999999999887,0.5638288075476885,0.6246751546859741,0.055,1.0
829,27,0.10426540284350293,0.054999999999999966,0.9999999999999887,0.5639439009875059,0.6324930191040039,0.055,1.0
830,27,0.10426540284350293,0.054999999999999966,0.9999999999999887,0.5640220213681459,0.6334483623504639,0.055,1.0
831,27,0.10426540284350293,0.054999999999999966,0.9999999999999887,0.5640511712804437,0.6324573159217834,0.055,1.0
832,27,0.10426540284350293,0.054999999999999966,0.9999999999999887,0.5638278583809734,0.624649703502655,0.055,1.0
833,27,0.10426540284350293,0.054999999999999966,0.9999999999999887,0.5637132492288948,0.6217098832130432,0.055,1.0
834,27,0.10426540284350293,0.054999999999999966,0.9999999999999887,0.5637284252420067,0.6167885661125183,0.055,1.0
835,27,0.10426540284350293,0.054999999999999966,0.9999999999999887,0.5637302169948817,0.6196022629737854,0.055,1.0
836,27,0.10426540284350293,0.054999999999999966,0.9999999999999887,0.563911827839911,0.6342934966087341,0.055,1.0
837,27,0.10426540284350293,0.054999999999999966,0.9999999999999887,0.5638978838175536,0.6280954480171204,0.055,1.0
838,27,0.10426540284350293,0.054999999999999966,0.9999999999999887,0.5637444236129522,0.6261376142501831,0.055,1.0
839,27,0.10426540284350293,0.054999999999999966,0.9999999999999887,0.563666052557528,0.627299964427948,0.055,1.0
840,27,0.10426540284350293,0.054999999999999966,0.9999999999999887,0.5638116875663399,0.634040892124176,0.055,1.0
841,27,0.10426540284350293,0.054999999999999966,0.9999999999999887,0.5641730138286948,0.6368100047111511,0.055,1.0
842,27,0.10426540284350293,0.054999999999999966,0.9999999999999887,0.5641288954019547,0.6283940672874451,0.055,1.0
843,27,0.10426540284350293,0.054999999999999966,0.9999999999999887,0.5641023295000196,0.6244938373565674,0.055,1.0
844,27,0.10426540284350293,0.054999999999999966,0.9999999999999887,0.5638419028371573,0.6226593255996704,0.055,1.0
845,27,0.10426540284350293,0.054999999999999966,0.9999999999999887,0.5638854350149631,0.6277289390563965,0.055,1.0
846,27,0.10426540284350293,0.054999999999999966,0.9999999999999887,0.5640299279615283,0.6288689970970154,0.055,1.0
847,27,0.10426540284350293,0.054999999999999966,0.9999999999999887,0.5641095746681094,0.6256242990493774,0.055,1.0
848,27,0.10426540284350293,0.054999999999999966,0.9999999999999887,0.5639837797358632,0.6183328628540039,0.055,1.0
849,27,0.10426540284350293,0.054999999999999966,0.9999999999999887,0.5635283761844039,0.6160985827445984,0.055,1.0
850,27,0.10426540284350293,0.054999999999999966,0.9999999999999887,0.5635126155242324,0.6211357116699219,0.055,1.0
851,27,0.09183064997009713,0.04812499999999997,0.9999999999999871,0.5636531043052674,0.6253806948661804,0.048125,1.0
852,27,0.10426540284350293,0.054999999999999966,0.9999999999999887,0.563873421549797,0.6243277192115784,0.055,1.0
853,27,0.10426540284350293,0.054999999999999966,0.9999999999999887,0.5637676213681698,0.6184328198432922,0.055,1.0
854,27,0.10426540284350293,0.054999999999999966,0.9999999999999887,0.5635902832821011,0.6167986392974854,0.055,1.0
855,27,0.10426540284350293,0.054999999999999966,0.9999999999999887,0.5634934969246388,0.616518497467041,0.055,1.0
856,27,0.10426540284350293,0.054999999999999966,0.9999999999999887,0.5635874615609646,0.6246868968009949,0.055,1.0
857,27,0.10426540284350293,0.054999999999999966,0.9999999999999887,0.5639821730181575,0.6293271780014038,0.055,1.0
858,27,0.10426540284350293,0.054999999999999966,0.9999999999999887,0.5639453430101276,0.6249823570251465,0.055,1.0
859,27,0.11653914067087304,0.061874999999999965,0.9999999999999899,0.5638151565194129,0.6243703365325928,0.061875,1.0
860,27,0.10426540284350293,0.054999999999999966,0.9999999999999887,0.5636606169864535,0.6257508397102356,0.055,1.0
861,27,0.10089020771503761,0.05312499999999997,0.9999999999999883,0.5638147776946425,0.6260975003242493,0.053125,1.0
862,27,0.09523809523800442,0.049999999999999975,0.9999999999999876,0.5641034461557866,0.6309610605239868,0.05,1.0
863,27,0.09183064997009713,0.04812499999999997,0.9999999999999871,0.5642144438996911,0.6309547424316406,0.048125,1.0
864,27,0.09183064997009713,0.04812499999999997,0.9999999999999871,0.5642469274252653,0.6301806569099426,0.048125,1.0
865,27,0.09183064997009713,0.04812499999999997,0.9999999999999871,0.5643194942548871,0.6149101853370667,0.048125,1.0
866,27,0.10426540284350293,0.054999999999999966,0.9999999999999887,0.5642629535123705,0.6213827729225159,0.055,1.0
867,27,0.10426540284350293,0.054999999999999966,0.9999999999999887,0.5644199695810675,0.6245502233505249,0.055,1.0
868,27,0.10426540284350293,0.054999999999999966,0.9999999999999887,0.5643779262900352,0.6231149435043335,0.055,1.0
869,27,0.10426540284350293,0.054999999999999966,0.9999999999999887,0.5642591466754675,0.6198934316635132,0.055,1.0
870,27,0.10426540284350293,0.054999999999999966,0.9999999999999887,0.5643330421298742,0.6223319172859192,0.055,1.0
871,27,0.10426540284350293,0.054999999999999966,0.9999999999999887,0.5641299552470446,0.6194427013397217,0.055,1.0
872,27,0.10426540284350293,0.054999999999999966,0.9999999999999887,0.564180062264204,0.6167779564857483,0.055,1.0
873,27,0.10426540284350293,0.054999999999999966,0.9999999999999887,0.5641668405756355,0.6159945130348206,0.055,1.0
874,27,0.10426540284350293,0.054999999999999966,0.9999999999999887,0.5643567714840174,0.6057870388031006,0.055,1.0
875,27,0.10426540284350293,0.054999999999999966,0.9999999999999887,0.5643817522004246,0.6050499081611633,0.055,1.0
876,27,0.10426540284350293,0.054999999999999966,0.9999999999999887,0.5643987995013595,0.6043959259986877,0.055,1.0
877,27,0.10426540284350293,0.054999999999999966,0.9999999999999887,0.5644039569795132,0.6060156226158142,0.055,1.0
878,27,0.10426540284350293,0.054999999999999966,0.9999999999999887,0.5643369239196181,0.6260071992874146,0.055,1.0
879,27,0.10426540284350293,0.054999999999999966,0.9999999999999887,0.5642694113403559,0.6249899864196777,0.055,1.0
880,27,0.10426540284350293,0.054999999999999966,0.9999999999999887,0.5641651101782919,0.6291629672050476,0.055,1.0
881,27,0.10426540284350293,0.054999999999999966,0.9999999999999887,0.5642202716320753,0.6285411715507507,0.055,1.0
882,27,0.10201660735458871,0.05374999999999997,0.9999999999999885,0.564128402248025,0.6281964182853699,0.05375,1.0
883,27,0.09410363311485959,0.049374999999999974,0.9999999999999875,0.5639775396510959,0.6307681202888489,0.049375,1.0
884,27,0.09296781883185402,0.048749999999999974,0.9999999999999872,0.5637271200492978,0.6252209544181824,0.04875,1.0
885,27,0.09183064997009713,0.04812499999999997,0.9999999999999871,0.563699376694858,0.6222176551818848,0.048125,1.0
886,27,0.09183064997009713,0.04812499999999997,0.9999999999999871,0.5636635861545801,0.6211509704589844,0.048125,1.0
887,27,0.09183064997009713,0.04812499999999997,0.9999999999999871,0.5640156295150518,0.6229571104049683,0.048125,1.0
888,27,0.09183064997009713,0.04812499999999997,0.9999999999999871,0.5639668399095535,0.6227187514305115,0.048125,1.0
889,27,0.09183064997009713,0.04812499999999997,0.9999999999999871,0.5638555300608278,0.6205657720565796,0.048125,1.0
890,27,0.09410363311485959,0.049374999999999974,0.9999999999999875,0.5638082822784781,0.6232758164405823,0.049375,1.0
891,27,0.10201660735458871,0.05374999999999997,0.9999999999999885,0.5638869273290038,0.6234778761863708,0.05375,1.0
892,27,0.10314167160630396,0.05437499999999997,0.9999999999999886,0.5641002750769257,0.6294244527816772,0.054375,1.0
893,27,0.10426540284350293,0.054999999999999966,0.9999999999999887,0.5642385290190578,0.6336484551429749,0.055,1.0
894,27,0.10426540284350293,0.054999999999999966,0.9999999999999887,0.564035975523293,0.6316593885421753,0.055,1.0
895,27,0.10426540284350293,0.054999999999999966,0.9999999999999887,0.5638302623480559,0.6289234161376953,0.055,1.0
896,27,0.10426540284350293,0.054999999999999966,0.9999999999999887,0.5639570217579604,0.6291317343711853,0.055,1.0
897,27,0.10426540284350293,0.054999999999999966,0.9999999999999887,0.5641179389506579,0.631319522857666,0.055,1.0
898,27,0.10426540284350293,0.054999999999999966,0.9999999999999887,0.5641894249618054,0.6135812401771545,0.055,1.0
899,27,0.10426540284350293,0.054999999999999966,0.9999999999999887,0.5643020863085986,0.6125805974006653,0.055,1.0
900,27,0.10426540284350293,0.054999999999999966,0.9999999999999887,0.5642147973179817,0.6125101447105408,0.055,1.0
901,27,0.10426540284350293,0.054999999999999966,0.9999999999999887,0.5642498762533069,0.6124978065490723,0.055,1.0
902,27,0.10426540284350293,0.054999999999999966,0.9999999999999887,0.564406631886959,0.6128270626068115,0.055,1.0
903,27,0.10426540284350293,0.054999999999999966,0.9999999999999887,0.564469150044024,0.6093154549598694,0.055,1.0
904,27,0.11653914067087304,0.061874999999999965,0.9999999999999899,0.5644166952371598,0.6088821291923523,0.061875,1.0
905,27,0.10426540284350293,0.054999999999999966,0.9999999999999887,0.5641238319128752,0.6104773879051208,0.055,1.0
906,27,0.10426540284350293,0.054999999999999966,0.9999999999999887,0.5643245711922645,0.6101372838020325,0.055,1.0
907,27,0.10538780343388464,0.055624999999999966,0.9999999999999888,0.5644587522000074,0.6103937029838562,0.055625,1.0
908,27,0.11653914067087304,0.061874999999999965,0.9999999999999899,0.5643063936382532,0.6108090877532959,0.061875,1.0
909,27,0.11653914067087304,0.061874999999999965,0.9999999999999899,0.5643120574951171,0.6097591519355774,0.061875,1.0
910,27,0.11653914067087304,0.061874999999999965,0.9999999999999899,0.5646311603114009,0.6119086742401123,0.061875,1.0
911,27,0.11653914067087304,0.061874999999999965,0.9999999999999899,0.5647081976011395,0.6051100492477417,0.061875,1.0
912,27,0.11653914067087304,0.061874999999999965,0.9999999999999899,0.5645027026534081,0.6024472713470459,0.061875,1.0
913,27,0.11653914067087304,0.061874999999999965,0.9999999999999899,0.5643886821344495,0.6033743023872375,0.061875,1.0
914,27,0.11653914067087304,0.061874999999999965,0.9999999999999899,0.5644129115715623,0.6035177111625671,0.061875,1.0
915,27,0.11542991754995,0.061249999999999964,0.9999999999999899,0.5645015170052647,0.6068345904350281,0.06125,1.0
916,27,0.10426540284350293,0.054999999999999966,0.9999999999999887,0.5645405337587,0.6059442758560181,0.055,1.0
917,27,0.10426540284350293,0.054999999999999966,0.9999999999999887,0.5644413547217846,0.6053925156593323,0.055,1.0
918,27,0.10426540284350293,0.054999999999999966,0.9999999999999887,0.5643745495378971,0.6062166094779968,0.055,1.0
919,27,0.10426540284350293,0.054999999999999966,0.9999999999999887,0.5643002172932029,0.6057615876197815,0.055,1.0
920,27,0.10426540284350293,0.054999999999999966,0.9999999999999887,0.5643641451373697,0.6065696477890015,0.055,1.0
921,27,0.10426540284350293,0.054999999999999966,0.9999999999999887,0.5644729096069931,0.6051228642463684,0.055,1.0
922,27,0.10538780343388464,0.055624999999999966,0.9999999999999888,0.5640460940822959,0.6270401477813721,0.055625,1.0
923,27,0.1098641464854247,0.05812499999999997,0.9999999999999893,0.5641323164850474,0.6287453770637512,0.058125,1.0
924,27,0.11320754716970438,0.05999999999999996,0.9999999999999897,0.5641282963752746,0.6256234049797058,0.06,1.0
925,27,0.11653914067087304,0.061874999999999965,0.9999999999999899,0.5641517067328096,0.6258179545402527,0.061875,1.0
926,27,0.12865497076011337,0.06874999999999996,0.999999999999991,0.564309812746942,0.6249634027481079,0.06875,1.0
927,27,0.12865497076011337,0.06874999999999996,0.999999999999991,0.5642201947048306,0.6245576739311218,0.06875,1.0
928,27,0.12865497076011337,0.06874999999999996,0.999999999999991,0.5642438708618284,0.6230505704879761,0.06875,1.0
929,27,0.12865497076011337,0.06874999999999996,0.999999999999991,0.564554711356759,0.6233460307121277,0.06875,1.0
930,27,0.12755997659438012,0.06812499999999996,0.9999999999999909,0.564612178914249,0.6126779913902283,0.068125,1.0
931,27,0.1231671554251042,0.06562499999999996,0.9999999999999906,0.5646112903207541,0.6116016507148743,0.065625,1.0
932,27,0.11985898942409398,0.06374999999999996,0.9999999999999902,0.5645409348234535,0.606713056564331,0.06375,1.0
933,27,0.11653914067087304,0.061874999999999965,0.9999999999999899,0.5645764570310712,0.6061103940010071,0.061875,1.0
934,27,0.10426540284350293,0.054999999999999966,0.9999999999999887,0.5643059185519814,0.6052947640419006,0.055,1.0
935,27,0.10426540284350293,0.054999999999999966,0.9999999999999887,0.5643875578418374,0.6204207539558411,0.055,1.0
936,27,0.10426540284350293,0.054999999999999966,0.9999999999999887,0.5645473987981677,0.6206843256950378,0.055,1.0
937,27,0.10426540284350293,0.054999999999999966,0.9999999999999887,0.564594718515873,0.6237068772315979,0.055,1.0
938,27,0.10426540284350293,0.054999999999999966,0.9999999999999887,0.5646114201098681,0.6247158050537109,0.055,1.0
939,27,0.10426540284350293,0.054999999999999966,0.9999999999999887,0.5647067825123667,0.626050591468811,0.055,1.0
940,27,0.10426540284350293,0.054999999999999966,0.9999999999999887,0.5646754983812571,0.624262273311615,0.055,1.0
941,27,0.10426540284350293,0.054999999999999966,0.9999999999999887,0.5645046546310186,0.6207646131515503,0.055,1.0
942,27,0.10426540284350293,0.054999999999999966,0.9999999999999887,0.5645675693079829,0.6217823028564453,0.055,1.0
943,27,0.10426540284350293,0.054999999999999966,0.9999999999999887,0.5647586916387081,0.6152434349060059,0.055,1.0
944,27,0.10426540284350293,0.054999999999999966,0.9999999999999887,0.5646231108158827,0.6171642541885376,0.055,1.0
945,27,0.10426540284350293,0.054999999999999966,0.9999999999999887,0.5643721990659833,0.614034116268158,0.055,1.0
946,27,0.10426540284350293,0.054999999999999966,0.9999999999999887,0.5642381773516536,0.6273414492607117,0.055,1.0
947,27,0.10426540284350293,0.054999999999999966,0.9999999999999887,0.5642505711317063,0.6279715299606323,0.055,1.0
948,27,0.10426540284350293,0.054999999999999966,0.9999999999999887,0.5643865549564362,0.6275003552436829,0.055,1.0
949,27,0.10426540284350293,0.054999999999999966,0.9999999999999887,0.5644531429558992,0.629153847694397,0.055,1.0
950,27,0.10426540284350293,0.054999999999999966,0.9999999999999887,0.564313318580389,0.6288317441940308,0.055,1.0
951,27,0.11209439528013006,0.05937499999999997,0.9999999999999896,0.5643116270378232,0.626444935798645,0.059375,1.0
952,27,0.11653914067087304,0.061874999999999965,0.9999999999999899,0.5642974679544568,0.6262571811676025,0.061875,1.0
953,27,0.11653914067087304,0.061874999999999965,0.9999999999999899,0.5643565962463617,0.6276761293411255,0.061875,1.0
954,27,0.11653914067087304,0.061874999999999965,0.9999999999999899,0.5644757806509734,0.6218928098678589,0.061875,1.0
955,27,0.11653914067087304,0.061874999999999965,0.9999999999999899,0.5643643729016184,0.620707631111145,0.061875,1.0
956,27,0.11653914067087304,0.061874999999999965,0.9999999999999899,0.5643581542000174,0.6210307478904724,0.061875,1.0
957,27,0.11653914067087304,0.061874999999999965,0.9999999999999899,0.5642538725584746,0.6218942403793335,0.061875,1.0
958,27,0.11653914067087304,0.061874999999999965,0.9999999999999899,0.5643441822007298,0.6220297813415527,0.061875,1.0
959,27,0.10874704491715471,0.05749999999999997,0.9999999999999892,0.5642232286930084,0.6134745478630066,0.0575,1.0
960,27,0.10426540284350293,0.054999999999999966,0.9999999999999887,0.5642681522294879,0.6133198738098145,0.055,1.0
961,27,0.10426540284350293,0.054999999999999966,0.9999999999999887,0.564394843056798,0.6119052767753601,0.055,1.0
962,27,0.10426540284350293,0.054999999999999966,0.9999999999999887,0.5643111197650432,0.6134275197982788,0.055,1.0
963,27,0.10426540284350293,0.054999999999999966,0.9999999999999887,0.5644221663102508,0.6136291027069092,0.055,1.0
964,27,0.10426540284350293,0.054999999999999966,0.9999999999999887,0.5643391374498605,0.6129613518714905,0.055,1.0
965,27,0.10426540284350293,0.054999999999999966,0.9999999999999887,0.5644524185359479,0.6136530041694641,0.055,1.0
966,27,0.10426540284350293,0.054999999999999966,0.9999999999999887,0.5644856151938439,0.6279198527336121,0.055,1.0
967,27,0.10426540284350293,0.054999999999999966,0.9999999999999887,0.5644902342557907,0.6268119812011719,0.055,1.0
968,27,0.10426540284350293,0.054999999999999966,0.9999999999999887,0.5642512450367212,0.6299299001693726,0.055,1.0
969,27,0.10426540284350293,0.054999999999999966,0.9999999999999887,0.5643955579400063,0.6303234696388245,0.055,1.0
970,27,0.10426540284350293,0.054999999999999966,0.9999999999999887,0.5643089246377349,0.6306061744689941,0.055,1.0
971,27,0.10426540284350293,0.054999999999999966,0.9999999999999887,0.5643870644271374,0.6339174509048462,0.055,1.0
972,27,0.10426540284350293,0.054999999999999966,0.9999999999999887,0.5640011375024915,0.6241874098777771,0.055,1.0
973,27,0.10426540284350293,0.054999999999999966,0.9999999999999887,0.5637225064262747,0.6272664666175842,0.055,1.0
974,27,0.10426540284350293,0.054999999999999966,0.9999999999999887,0.5637294926121831,0.6194562315940857,0.055,1.0
975,27,0.10426540284350293,0.054999999999999966,0.9999999999999887,0.5638058330863714,0.6203493475914001,0.055,1.0
976,27,0.10426540284350293,0.054999999999999966,0.9999999999999887,0.5637956877797842,0.6118284463882446,0.055,1.0
977,27,0.10426540284350293,0.054999999999999966,0.9999999999999887,0.5637703823298216,0.6120604276657104,0.055,1.0
978,27,0.10426540284350293,0.054999999999999966,0.9999999999999887,0.563689629137516,0.611736536026001,0.055,1.0
979,27,0.10426540284350293,0.054999999999999966,0.9999999999999887,0.5635742469504476,0.6139603853225708,0.055,1.0
980,27,0.10426540284350293,0.054999999999999966,0.9999999999999887,0.5635835741087795,0.6111125946044922,0.055,1.0
981,27,0.10426540284350293,0.054999999999999966,0.9999999999999887,0.5638359126448631,0.6136489510536194,0.055,1.0
982,27,0.10426540284350293,0.054999999999999966,0.9999999999999887,0.5638476552441716,0.61674964427948,0.055,1.0
983,27,0.10426540284350293,0.054999999999999966,0.9999999999999887,0.5638033980876207,0.6128378510475159,0.055,1.0
984,27,0.10426540284350293,0.054999999999999966,0.9999999999999887,0.5637803004309535,0.6234057545661926,0.055,1.0
985,27,0.10426540284350293,0.054999999999999966,0.9999999999999887,0.5638954411819577,0.6236078143119812,0.055,1.0
986,27,0.10426540284350293,0.054999999999999966,0.9999999999999887,0.5638852503150702,0.6242936849594116,0.055,1.0
987,27,0.10426540284350293,0.054999999999999966,0.9999999999999887,0.5639632638916373,0.6269349455833435,0.055,1.0
988,27,0.10426540284350293,0.054999999999999966,0.9999999999999887,0.5640122801810503,0.6251810193061829,0.055,1.0
989,27,0.10426540284350293,0.054999999999999966,0.9999999999999887,0.5640688584372401,0.6260988712310791,0.055,1.0
990,27,0.10426540284350293,0.054999999999999966,0.9999999999999887,0.5640168737247586,0.6259726285934448,0.055,1.0
991,27,0.10426540284350293,0.054999999999999966,0.9999999999999887,0.5638433831930161,0.6259596943855286,0.055,1.0
992,27,0.10426540284350293,0.054999999999999966,0.9999999999999887,0.5639966986700893,0.6169623136520386,0.055,1.0
993,27,0.09183064997009713,0.04812499999999997,0.9999999999999871,0.5638664155825972,0.6174691915512085,0.048125,1.0
994,27,0.09183064997009713,0.04812499999999997,0.9999999999999871,0.5640369134768843,0.6172829866409302,0.048125,1.0
995,27,0.09183064997009713,0.04812499999999997,0.9999999999999871,0.5640836441889405,0.6187317371368408,0.048125,1.0
996,27,0.09183064997009713,0.04812499999999997,0.9999999999999871,0.5638848651573062,0.6200040578842163,0.048125,1.0
997,27,0.09183064997009713,0.04812499999999997,0.9999999999999871,0.5638896111771464,0.6196079254150391,0.048125,1.0
998,27,0.09183064997009713,0.04812499999999997,0.9999999999999871,0.5639894308894873,0.6178206205368042,0.048125,1.0
999,27,0.10426540284350293,0.054999999999999966,0.9999999999999887,0.5641431410983205,0.6175826191902161,0.055,1.0
1000,27,0.10426540284350293,0.054999999999999966,0.9999999999999887,0.5641294531151653,0.6173300743103027,0.055,1.0
1001,27,0.10426540284350293,0.054999999999999966,0.9999999999999887,0.564075441583991,0.6186954379081726,0.055,1.0
1002,27,0.10426540284350293,0.054999999999999966,0.9999999999999887,0.5641591069102287,0.6201210618019104,0.055,1.0
1003,27,0.10426540284350293,0.054999999999999966,0.9999999999999887,0.5643326014280319,0.6246958374977112,0.055,1.0
1004,27,0.10426540284350293,0.054999999999999966,0.9999999999999887,0.5642871866002679,0.6229048371315002,0.055,1.0
1005,27,0.10426540284350293,0.054999999999999966,0.9999999999999887,0.5640627083927393,0.6221941113471985,0.055,1.0
1006,27,0.10426540284350293,0.054999999999999966,0.9999999999999887,0.563839155472815,0.6248841285705566,0.055,1.0
1007,27,0.10426540284350293,0.054999999999999966,0.9999999999999887,0.5639313042908907,0.624795138835907,0.055,1.0
1008,27,0.10426540284350293,0.054999999999999966,0.9999999999999887,0.5640624912828207,0.6310068368911743,0.055,1.0
1009,27,0.10426540284350293,0.054999999999999966,0.9999999999999887,0.5640862787887454,0.6308690905570984,0.055,1.0
1010,27,0.10426540284350293,0.054999999999999966,0.9999999999999887,0.5640537108480931,0.6290768384933472,0.055,1.0
1011,27,0.10426540284350293,0.054999999999999966,0.9999999999999887,0.563631867878139,0.6243462562561035,0.055,1.0
1012,27,0.10426540284350293,0.054999999999999966,0.9999999999999887,0.563614129088819,0.6198073029518127,0.055,1.0
1013,27,0.10426540284350293,0.054999999999999966,0.9999999999999887,0.5637192618846893,0.6211009621620178,0.055,1.0
1014,27,0.10426540284350293,0.054999999999999966,0.9999999999999887,0.5637977280840277,0.6276227831840515,0.055,1.0
1015,27,0.10426540284350293,0.054999999999999966,0.9999999999999887,0.5638697111234069,0.6163238286972046,0.055,1.0
1016,27,0.10426540284350293,0.054999999999999966,0.9999999999999887,0.5638346866890788,0.6152331233024597,0.055,1.0
1017,27,0.10426540284350293,0.054999999999999966,0.9999999999999887,0.5636438311636448,0.6172245144844055,0.055,1.0
1018,27,0.10426540284350293,0.054999999999999966,0.9999999999999887,0.5637594025582076,0.6164750456809998,0.055,1.0
1019,27,0.10426540284350293,0.054999999999999966,0.9999999999999887,0.5639147786051035,0.6465819478034973,0.055,1.0
1020,27,0.10426540284350293,0.054999999999999966,0.9999999999999887,0.5638831531256437,0.6223109364509583,0.055,1.0
1021,27,0.10426540284350293,0.054999999999999966,0.9999999999999887,0.5639579356834292,0.6177950501441956,0.055,1.0
1022,27,0.10426540284350293,0.054999999999999966,0.9999999999999887,0.5639360287413001,0.6166505813598633,0.055,1.0
1023,27,0.10426540284350293,0.054999999999999966,0.9999999999999887,0.5637666162475944,0.6169955730438232,0.055,1.0
1024,27,0.10426540284350293,0.054999999999999966,0.9999999999999887,0.5638686153665184,0.6141082048416138,0.055,1.0
1025,27,0.10426540284350293,0.054999999999999966,0.9999999999999887,0.5641019932180643,0.6163800954818726,0.055,1.0
1026,27,0.10426540284350293,0.054999999999999966,0.9999999999999887,0.5640994156897068,0.6164740324020386,0.055,1.0
1027,27,0.10426540284350293,0.054999999999999966,0.9999999999999887,0.5642812144756317,0.6188697218894958,0.055,1.0
1028,27,0.10426540284350293,0.054999999999999966,0.9999999999999887,0.56419362667948,0.6153272986412048,0.055,1.0
1029,27,0.10426540284350293,0.054999999999999966,0.9999999999999887,0.5639826507866382,0.622319221496582,0.055,1.0
1030,27,0.10426540284350293,0.054999999999999966,0.9999999999999887,0.5640228078886866,0.6236505508422852,0.055,1.0
1031,27,0.10426540284350293,0.054999999999999966,0.9999999999999887,0.5641154935956001,0.6272422671318054,0.055,1.0
1032,27,0.10426540284350293,0.054999999999999966,0.9999999999999887,0.5641745268926024,0.631919264793396,0.055,1.0
1033,27,0.10426540284350293,0.054999999999999966,0.9999999999999887,0.5640296772867441,0.63162761926651,0.055,1.0
1034,27,0.10426540284350293,0.054999999999999966,0.9999999999999887,0.563510871194303,0.6251764893531799,0.055,1.0
1035,27,0.10426540284350293,0.054999999999999966,0.9999999999999887,0.563562845736742,0.6204260587692261,0.055,1.0
1036,27,0.10426540284350293,0.054999999999999966,0.9999999999999887,0.5636510213837027,0.6262598633766174,0.055,1.0
1037,27,0.10426540284350293,0.054999999999999966,0.9999999999999887,0.5636219476908445,0.6306189298629761,0.055,1.0
1038,27,0.10426540284350293,0.054999999999999966,0.9999999999999887,0.5637172739580274,0.6286055445671082,0.055,1.0
1039,27,0.10426540284350293,0.054999999999999966,0.9999999999999887,0.5637173007056117,0.6278053522109985,0.055,1.0
1040,27,0.10426540284350293,0.054999999999999966,0.9999999999999887,0.5636412750184536,0.6271483898162842,0.055,1.0
1041,27,0.10426540284350293,0.054999999999999966,0.9999999999999887,0.5636096296831965,0.6265008449554443,0.055,1.0
1042,27,0.10426540284350293,0.054999999999999966,0.9999999999999887,0.5640511751174927,0.6220536231994629,0.055,1.0
1043,27,0.10426540284350293,0.054999999999999966,0.9999999999999887,0.5640918738394975,0.6165674328804016,0.055,1.0
1044,27,0.10426540284350293,0.054999999999999966,0.9999999999999887,0.5639789565652609,0.6161223649978638,0.055,1.0
1045,27,0.10426540284350293,0.054999999999999966,0.9999999999999887,0.5641301257908344,0.6176816821098328,0.055,1.0
1046,27,0.10426540284350293,0.054999999999999966,0.9999999999999887,0.5642089628055692,0.619657576084137,0.055,1.0
1047,27,0.10426540284350293,0.054999999999999966,0.9999999999999887,0.5641049325093627,0.6215888261795044,0.055,1.0
1048,27,0.10314167160630396,0.05437499999999997,0.9999999999999886,0.5640536915138363,0.6188527345657349,0.054375,1.0
1049,27,0.09183064997009713,0.04812499999999997,0.9999999999999871,0.5642286062985659,0.6207330822944641,0.048125,1.0
1050,27,0.09183064997009713,0.04812499999999997,0.9999999999999871,0.5642063781991601,0.6238319277763367,0.048125,1.0
1051,27,0.09183064997009713,0.04812499999999997,0.9999999999999871,0.5641615580394864,0.6186650395393372,0.048125,1.0
1052,27,0.09183064997009713,0.04812499999999997,0.9999999999999871,0.5641271062195301,0.6144081354141235,0.048125,1.0
1053,27,0.10426540284350293,0.054999999999999966,0.9999999999999887,0.5639185529202223,0.6136640310287476,0.055,1.0
1054,27,0.10426540284350293,0.054999999999999966,0.9999999999999887,0.564200820364058,0.6127256155014038,0.055,1.0
1055,27,0.10426540284350293,0.054999999999999966,0.9999999999999887,0.5642018302530051,0.6119104623794556,0.055,1.0
1056,27,0.10426540284350293,0.054999999999999966,0.9999999999999887,0.5640700565651059,0.6124785542488098,0.055,1.0
1057,27,0.10426540284350293,0.054999999999999966,0.9999999999999887,0.5639101409167051,0.6160790920257568,0.055,1.0
1058,27,0.10089020771503761,0.05312499999999997,0.9999999999999883,0.5638045116513968,0.6150965094566345,0.053125,1.0
1059,27,0.10762862211698851,0.05687499999999997,0.9999999999999891,0.5642237028479576,0.6298210024833679,0.056875,1.0
1060,27,0.10314167160630396,0.05437499999999997,0.9999999999999886,0.5641241592168807,0.6262478232383728,0.054375,1.0
1061,27,0.10426540284350293,0.054999999999999966,0.9999999999999887,0.5641062146425248,0.6265650391578674,0.055,1.0
1062,27,0.10426540284350293,0.054999999999999966,0.9999999999999887,0.5641064514219761,0.6265631318092346,0.055,1.0
1063,27,0.10426540284350293,0.054999999999999966,0.9999999999999887,0.5640360027179122,0.6260236501693726,0.055,1.0
1064,27,0.10426540284350293,0.054999999999999966,0.9999999999999887,0.5640196270868182,0.625866711139679,0.055,1.0
1065,27,0.10426540284350293,0.054999999999999966,0.9999999999999887,0.564006508924067,0.6255598664283752,0.055,1.0
1066,27,0.10426540284350293,0.054999999999999966,0.9999999999999887,0.5643003559485078,0.6197665929794312,0.055,1.0
1067,27,0.10426540284350293,0.054999999999999966,0.9999999999999887,0.5642992717400194,0.6160035133361816,0.055,1.0
1068,27,0.10426540284350293,0.054999999999999966,0.9999999999999887,0.5642839125916361,0.6149567365646362,0.055,1.0
1069,27,0.10426540284350293,0.054999999999999966,0.9999999999999887,0.5641167453303934,0.6170707941055298,0.055,1.0
1070,27,0.10426540284350293,0.054999999999999966,0.9999999999999887,0.5639945066720248,0.6185591220855713,0.055,1.0
1071,27,0.10426540284350293,0.054999999999999966,0.9999999999999887,0.5639584964886307,0.6191427111625671,0.055,1.0
1072,27,0.10426540284350293,0.054999999999999966,0.9999999999999887,0.5640922839194537,0.620410144329071,0.055,1.0
1073,27,0.09863339275094592,0.05187499999999997,0.999999999999988,0.5641759845986962,0.6163209676742554,0.051875,1.0
1074,27,0.09637120761442332,0.05062499999999997,0.9999999999999877,0.5640463589876891,0.6139248609542847,0.050625,1.0
1075,27,0.09637120761442332,0.05062499999999997,0.9999999999999877,0.563859335295856,0.6162295341491699,0.050625,1.0
1076,27,0.09410363311485959,0.049374999999999974,0.9999999999999875,0.5638323558494449,0.61458820104599,0.049375,1.0
1077,27,0.09183064997009713,0.04812499999999997,0.9999999999999871,0.5639370552450419,0.6140940189361572,0.048125,1.0
1078,27,0.09183064997009713,0.04812499999999997,0.9999999999999871,0.5640197140350938,0.6112831830978394,0.048125,1.0
1079,27,0.09183064997009713,0.04812499999999997,0.9999999999999871,0.5643281669169664,0.6093326210975647,0.048125,1.0
1080,27,0.09183064997009713,0.04812499999999997,0.9999999999999871,0.5642883286625147,0.6088418960571289,0.048125,1.0
1081,27,0.09750297265151237,0.05124999999999997,0.9999999999999879,0.564320119433105,0.6114612817764282,0.05125,1.0
1082,27,0.0997624703086937,0.05249999999999997,0.9999999999999881,0.5642863266170025,0.6130915284156799,0.0525,1.0
1083,27,0.0997624703086937,0.05249999999999997,0.9999999999999881,0.5643730357289314,0.6130603551864624,0.0525,1.0
1084,27,0.10201660735458871,0.05374999999999997,0.9999999999999885,0.5644690200686455,0.6140429973602295,0.05375,1.0
1085,27,0.10426540284350293,0.054999999999999966,0.9999999999999887,0.5644067734852434,0.61165851354599,0.055,1.0
1086,27,0.10426540284350293,0.054999999999999966,0.9999999999999887,0.5642721085250377,0.6152194142341614,0.055,1.0
1087,27,0.10426540284350293,0.054999999999999966,0.9999999999999887,0.5640638786926866,0.6179513335227966,0.055,1.0
1088,27,0.10426540284350293,0.054999999999999966,0.9999999999999887,0.5640370310097933,0.619821310043335,0.055,1.0
1089,27,0.10426540284350293,0.054999999999999966,0.9999999999999887,0.5639682319387793,0.6174089908599854,0.055,1.0
1090,27,0.10426540284350293,0.054999999999999966,0.9999999999999887,0.5641062485426664,0.6132411360740662,0.055,1.0
1091,27,0.10426540284350293,0.054999999999999966,0.9999999999999887,0.5640809530764819,0.6108253002166748,0.055,1.0
1092,27,0.10426540284350293,0.054999999999999966,0.9999999999999887,0.5640916210785508,0.6101062893867493,0.055,1.0
1093,27,0.10426540284350293,0.054999999999999966,0.9999999999999887,0.5641056856513024,0.6139285564422607,0.055,1.0
1094,27,0.10426540284350293,0.054999999999999966,0.9999999999999887,0.5640059809014201,0.613435685634613,0.055,1.0
1095,27,0.10426540284350293,0.054999999999999966,0.9999999999999887,0.5641005032509565,0.617749810218811,0.055,1.0
1096,27,0.10426540284350293,0.054999999999999966,0.9999999999999887,0.5641651288419962,0.6335160136222839,0.055,1.0
1097,27,0.10426540284350293,0.054999999999999966,0.9999999999999887,0.5641280037537217,0.6228739023208618,0.055,1.0
1098,27,0.10426540284350293,0.054999999999999966,0.9999999999999887,0.5640218138322234,0.624596357345581,0.055,1.0
1099,27,0.10426540284350293,0.054999999999999966,0.9999999999999887,0.5639671368151903,0.6221708655357361,0.055,1.0
1100,27,0.10426540284350293,0.054999999999999966,0.9999999999999887,0.5640284882485866,0.6225643157958984,0.055,1.0
1101,27,0.10426540284350293,0.054999999999999966,0.9999999999999887,0.5640695041790604,0.6205103993415833,0.055,1.0
1102,27,0.10426540284350293,0.054999999999999966,0.9999999999999887,0.564159771874547,0.6560882925987244,0.055,1.0
1103,27,0.10426540284350293,0.054999999999999966,0.9999999999999887,0.5642278334870935,0.6171141862869263,0.055,1.0
1104,27,0.10426540284350293,0.054999999999999966,0.9999999999999887,0.5640826991945506,0.6100904941558838,0.055,1.0
1105,27,0.10426540284350293,0.054999999999999966,0.9999999999999887,0.5639323956146837,0.6126855611801147,0.055,1.0
1106,27,0.10426540284350293,0.054999999999999966,0.9999999999999887,0.5640750164166093,0.6134802103042603,0.055,1.0
1107,27,0.10426540284350293,0.054999999999999966,0.9999999999999887,0.5640761192888022,0.615917444229126,0.055,1.0
1108,27,0.10426540284350293,0.054999999999999966,0.9999999999999887,0.5640189889073371,0.6135717630386353,0.055,1.0
1109,27,0.10426540284350293,0.054999999999999966,0.9999999999999887,0.564052456766367,0.6298118829727173,0.055,1.0
1110,27,0.10426540284350293,0.054999999999999966,0.9999999999999887,0.5638742640614509,0.6164646744728088,0.055,1.0
1111,27,0.10426540284350293,0.054999999999999966,0.9999999999999887,0.5639347131550312,0.6155810952186584,0.055,1.0
1112,27,0.10426540284350293,0.054999999999999966,0.9999999999999887,0.5640417101606726,0.620747983455658,0.055,1.0
1113,27,0.10426540284350293,0.054999999999999966,0.9999999999999887,0.563959726691246,0.6214056015014648,0.055,1.0
1114,27,0.10426540284350293,0.054999999999999966,0.9999999999999887,0.5639934894815087,0.6178418397903442,0.055,1.0
1115,27,0.10426540284350293,0.054999999999999966,0.9999999999999887,0.5640448198467493,0.6192409992218018,0.055,1.0
1116,27,0.10426540284350293,0.054999999999999966,0.9999999999999887,0.5639071321487427,0.6191734075546265,0.055,1.0
1117,27,0.10426540284350293,0.054999999999999966,0.9999999999999887,0.5638579991832375,0.6260920763015747,0.055,1.0
1118,27,0.10426540284350293,0.054999999999999966,0.9999999999999887,0.5639928165078163,0.6291848421096802,0.055,1.0
1119,27,0.10426540284350293,0.054999999999999966,0.9999999999999887,0.5639823029190302,0.6320697069168091,0.055,1.0
1120,27,0.10426540284350293,0.054999999999999966,0.9999999999999887,0.5643031326308846,0.6298967003822327,0.055,1.0
1121,27,0.10426540284350293,0.054999999999999966,0.9999999999999887,0.5640887150540947,0.6265836358070374,0.055,1.0
1122,27,0.10426540284350293,0.054999999999999966,0.9999999999999887,0.5640689196065068,0.6291784048080444,0.055,1.0
1123,27,0.10426540284350293,0.054999999999999966,0.9999999999999887,0.5641129999235273,0.6272295117378235,0.055,1.0
1124,27,0.10426540284350293,0.054999999999999966,0.9999999999999887,0.5641308376193046,0.628410816192627,0.055,1.0
1125,27,0.10426540284350293,0.054999999999999966,0.9999999999999887,0.5641724613308906,0.6138787865638733,0.055,1.0
1126,27,0.10426540284350293,0.054999999999999966,0.9999999999999887,0.5640947974473238,0.6174570322036743,0.055,1.0
1127,27,0.09750297265151237,0.05124999999999997,0.9999999999999879,0.5640691628679633,0.616679310798645,0.05125,1.0
1128,27,0.09183064997009713,0.04812499999999997,0.9999999999999871,0.5637855794653297,0.6164877414703369,0.048125,1.0
1129,27,0.09183064997009713,0.04812499999999997,0.9999999999999871,0.5640625415369869,0.6210244297981262,0.048125,1.0
1130,27,0.09183064997009713,0.04812499999999997,0.9999999999999871,0.5642005171254277,0.6202929019927979,0.048125,1.0
1131,27,0.09183064997009713,0.04812499999999997,0.9999999999999871,0.5643169621005655,0.6215174794197083,0.048125,1.0
1132,27,0.09183064997009713,0.04812499999999997,0.9999999999999871,0.5645066054537893,0.6216763257980347,0.048125,1.0
1133,27,0.09183064997009713,0.04812499999999997,0.9999999999999871,0.5643871764838696,0.6238271594047546,0.048125,1.0
1134,27,0.09183064997009713,0.04812499999999997,0.9999999999999871,0.5645126650109887,0.6216635704040527,0.048125,1.0
1135,27,0.09863339275094592,0.05187499999999997,0.999999999999988,0.5645560881122946,0.6221957206726074,0.051875,1.0
1136,27,0.10426540284350293,0.054999999999999966,0.9999999999999887,0.5645412443950772,0.6576820015907288,0.055,1.0
1137,27,0.10426540284350293,0.054999999999999966,0.9999999999999887,0.564572639465332,0.6129692792892456,0.055,1.0
1138,27,0.10426540284350293,0.054999999999999966,0.9999999999999887,0.5643883002921939,0.6136621236801147,0.055,1.0
1139,27,0.10426540284350293,0.054999999999999966,0.9999999999999887,0.564243345707655,0.6138195395469666,0.055,1.0
1140,27,0.10426540284350293,0.054999999999999966,0.9999999999999887,0.5642035942524671,0.6142521500587463,0.055,1.0
1141,27,0.10426540284350293,0.054999999999999966,0.9999999999999887,0.5641784244775772,0.6143024563789368,0.055,1.0
1142,27,0.10426540284350293,0.054999999999999966,0.9999999999999887,0.5642516545951366,0.6088739633560181,0.055,1.0
1143,27,0.10426540284350293,0.054999999999999966,0.9999999999999887,0.5643951651826501,0.6092202067375183,0.055,1.0
1144,28,0.09183064997009713,0.04812499999999997,0.9999999999999871,0.5650632029026746,0.6420171856880188,0.048125,1.0
1145,28,0.09183064997009713,0.04812499999999997,0.9999999999999871,0.5648256491869688,0.644882321357727,0.048125,1.0
1146,28,0.09183064997009713,0.04812499999999997,0.9999999999999871,0.5644192540273071,0.6454973220825195,0.048125,1.0
1147,28,0.09183064997009713,0.04812499999999997,0.9999999999999871,0.5631790808960795,0.6665511727333069,0.048125,1.0
1148,28,0.07923169267699463,0.041249999999999974,0.9999999999999849,0.5657795121893286,0.6268759965896606,0.04125,1.0
1149,28,0.09183064997009713,0.04812499999999997,0.9999999999999871,0.5657099010795354,0.6271155476570129,0.048125,1.0
1150,28,0.09183064997009713,0.04812499999999997,0.9999999999999871,0.5654141605645419,0.6820291876792908,0.048125,1.0
1151,28,0.09183064997009713,0.04812499999999997,0.9999999999999871,0.5653906619176269,0.6793295741081238,0.048125,1.0
1152,28,0.09183064997009713,0.04812499999999997,0.9999999999999871,0.565271974876523,0.6798908114433289,0.048125,1.0
1153,28,0.07923169267699463,0.041249999999999974,0.9999999999999849,0.5652212354168296,0.6776309609413147,0.04125,1.0
1154,28,0.09183064997009713,0.04812499999999997,0.9999999999999871,0.565377424955368,0.67067551612854,0.048125,1.0
1155,28,0.09183064997009713,0.04812499999999997,0.9999999999999871,0.5650984874740242,0.6693406701087952,0.048125,1.0
1156,28,0.07923169267699463,0.041249999999999974,0.9999999999999849,0.5659065508097411,0.6217634677886963,0.04125,1.0
1157,28,0.09183064997009713,0.04812499999999997,0.9999999999999871,0.5648630706965924,0.6230010390281677,0.048125,1.0
1158,28,0.09183064997009713,0.04812499999999997,0.9999999999999871,0.5648598464950919,0.6283445954322815,0.048125,1.0
1159,28,0.10426540284350293,0.054999999999999966,0.9999999999999887,0.5650612764433026,0.6468638181686401,0.055,1.0
1160,28,0.10426540284350293,0.054999999999999966,0.9999999999999887,0.5650376281887293,0.6445261240005493,0.055,1.0
