seg_id,Subject_ID,Mask_F1,Mask_Precision,Mask_Recall,Mask_Prob_Mean,Mask_Prob_Max,Mask_True_Sparsity,Mask_Pred_Sparsity
0,25,0.11934900542484245,0.06346153846153843,0.9999999999999899,0.57048304669559,0.8102012276649475,0.061875,0.975
1,25,0.11934900542484245,0.06346153846153843,0.9999999999999899,0.5706220363639295,0.7937334179878235,0.061875,0.975
2,25,0.11906193625965938,0.06329923273657286,0.9999999999999899,0.5706103521585465,0.7768239378929138,0.061875,0.9775
3,25,0.11863391252235679,0.06305732484076429,0.9999999999999899,0.5706484786048531,0.7690386772155762,0.061875,0.98125
4,25,0.11856287425138534,0.06301718650541054,0.9999999999999899,0.570866396073252,0.759719967842102,0.061875,0.981875
5,25,0.11835026897777257,0.06289707750952983,0.9999999999999899,0.5709375900775194,0.7535726428031921,0.061875,0.98375
6,25,0.10583283223080762,0.05587301587301584,0.9999999999999887,0.5709948711283505,0.7410674691200256,0.055,0.984375
7,25,0.10628019323661421,0.0561224489795918,0.9999999999999887,0.5709202545881271,0.7435998320579529,0.055,0.98
8,25,0.11750599520372619,0.06242038216560506,0.9999999999999899,0.5709752722270787,0.7402744293212891,0.06125,0.98125
9,25,0.1184210526314674,0.0629370629370629,0.9999999999999899,0.5711174887418747,0.7403509616851807,0.061875,0.983125
10,25,0.11820895522376923,0.0628172588832487,0.9999999999999899,0.5709736376814544,0.7472913265228271,0.061875,0.985
11,25,0.11820895522376923,0.0628172588832487,0.9999999999999899,0.5710543971508741,0.743834376335144,0.061875,0.985
12,25,0.11806797853298356,0.0627376425855513,0.9999999999999899,0.5710806110873818,0.743720531463623,0.061875,0.98625
13,25,0.11792733770090137,0.06265822784810123,0.9999999999999899,0.571068297624588,0.7444730401039124,0.061875,0.9875
14,25,0.11806797853298356,0.0627376425855513,0.9999999999999899,0.5710496453568339,0.7483773231506348,0.061875,0.98625
15,25,0.11792733770090137,0.06265822784810123,0.9999999999999899,0.5709789766184986,0.7500908374786377,0.061875,0.9875
16,25,0.10671462829726096,0.05636478784040529,0.9999999999999888,0.5709145041182637,0.7503494024276733,0.055625,0.986875
17,25,0.11799761620966234,0.06269791006966431,0.9999999999999899,0.5709561208635568,0.7532373070716858,0.061875,0.986875
18,25,0.11799761620966234,0.06269791006966431,0.9999999999999899,0.5706581708602607,0.7713385224342346,0.061875,0.986875
19,25,0.11764705882341855,0.062499999999999965,0.9999999999999899,0.5708790820837021,0.7689130902290344,0.061875,0.99
20,25,0.1175771971495329,0.06246056782334381,0.9999999999999899,0.5707871810533106,0.7667242884635925,0.061875,0.990625
21,25,0.11764705882341855,0.062499999999999965,0.9999999999999899,0.5707736147753895,0.7697502374649048,0.061875,0.99
22,25,0.1175771971495329,0.06246056782334381,0.9999999999999899,0.5708221344090998,0.7699012756347656,0.061875,0.990625
23,25,0.11743772241981813,0.06238185255198484,0.9999999999999899,0.5707980037480592,0.7667452692985535,0.061875,0.991875
24,25,0.12948793407874867,0.06922592825676523,0.999999999999991,0.5708002871833742,0.7679579854011536,0.06875,0.993125
25,25,0.11736810906924328,0.06234256926952138,0.9999999999999899,0.5709201880730689,0.7653652429580688,0.061875,0.9925
26,25,0.11736810906924328,0.06234256926952138,0.9999999999999899,0.5707714087702334,0.7431559562683105,0.061875,0.9925
27,25,0.11715976331349903,0.062225015713387774,0.9999999999999899,0.570948069319129,0.7464917898178101,0.061875,0.994375
28,25,0.11709047900639465,0.06218592964824117,0.9999999999999899,0.5709938183613121,0.7364288568496704,0.061875,0.995
29,25,0.11729857819894156,0.0623033354310887,0.9999999999999899,0.5709492315910757,0.7346700429916382,0.061875,0.993125
30,25,0.11736810906924328,0.06234256926952138,0.9999999999999899,0.5709433895163238,0.7350873947143555,0.061875,0.9925
31,25,0.11764705882341855,0.062499999999999965,0.9999999999999899,0.5708895184472204,0.73848557472229,0.061875,0.99
32,25,0.10532615200468765,0.055590650663297506,0.9999999999999887,0.5709457602910697,0.7406768202781677,0.055,0.989375
33,25,0.10532615200468765,0.055590650663297506,0.9999999999999887,0.5710010057501494,0.7422458529472351,0.055,0.989375
34,25,0.10564225690266092,0.05576679340937893,0.9999999999999887,0.5708569505251944,0.7462568879127502,0.055,0.98625
35,25,0.10576923076913046,0.055837563451776616,0.9999999999999887,0.5707991387695074,0.7468308210372925,0.055,0.985
36,25,0.11792733770090137,0.06265822784810123,0.9999999999999899,0.5708502752892674,0.7506941556930542,0.061875,0.9875
37,25,0.11778703152874087,0.0625790139064475,0.9999999999999899,0.5709009237214923,0.7494456171989441,0.061875,0.98875
38,25,0.11806797853298356,0.0627376425855513,0.9999999999999899,0.5710234979912638,0.7417204976081848,0.061875,0.98625
39,25,0.11799761620966234,0.06269791006966431,0.9999999999999899,0.571060755122453,0.7422569394111633,0.061875,0.986875
40,25,0.11792733770090137,0.06265822784810123,0.9999999999999899,0.571033901758492,0.7436554431915283,0.061875,0.9875
41,25,0.11799761620966234,0.06269791006966431,0.9999999999999899,0.570947887916118,0.7453609108924866,0.061875,0.986875
42,25,0.11764705882341855,0.062499999999999965,0.9999999999999899,0.5709763422235846,0.7451810240745544,0.061875,0.99
43,25,0.11799761620966234,0.06269791006966431,0.9999999999999899,0.5709707394614816,0.7466199994087219,0.061875,0.986875
44,25,0.10570570570560545,0.055802155992390585,0.9999999999999887,0.5710827499069273,0.7438245415687561,0.055,0.985625
45,25,0.10576923076913046,0.055837563451776616,0.9999999999999887,0.5710745261982083,0.7514632344245911,0.055,0.985
46,25,0.11792733770090137,0.06265822784810123,0.9999999999999899,0.5711743807792664,0.7538148760795593,0.061875,0.9875
47,25,0.11750741839751536,0.06242118537200501,0.9999999999999899,0.5708277383260429,0.7425359487533569,0.061875,0.99125
48,25,0.11771700356707099,0.06253948199620969,0.9999999999999899,0.5711584482714533,0.7517006397247314,0.061875,0.989375
49,25,0.11778703152874087,0.0625790139064475,0.9999999999999899,0.5712289743870497,0.7519237399101257,0.061875,0.98875
50,25,0.11785714285703178,0.0626185958254269,0.9999999999999899,0.5712855574302376,0.7563830018043518,0.061875,0.988125
51,25,0.11764705882341855,0.062499999999999965,0.9999999999999899,0.5712811923027039,0.7614331245422363,0.061875,0.99
52,25,0.11764705882341855,0.062499999999999965,0.9999999999999899,0.5712712631002068,0.7666687965393066,0.061875,0.99
53,25,0.11743772241981813,0.06238185255198484,0.9999999999999899,0.5712480317428708,0.7649223208427429,0.061875,0.991875
54,25,0.10507462686557197,0.0554505356017643,0.9999999999999887,0.5712547444738447,0.7613126635551453,0.055,0.991875
55,25,0.11785714285703178,0.0626185958254269,0.9999999999999899,0.5711532146297396,0.7491624355316162,0.061875,0.988125
56,25,0.11771700356707099,0.06253948199620969,0.9999999999999899,0.5711280709505081,0.7536553144454956,0.061875,0.989375
57,25,0.11736810906924328,0.06234256926952138,0.9999999999999899,0.5709721171855926,0.7503886818885803,0.061875,0.9925
58,25,0.11736810906924328,0.06234256926952138,0.9999999999999899,0.5712030892446637,0.7463895082473755,0.061875,0.9925
59,25,0.11736810906924328,0.06234256926952138,0.9999999999999899,0.5711917111463845,0.7466537356376648,0.061875,0.9925
60,25,0.11736810906924328,0.06234256926952138,0.9999999999999899,0.5712325074337423,0.7473728060722351,0.061875,0.9925
61,25,0.11736810906924328,0.06234256926952138,0.9999999999999899,0.5711682485975325,0.7455271482467651,0.061875,0.9925
62,25,0.11729857819894156,0.0623033354310887,0.9999999999999899,0.5711539443396032,0.7472028732299805,0.061875,0.993125
63,25,0.11771700356707099,0.06253948199620969,0.9999999999999899,0.5711579694412648,0.7452166080474854,0.061875,0.989375
64,25,0.11771700356707099,0.06253948199620969,0.9999999999999899,0.570991493538022,0.7499209046363831,0.061875,0.989375
65,25,0.11771700356707099,0.06253948199620969,0.9999999999999899,0.5710042036883533,0.7532874345779419,0.061875,0.989375
66,25,0.1175771971495329,0.06246056782334381,0.9999999999999899,0.5708413718827069,0.7502122521400452,0.061875,0.990625
67,25,0.11743772241981813,0.06238185255198484,0.9999999999999899,0.5707987546548248,0.74350506067276,0.061875,0.991875
68,25,0.11750741839751536,0.06242118537200501,0.9999999999999899,0.5707797084376216,0.738989531993866,0.061875,0.99125
69,25,0.11785714285703178,0.0626185958254269,0.9999999999999899,0.5708309606090188,0.7385067343711853,0.061875,0.988125
70,25,0.13010053222932824,0.06957621758380768,0.999999999999991,0.5708017378300428,0.7407982349395752,0.06875,0.988125
71,25,0.11764705882341855,0.062499999999999965,0.9999999999999899,0.570705628823489,0.7407599091529846,0.061875,0.99
72,25,0.1175771971495329,0.06246056782334381,0.9999999999999899,0.5708391203172505,0.7394586801528931,0.061875,0.990625
73,25,0.1175771971495329,0.06246056782334381,0.9999999999999899,0.5708359237201512,0.7413647770881653,0.061875,0.990625
74,25,0.11750741839751536,0.06242118537200501,0.9999999999999899,0.5708089260570705,0.7428529262542725,0.061875,0.99125
75,25,0.1175771971495329,0.06246056782334381,0.9999999999999899,0.5708146512322128,0.7425944209098816,0.061875,0.990625
76,25,0.12971698113195398,0.06935687263556112,0.999999999999991,0.5708684942498803,0.7436712980270386,0.06875,0.99125
77,25,0.12979351032436226,0.06940063091482646,0.999999999999991,0.5709723185934127,0.742192804813385,0.06875,0.990625
78,25,0.1175771971495329,0.06246056782334381,0.9999999999999899,0.5708691512793302,0.7365640997886658,0.061875,0.990625
79,25,0.11729857819894156,0.0623033354310887,0.9999999999999899,0.5709490515105426,0.7367392778396606,0.061875,0.993125
80,25,0.11729857819894156,0.0623033354310887,0.9999999999999899,0.5708429216966033,0.7390555739402771,0.061875,0.993125
81,25,0.1172291296624117,0.06226415094339619,0.9999999999999899,0.5709215334057808,0.7385454177856445,0.061875,0.99375
82,25,0.1172291296624117,0.06226415094339619,0.9999999999999899,0.5709198114089667,0.7390869855880737,0.061875,0.99375
83,25,0.12925969447696473,0.06909547738693464,0.999999999999991,0.5708899004757404,0.7580872178077698,0.06875,0.995
84,25,0.11702127659563438,0.06214689265536719,0.9999999999999899,0.5706957597471773,0.7509457468986511,0.061875,0.995625
85,25,0.11695215593609766,0.062107904642409,0.9999999999999899,0.5709867689199746,0.7533853054046631,0.061875,0.99625
86,25,0.11688311688300669,0.062068965517241344,0.9999999999999899,0.5709171543642878,0.7573992013931274,0.061875,0.996875
87,25,0.11695215593609766,0.062107904642409,0.9999999999999899,0.5709006780385971,0.7571810483932495,0.061875,0.99625
88,25,0.11702127659563438,0.06214689265536719,0.9999999999999899,0.5708460357040167,0.7578596472740173,0.061875,0.995625
89,25,0.11715976331349903,0.062225015713387774,0.9999999999999899,0.5708067460730671,0.7576152086257935,0.061875,0.994375
90,25,0.1172291296624117,0.06226415094339619,0.9999999999999899,0.5709620732814074,0.7605941295623779,0.061875,0.99375
91,25,0.11771700356707099,0.06253948199620969,0.9999999999999899,0.571025966592133,0.7436825633049011,0.061875,0.989375
92,25,0.11729857819894156,0.0623033354310887,0.9999999999999899,0.5706070137768984,0.7448095083236694,0.061875,0.993125
93,25,0.11750741839751536,0.06242118537200501,0.9999999999999899,0.5708055011741817,0.7480699419975281,0.061875,0.99125
94,25,0.11792733770090137,0.06265822784810123,0.9999999999999899,0.5707070198096335,0.7457062602043152,0.061875,0.9875
95,25,0.11820895522376923,0.0628172588832487,0.9999999999999899,0.57090342245996,0.7466580867767334,0.061875,0.985
96,25,0.11835026897777257,0.06289707750952983,0.9999999999999899,0.570845141466707,0.7445668578147888,0.061875,0.98375
97,25,0.11827956989236169,0.06285714285714282,0.9999999999999899,0.5708306831121445,0.7450740337371826,0.061875,0.984375
98,25,0.11827956989236169,0.06285714285714282,0.9999999999999899,0.5708742172271013,0.7446529269218445,0.061875,0.984375
99,25,0.11835026897777257,0.06289707750952983,0.9999999999999899,0.5709096114337444,0.7463093400001526,0.061875,0.98375
100,25,0.11863391252235679,0.06305732484076429,0.9999999999999899,0.5707405185326934,0.7503886818885803,0.061875,0.98125
101,25,0.11906193625965938,0.06329923273657286,0.9999999999999899,0.5709714706800878,0.7444409728050232,0.061875,0.9775
102,25,0.11891891891880693,0.06321839080459767,0.9999999999999899,0.5710882621258497,0.7453573346138,0.061875,0.97875
103,25,0.11877624475093793,0.06313775510204078,0.9999999999999899,0.5711640226095915,0.7466344833374023,0.061875,0.98
104,25,0.11891891891880693,0.06321839080459767,0.9999999999999899,0.5710881850868463,0.7522133588790894,0.061875,0.97875
105,25,0.11877624475093793,0.06313775510204078,0.9999999999999899,0.5711100598983466,0.7542710900306702,0.061875,0.98
106,25,0.11870503597111122,0.06309751434034414,0.9999999999999899,0.5710122528858483,0.7530362010002136,0.061875,0.980625
107,25,0.10615199034971841,0.056050955414012706,0.9999999999999887,0.5710160457901656,0.7492085099220276,0.055,0.98125
108,25,0.11827956989236169,0.06285714285714282,0.9999999999999899,0.5706857755221426,0.7659941911697388,0.061875,0.984375
109,25,0.11785714285703178,0.0626185958254269,0.9999999999999899,0.5707990272343159,0.7649155855178833,0.061875,0.988125
110,25,0.11806797853298356,0.0627376425855513,0.9999999999999899,0.5708674235455692,0.7635385394096375,0.061875,0.98625
111,25,0.11813842482089107,0.0627774254914394,0.9999999999999899,0.5708451579511166,0.7696754336357117,0.061875,0.985625
112,25,0.11827956989236169,0.06285714285714282,0.9999999999999899,0.5708818569220603,0.7707948088645935,0.061875,0.984375
113,25,0.11820895522376923,0.0628172588832487,0.9999999999999899,0.570889914445579,0.7682444453239441,0.061875,0.985
114,25,0.11806797853298356,0.0627376425855513,0.9999999999999899,0.5708440264500677,0.7648918032646179,0.061875,0.98625
115,25,0.11799761620966234,0.06269791006966431,0.9999999999999899,0.5707161401957274,0.7612584233283997,0.061875,0.986875
116,25,0.10634441087603211,0.05615826419910654,0.9999999999999887,0.5708396057970822,0.7429332733154297,0.055,0.979375
117,25,0.11304870715563584,0.059910771191841905,0.9999999999999895,0.5708107562176883,0.7548031806945801,0.05875,0.980625
118,25,0.11820895522376923,0.0628172588832487,0.9999999999999899,0.5707575681805611,0.7607384920120239,0.061875,0.985
119,25,0.11806797853298356,0.0627376425855513,0.9999999999999899,0.5709369054064155,0.7531880736351013,0.061875,0.98625
120,25,0.11792733770090137,0.06265822784810123,0.9999999999999899,0.5708849397860467,0.7539833784103394,0.061875,0.9875
121,25,0.12994683992899825,0.06948831332912188,0.999999999999991,0.5710655928775669,0.7525724768638611,0.06875,0.989375
122,25,0.1300236406618168,0.06953223767383056,0.999999999999991,0.5709489673934877,0.7465970516204834,0.06875,0.98875
123,25,0.12994683992899825,0.06948831332912188,0.999999999999991,0.5710542458482086,0.7465437650680542,0.06875,0.989375
124,25,0.1293356848911193,0.06913890634820863,0.999999999999991,0.5709957831911743,0.7474937438964844,0.06875,0.994375
125,25,0.12249705535913102,0.06524466750313672,0.9999999999999905,0.5709328408539295,0.7503400444984436,0.065,0.99625
126,25,0.11715976331349903,0.062225015713387774,0.9999999999999899,0.5707723063603044,0.7499407529830933,0.061875,0.994375
127,25,0.1293356848911193,0.06913890634820863,0.999999999999991,0.5706825876049697,0.7541669607162476,0.06875,0.994375
128,25,0.12956419316831214,0.06926952141057931,0.999999999999991,0.5705491519346834,0.7454172372817993,0.06875,0.9925
129,25,0.11750741839751536,0.06242118537200501,0.9999999999999899,0.5709246668964625,0.7416508197784424,0.061875,0.99125
130,25,0.11771700356707099,0.06253948199620969,0.9999999999999899,0.5709144731797278,0.7539209723472595,0.061875,0.989375
131,25,0.11785714285703178,0.0626185958254269,0.9999999999999899,0.5709274116531015,0.7568300366401672,0.061875,0.988125
132,25,0.1172291296624117,0.06226415094339619,0.9999999999999899,0.5708551019616425,0.7517254948616028,0.061875,0.99375
133,25,0.11750741839751536,0.06242118537200501,0.9999999999999899,0.5708245822042227,0.7485840320587158,0.061875,0.99125
134,25,0.11778703152874087,0.0625790139064475,0.9999999999999899,0.5710164266079665,0.7440489530563354,0.061875,0.98875
135,25,0.1167361524715993,0.061986084756483206,0.9999999999999899,0.5710372226126492,0.7474278211593628,0.06125,0.988125
136,25,0.11554496724229509,0.061392405063291106,0.9797979797979699,0.5709339133091271,0.7540892362594604,0.061875,0.9875
137,25,0.11625148279941483,0.06175173282923752,0.98989898989898,0.5707577987574041,0.7509245872497559,0.061875,0.991875
138,25,0.11702127659563438,0.06214689265536719,0.9999999999999899,0.5701104773022234,0.8235316872596741,0.061875,0.995625
139,25,0.11743772241981813,0.06238185255198484,0.9999999999999899,0.5704019095748663,0.8193479180335999,0.061875,0.991875
140,25,0.11764705882341855,0.062499999999999965,0.9999999999999899,0.5703854277729988,0.822795569896698,0.061875,0.99
141,25,0.11764705882341855,0.062499999999999965,0.9999999999999899,0.5704050085693598,0.8253956437110901,0.061875,0.99
142,25,0.1175771971495329,0.06246056782334381,0.9999999999999899,0.5703732274472714,0.8274306058883667,0.061875,0.990625
143,25,0.1063321385901023,0.05615141955835959,0.9999999999999888,0.5703545563109219,0.8240271806716919,0.055625,0.990625
144,25,0.10513739545987635,0.0554854981084489,0.9999999999999887,0.5702892756275832,0.8188542127609253,0.055,0.99125
145,25,0.10513739545987635,0.0554854981084489,0.9999999999999887,0.5701724827103317,0.8228515386581421,0.055,0.99125
146,25,0.10551558752987593,0.05569620253164554,0.9999999999999887,0.5707812833786011,0.7472704648971558,0.055,0.9875
147,25,0.10545236668653868,0.05566097406704614,0.9999999999999887,0.570633917208761,0.7582204341888428,0.055,0.988125
148,25,0.10538922155678626,0.05562579013906444,0.9999999999999887,0.5706635404378175,0.764589786529541,0.055,0.98875
149,25,0.10985074626855276,0.058117498420720115,0.9999999999999892,0.5707248836569488,0.7643633484840393,0.0575,0.989375
150,25,0.1172291296624117,0.06226415094339619,0.9999999999999899,0.570768595226109,0.7587123513221741,0.061875,0.99375
151,25,0.11736810906924328,0.06234256926952138,0.9999999999999899,0.5708410301990807,0.7566163539886475,0.061875,0.9925
152,25,0.11771700356707099,0.06253948199620969,0.9999999999999899,0.5710716664418578,0.743206262588501,0.061875,0.989375
153,25,0.11771700356707099,0.06253948199620969,0.9999999999999899,0.5708685329556465,0.744621992111206,0.061875,0.989375
154,25,0.11750741839751536,0.06242118537200501,0.9999999999999899,0.5710369667783379,0.7453481554985046,0.061875,0.99125
155,25,0.11736810906924328,0.06234256926952138,0.9999999999999899,0.5709737214818597,0.7545346617698669,0.061875,0.9925
156,25,0.11709047900639465,0.06218592964824117,0.9999999999999899,0.5710926653817296,0.748745322227478,0.061875,0.995
157,25,0.11282660332530908,0.05978602894902451,0.9999999999999896,0.5710866394266486,0.7487139105796814,0.059375,0.993125
158,25,0.10520023909135268,0.05552050473186117,0.9999999999999887,0.5711245912872255,0.7539081573486328,0.055,0.990625
159,25,0.10532615200468765,0.055590650663297506,0.9999999999999887,0.5711083939857781,0.7546082735061646,0.055,0.989375
160,25,0.10557888422305522,0.05573147561747938,0.9999999999999887,0.5709818072617054,0.7529205083847046,0.055,0.986875
161,25,0.1167361524715993,0.061986084756483206,0.9999999999999899,0.5709979465790093,0.7504622340202332,0.06125,0.988125
162,25,0.11792733770090137,0.06265822784810123,0.9999999999999899,0.5709844160825014,0.7540702819824219,0.061875,0.9875
163,25,0.11827956989236169,0.06285714285714282,0.9999999999999899,0.5711782553605735,0.7455563545227051,0.061875,0.984375
164,25,0.1184210526314674,0.0629370629370629,0.9999999999999899,0.5711141922324896,0.7415521144866943,0.061875,0.983125
165,25,0.11835026897777257,0.06289707750952983,0.9999999999999899,0.5711443852633238,0.7444409728050232,0.061875,0.98375
166,25,0.11835026897777257,0.06289707750952983,0.9999999999999899,0.5711493972502649,0.7419909238815308,0.061875,0.98375
167,25,0.11764705882341855,0.062499999999999965,0.9999999999999899,0.5710972572676838,0.7401660084724426,0.061875,0.99
168,25,0.11729857819894156,0.0623033354310887,0.9999999999999899,0.5710911660641432,0.7410358190536499,0.061875,0.993125
169,25,0.1061419200953078,0.0560453400503778,0.9999999999999888,0.5710391201637686,0.7419590353965759,0.055625,0.9925
170,25,0.11296076099870421,0.05986137366099555,0.9999999999999896,0.5709803316928447,0.7426915168762207,0.059375,0.991875
171,25,0.1175771971495329,0.06246056782334381,0.9999999999999899,0.5707964909262955,0.7478255033493042,0.061875,0.990625
172,25,0.11750741839751536,0.06242118537200501,0.9999999999999899,0.5708106946572662,0.7581480741500854,0.061875,0.99125
173,25,0.11736810906924328,0.06234256926952138,0.9999999999999899,0.5708883556164801,0.7502660751342773,0.061875,0.9925
174,25,0.1172291296624117,0.06226415094339619,0.9999999999999899,0.5708620745316147,0.7650725245475769,0.061875,0.99375
175,25,0.11750741839751536,0.06242118537200501,0.9999999999999899,0.5710029950365424,0.7673489451408386,0.061875,0.99125
176,25,0.11799761620966234,0.06269791006966431,0.9999999999999899,0.5709313410520553,0.7692096829414368,0.061875,0.986875
177,25,0.12574139976263407,0.06708860759493666,0.9999999999999906,0.570933384951204,0.7747573852539062,0.06625,0.9875
178,25,0.12291169451062434,0.06547997457088363,0.9999999999999903,0.5706831316649914,0.7641180157661438,0.064375,0.983125
179,25,0.11827956989236169,0.06285714285714282,0.9999999999999899,0.5709274979680776,0.7548424005508423,0.061875,0.984375
180,25,0.11835026897777257,0.06289707750952983,0.9999999999999899,0.5708520556427539,0.7555147409439087,0.061875,0.98375
181,25,0.1184210526314674,0.0629370629370629,0.9999999999999899,0.5708090451546013,0.7614595293998718,0.061875,0.983125
182,25,0.11877624475093793,0.06313775510204078,0.9999999999999899,0.5708682840131223,0.7539612650871277,0.061875,0.98
183,25,0.1184210526314674,0.0629370629370629,0.9999999999999899,0.5708392060920596,0.7464883923530579,0.061875,0.983125
184,25,0.11906193625965938,0.06329923273657286,0.9999999999999899,0.5707651061937213,0.7469550371170044,0.061875,0.9775
185,25,0.11104405552192273,0.058785942492012744,0.9999999999999892,0.5707585570216179,0.7415631413459778,0.0575,0.978125
186,25,0.11849192100527439,0.06297709923664119,0.9999999999999899,0.5707157032936812,0.7428816556930542,0.061875,0.9825
187,25,0.11913357400710806,0.06333973128598845,0.9999999999999899,0.5704356734268368,0.7755800485610962,0.061875,0.976875
188,25,0.11927710843362264,0.0634208840486867,0.9999999999999899,0.5706675340980292,0.764242947101593,0.061875,0.975625
189,25,0.119420989143434,0.06350224502886462,0.9999999999999899,0.5706762158125639,0.7646740078926086,0.061875,0.974375
190,25,0.11906193625965938,0.06329923273657286,0.9999999999999899,0.5707033184915781,0.7577967047691345,0.061875,0.9775
191,25,0.12960760998798804,0.0692943420216147,0.9999999999999909,0.5707186488620937,0.7556450366973877,0.068125,0.983125
192,25,0.1305637982194624,0.0698412698412698,0.999999999999991,0.5706836054474116,0.7571500539779663,0.06875,0.984375
193,25,0.11813842482089107,0.0627774254914394,0.9999999999999899,0.5706892923638225,0.750052273273468,0.061875,0.985625
194,25,0.1175771971495329,0.06246056782334381,0.9999999999999899,0.5707750475406647,0.7436326742172241,0.061875,0.990625
195,25,0.11771700356707099,0.06253948199620969,0.9999999999999899,0.57067623635754,0.7503629922866821,0.061875,0.989375
196,25,0.11764705882341855,0.062499999999999965,0.9999999999999899,0.5708103746362031,0.7488710880279541,0.061875,0.99
197,25,0.11709047900639465,0.06218592964824117,0.9999999999999899,0.5708440171740949,0.7550650835037231,0.061875,0.995
198,25,0.11695215593609766,0.062107904642409,0.9999999999999899,0.5709035049006342,0.7600334882736206,0.061875,0.99625
199,25,0.10588935157634219,0.0559045226130653,0.9999999999999888,0.57087995165959,0.7666990756988525,0.055625,0.995
200,25,0.10820451843033746,0.057196731615336234,0.9999999999999891,0.5708602475747466,0.7686021327972412,0.056875,0.994375
201,25,0.1175771971495329,0.06246056782334381,0.9999999999999899,0.5707111902721226,0.7781795859336853,0.061875,0.990625
202,25,0.11778703152874087,0.0625790139064475,0.9999999999999899,0.570947524830699,0.7526389360427856,0.061875,0.98875
203,25,0.1172291296624117,0.06226415094339619,0.9999999999999899,0.5706744263507426,0.7488951683044434,0.061875,0.99375
204,25,0.11736810906924328,0.06234256926952138,0.9999999999999899,0.57093479687348,0.7462288737297058,0.061875,0.9925
205,25,0.11778703152874087,0.0625790139064475,0.9999999999999899,0.571047726739198,0.7425767779350281,0.061875,0.98875
206,25,0.11785714285703178,0.0626185958254269,0.9999999999999899,0.5710362011753023,0.7394685745239258,0.061875,0.988125
207,25,0.11778703152874087,0.0625790139064475,0.9999999999999899,0.5711152067221701,0.7381798624992371,0.061875,0.98875
208,25,0.11442193086997542,0.060682680151706664,0.9999999999999897,0.5712520311027766,0.739694356918335,0.06,0.98875
209,25,0.1175771971495329,0.06246056782334381,0.9999999999999899,0.5712633906304836,0.7422248125076294,0.061875,0.990625
210,25,0.11750741839751536,0.06242118537200501,0.9999999999999899,0.5711185061372817,0.7370082139968872,0.061875,0.99125
211,25,0.11771700356707099,0.06253948199620969,0.9999999999999899,0.5713470685295761,0.7441445589065552,0.061875,0.989375
212,25,0.11302795954777718,0.06005056890012639,0.9595959595959499,0.5709608800150454,0.8157182931900024,0.061875,0.98875
213,25,0.11336515513115361,0.06024096385542165,0.9595959595959499,0.5708620474487544,0.8185056447982788,0.061875,0.985625
214,25,0.12692763938303328,0.0678934010152284,0.9727272727272639,0.5708240273967385,0.8211950659751892,0.06875,0.985
215,25,0.1261154074954159,0.06747294716740926,0.963636363636355,0.5706488970853388,0.8265581727027893,0.06875,0.981875
216,25,0.1252983293554858,0.06704980842911873,0.9545454545454459,0.5705945017561317,0.8260162472724915,0.06875,0.97875
217,25,0.11432009626944256,0.06078055022392831,0.9595959595959499,0.5706939828395844,0.818711519241333,0.061875,0.976875
218,25,0.11332127787812754,0.06025641025641022,0.94949494949494,0.5705863951519131,0.8246328234672546,0.061875,0.975
219,25,0.11198073449717857,0.059539052496798944,0.9393939393939299,0.5705437890440226,0.8370321989059448,0.061875,0.97625
220,25,0.12066905615281358,0.06420851875397326,0.9999999999999901,0.5712239857204259,0.7956531643867493,0.063125,0.983125
221,25,0.1305637982194624,0.0698412698412698,0.999999999999991,0.571256795451045,0.7915829420089722,0.06875,0.984375
222,25,0.11792733770090137,0.06265822784810123,0.9999999999999899,0.5712242713011801,0.7813112139701843,0.061875,0.9875
223,25,0.11764705882341855,0.062499999999999965,0.9999999999999899,0.5713816337101162,0.7758150696754456,0.061875,0.99
224,25,0.11729857819894156,0.0623033354310887,0.9999999999999899,0.5713958626054227,0.7752021551132202,0.061875,0.993125
225,25,0.11667648791974858,0.061952440550688326,0.9999999999999899,0.5712830241955816,0.7652758955955505,0.061875,0.99875
226,25,0.11695215593609766,0.062107904642409,0.9999999999999899,0.5711669042520225,0.7661895155906677,0.061875,0.99625
227,25,0.12910798122053632,0.06900878293601,0.999999999999991,0.5710526437871158,0.7585340142250061,0.06875,0.99625
228,25,0.12705882352929262,0.06783919597989946,0.9999999999999908,0.5710939617455005,0.7588897347450256,0.0675,0.995
229,25,0.11709047900639465,0.06218592964824117,0.9999999999999899,0.5709255310893059,0.7593109607696533,0.061875,0.995
230,25,0.11729857819894156,0.0623033354310887,0.9999999999999899,0.5710293965414166,0.7539634704589844,0.061875,0.993125
231,25,0.11736810906924328,0.06234256926952138,0.9999999999999899,0.5711317235045135,0.7509761452674866,0.061875,0.9925
232,25,0.11743772241981813,0.06238185255198484,0.9999999999999899,0.5712274593114853,0.7502066493034363,0.061875,0.991875
233,25,0.11743772241981813,0.06238185255198484,0.9999999999999899,0.5713015188835562,0.7525061368942261,0.061875,0.991875
234,25,0.12728344136699912,0.06796727501573313,0.9999999999999908,0.5713352302089334,0.7469296455383301,0.0675,0.993125
235,25,0.11729857819894156,0.0623033354310887,0.9999999999999899,0.5712501143105329,0.744789719581604,0.061875,0.993125
236,25,0.1172291296624117,0.06226415094339619,0.9999999999999899,0.5713319473341107,0.7413657307624817,0.061875,0.99375
237,25,0.11736810906924328,0.06234256926952138,0.9999999999999899,0.5712579722888768,0.74056476354599,0.061875,0.9925
238,25,0.11736810906924328,0.06234256926952138,0.9999999999999899,0.5712710177712143,0.7442944645881653,0.061875,0.9925
239,25,0.11709047900639465,0.06218592964824117,0.9999999999999899,0.5712608999386429,0.7471455335617065,0.061875,0.995
240,25,0.1172291296624117,0.06226415094339619,0.9999999999999899,0.5712251105345786,0.7489489912986755,0.061875,0.99375
241,25,0.11750741839751536,0.06242118537200501,0.9999999999999899,0.5712267962843179,0.7492806315422058,0.061875,0.99125
242,25,0.10752688172032822,0.05681818181818179,0.9999999999999889,0.5714643978700041,0.7506635189056396,0.05625,0.99
243,25,0.10526315789463699,0.055555555555555525,0.9999999999999887,0.5713321193121373,0.7571475505828857,0.055,0.99
244,25,0.10532615200468765,0.055590650663297506,0.9999999999999887,0.5712496485561133,0.7629311680793762,0.055,0.989375
245,25,0.10520023909135268,0.05552050473186117,0.9999999999999887,0.571264708545059,0.7619193196296692,0.055,0.990625
246,25,0.11792733770090137,0.06265822784810123,0.9999999999999899,0.5712705277837813,0.7582623362541199,0.061875,0.9875
247,25,0.11799761620966234,0.06269791006966431,0.9999999999999899,0.5713747024349868,0.7549378275871277,0.061875,0.986875
248,25,0.11792733770090137,0.06265822784810123,0.9999999999999899,0.5712078507058322,0.7499521970748901,0.061875,0.9875
249,25,0.11764705882341855,0.062499999999999965,0.9999999999999899,0.5714769404195249,0.7476580142974854,0.061875,0.99
250,25,0.11750741839751536,0.06242118537200501,0.9999999999999899,0.57140844585374,0.7520254850387573,0.061875,0.99125
251,25,0.1175771971495329,0.06246056782334381,0.9999999999999899,0.5713807511143386,0.7524824142456055,0.061875,0.990625
252,25,0.11736810906924328,0.06234256926952138,0.9999999999999899,0.5714145917072893,0.7471945285797119,0.061875,0.9925
253,25,0.11750741839751536,0.06242118537200501,0.9999999999999899,0.5714491074718535,0.7475871443748474,0.061875,0.99125
254,25,0.10482430017857833,0.055311125078566906,0.9999999999999887,0.5713767016306519,0.7450039982795715,0.055,0.994375
255,25,0.10488676996414363,0.0553459119496855,0.9999999999999887,0.5712140375748277,0.7418715953826904,0.055,0.99375
256,25,0.11520190023742098,0.0611216131064902,0.9999999999999898,0.571150056682527,0.7490007877349854,0.060625,0.991875
257,25,0.11764705882341855,0.062499999999999965,0.9999999999999899,0.5709784681908786,0.7484207153320312,0.061875,0.99
258,25,0.11743772241981813,0.06238185255198484,0.9999999999999899,0.5709599021822214,0.7465354800224304,0.061875,0.991875
259,25,0.1172291296624117,0.06226415094339619,0.9999999999999899,0.5711217419616879,0.7465901970863342,0.061875,0.99375
260,25,0.11743772241981813,0.06238185255198484,0.9999999999999899,0.5703828794695437,0.792846143245697,0.061875,0.991875
261,25,0.11750741839751536,0.06242118537200501,0.9999999999999899,0.5706380967795849,0.7939085364341736,0.061875,0.99125
262,25,0.11771700356707099,0.06253948199620969,0.9999999999999899,0.5705654601939023,0.788607656955719,0.061875,0.989375
263,25,0.11806797853298356,0.0627376425855513,0.9999999999999899,0.5706677421927452,0.7864162921905518,0.061875,0.98625
264,25,0.1079784043190339,0.05707038681039946,0.9999999999999889,0.5705721867457032,0.7923552989959717,0.05625,0.985625
265,25,0.10551558752987593,0.05569620253164554,0.9999999999999887,0.570552970431745,0.7909518480300903,0.055,0.9875
266,25,0.10576923076913046,0.055837563451776616,0.9999999999999887,0.5705094921402634,0.7867828607559204,0.055,0.985
267,25,0.11736526946096723,0.06234096692111956,0.9999999999999899,0.5705447276309132,0.7836945056915283,0.06125,0.9825
268,25,0.11856287425138534,0.06301718650541054,0.9999999999999899,0.570860462654382,0.7528089284896851,0.061875,0.981875
269,25,0.1188475390154943,0.06317804722399485,0.9999999999999899,0.5708435487933456,0.7459965944290161,0.061875,0.979375
270,25,0.11906193625965938,0.06329923273657286,0.9999999999999899,0.5709711026400328,0.7514248490333557,0.061875,0.9775
271,25,0.11913357400710806,0.06333973128598845,0.9999999999999899,0.5710224357619882,0.7482091784477234,0.061875,0.976875
272,25,0.11899038461527256,0.06325878594249197,0.9999999999999899,0.571141336876899,0.7448423504829407,0.061875,0.978125
273,25,0.11963746223553694,0.06362467866323904,0.9999999999999899,0.57116166183725,0.7342759370803833,0.061875,0.9725
274,25,0.11963746223553694,0.06362467866323904,0.9999999999999899,0.5712458677962422,0.739822268486023,0.061875,0.9725
275,25,0.12004801920757008,0.06385696040868451,0.99999999999999,0.5711680683866143,0.7394589781761169,0.0625,0.97875
276,25,0.11849192100527439,0.06297709923664119,0.9999999999999899,0.5710951205343008,0.7402395606040955,0.061875,0.9825
277,25,0.11835026897777257,0.06289707750952983,0.9999999999999899,0.5710910161398352,0.7484129071235657,0.061875,0.98375
278,25,0.11799761620966234,0.06269791006966431,0.9999999999999899,0.5711047816462815,0.7489279508590698,0.061875,0.986875
279,25,0.11820895522376923,0.0628172588832487,0.9999999999999899,0.5710827792808414,0.751116156578064,0.061875,0.985
280,25,0.11771700356707099,0.06253948199620969,0.9999999999999899,0.5711683598160744,0.7542563080787659,0.061875,0.989375
281,25,0.12322274881505012,0.06565656565656562,0.9999999999999905,0.5709964497759938,0.7553747892379761,0.065,0.99
282,25,0.12388326384740571,0.06628425748884637,0.9454545454545369,0.5708972000144422,0.7878318428993225,0.06875,0.980625
283,25,0.13017751479277753,0.06962025316455692,0.999999999999991,0.5708692765980959,0.7703679800033569,0.06875,0.9875
284,25,0.1305637982194624,0.0698412698412698,0.999999999999991,0.5705973686091602,0.7599601149559021,0.06875,0.984375
285,25,0.12344213649840036,0.06578115117014544,0.9999999999999905,0.5711296977847815,0.7609934210777283,0.065,0.988125
286,25,0.11750741839751536,0.06242118537200501,0.9999999999999899,0.5710342567786575,0.7629358768463135,0.061875,0.99125
287,25,0.11750741839751536,0.06242118537200501,0.9999999999999899,0.5708465678617358,0.7705569863319397,0.061875,0.99125
288,25,0.1175771971495329,0.06246056782334381,0.9999999999999899,0.570819625351578,0.7688387632369995,0.061875,0.990625
289,25,0.11764705882341855,0.062499999999999965,0.9999999999999899,0.5708649248816073,0.7670508623123169,0.061875,0.99
290,25,0.13017751479277753,0.06962025316455692,0.999999999999991,0.5708697695657611,0.7698912024497986,0.06875,0.9875
291,25,0.11799761620966234,0.06269791006966431,0.9999999999999899,0.5706432506814599,0.7723942399024963,0.061875,0.986875
292,25,0.11813842482089107,0.0627774254914394,0.9999999999999899,0.5708646701648832,0.7410150170326233,0.061875,0.985625
293,25,0.11799761620966234,0.06269791006966431,0.9999999999999899,0.5707644310966135,0.7452588081359863,0.061875,0.986875
294,25,0.11799761620966234,0.06269791006966431,0.9999999999999899,0.5707755489088595,0.7456782460212708,0.061875,0.986875
295,25,0.11799761620966234,0.06269791006966431,0.9999999999999899,0.5707263120822609,0.7455883622169495,0.061875,0.986875
296,25,0.1175771971495329,0.06246056782334381,0.9999999999999899,0.5708003128506243,0.7493574023246765,0.061875,0.990625
297,25,0.11715976331349903,0.062225015713387774,0.9999999999999899,0.5708268933929503,0.741274893283844,0.061875,0.994375
298,25,0.10482430017857833,0.055311125078566906,0.9999999999999887,0.5708185294084251,0.7428053617477417,0.055,0.994375
299,25,0.10482430017857833,0.055311125078566906,0.9999999999999887,0.5708445331454277,0.7488216757774353,0.055,0.994375
300,25,0.11702127659563438,0.06214689265536719,0.9999999999999899,0.5707997380197048,0.75535649061203,0.061875,0.995625
301,25,0.1175771971495329,0.06246056782334381,0.9999999999999899,0.570908896457404,0.7467297911643982,0.061875,0.990625
302,25,0.11743772241981813,0.06238185255198484,0.9999999999999899,0.5705996747873724,0.7669243812561035,0.061875,0.991875
303,25,0.1175771971495329,0.06246056782334381,0.9999999999999899,0.5708780246041715,0.7628706693649292,0.061875,0.990625
304,25,0.11771700356707099,0.06253948199620969,0.9999999999999899,0.5709790346771478,0.7587874531745911,0.061875,0.989375
305,25,0.11771700356707099,0.06253948199620969,0.9999999999999899,0.5709283490851521,0.7629197835922241,0.061875,0.989375
306,25,0.1175771971495329,0.06246056782334381,0.9999999999999899,0.570863767489791,0.7595617771148682,0.061875,0.990625
307,25,0.1208530805686046,0.06439393939393935,0.9807692307692214,0.5708216054737568,0.7511443495750427,0.065,0.99
308,25,0.11084624553028216,0.058898036732108895,0.9393939393939299,0.5705194503627717,0.7731306552886963,0.061875,0.986875
309,25,0.11289364230529612,0.05997474747474744,0.9595959595959499,0.5705439029447734,0.7744548916816711,0.061875,0.99
310,25,0.1256668642559538,0.06721623335447048,0.963636363636355,0.5706729688309133,0.7792748212814331,0.06875,0.985625
311,25,0.1255180580223766,0.06713109563014562,0.963636363636355,0.5704856737703085,0.7705881595611572,0.06875,0.986875
312,25,0.12426035502946398,0.06645569620253161,0.9545454545454459,0.5703291248530149,0.7688332200050354,0.06875,0.9875
313,25,0.12411347517718324,0.06637168141592917,0.9545454545454459,0.5704399565979839,0.7596778273582458,0.06875,0.98875
314,25,0.12426035502946398,0.06645569620253161,0.9545454545454459,0.5705407098308206,0.7568249106407166,0.06875,0.9875
315,25,0.12448132780071301,0.06637168141592917,0.9999999999999906,0.5706861049495637,0.75754714012146,0.065625,0.98875
316,25,0.11771700356707099,0.06253948199620969,0.9999999999999899,0.5706696254946292,0.7568106651306152,0.061875,0.989375
317,25,0.11799761620966234,0.06269791006966431,0.9999999999999899,0.5707118484191597,0.7600247859954834,0.061875,0.986875
318,25,0.10545236668653868,0.05566097406704614,0.9999999999999887,0.5706879186816514,0.7616749405860901,0.055,0.988125
319,25,0.11778703152874087,0.0625790139064475,0.9999999999999899,0.5706392191164196,0.771423876285553,0.061875,0.98875
320,25,0.11785714285703178,0.0626185958254269,0.9999999999999899,0.5705648007616401,0.7732713222503662,0.061875,0.988125
321,25,0.11820895522376923,0.0628172588832487,0.9999999999999899,0.5708091715350747,0.7751357555389404,0.061875,0.985
322,25,0.11820895522376923,0.0628172588832487,0.9999999999999899,0.5707749327458441,0.7794572710990906,0.061875,0.985
323,25,0.11771700356707099,0.06253948199620969,0.9999999999999899,0.5708807834982872,0.7513744235038757,0.061875,0.989375
324,25,0.1175771971495329,0.06246056782334381,0.9999999999999899,0.5708476421423256,0.7527958154678345,0.061875,0.990625
325,25,0.11785714285703178,0.0626185958254269,0.9999999999999899,0.5707933404110372,0.7523981928825378,0.061875,0.988125
326,25,0.1296405421330548,0.06931316950220538,0.999999999999991,0.5707392775826157,0.7530044317245483,0.06875,0.991875
327,25,0.1175771971495329,0.06246056782334381,0.9999999999999899,0.5707778173685074,0.7539938688278198,0.061875,0.990625
328,25,0.1175771971495329,0.06246056782334381,0.9999999999999899,0.5707707542553544,0.7575482130050659,0.061875,0.990625
329,25,0.11394658753698125,0.06052963430012607,0.96969696969696,0.5703961543925107,0.759998619556427,0.061875,0.99125
330,25,0.11401425178136189,0.06056782334384855,0.96969696969696,0.5706884929910302,0.7651113867759705,0.061875,0.990625
331,25,0.11282660332530488,0.059936908517350125,0.9595959595959499,0.5708170078694821,0.7610823512077332,0.061875,0.990625
332,25,0.11282660332530488,0.059936908517350125,0.9595959595959499,0.5707878547348082,0.7607148289680481,0.061875,0.990625
333,25,0.11249259917099666,0.05974842767295594,0.9595959595959499,0.5708809059485793,0.7592048048973083,0.061875,0.99375
334,25,0.1002985074625869,0.05293005671077502,0.9545454545454437,0.5707954716682434,0.7587478160858154,0.055,0.991875
335,25,0.11374407582927333,0.06041535556954056,0.96969696969696,0.5708580060116947,0.7537082433700562,0.061875,0.993125
336,25,0.11520190023741889,0.06119873817034697,0.9797979797979699,0.570922904163599,0.7474371194839478,0.061875,0.990625
337,25,0.11442193086997225,0.0607979734008866,0.96969696969696,0.5710091692209244,0.7377606630325317,0.061875,0.986875
338,25,0.1176470588234154,0.0626185958254269,0.9705882352941082,0.5708404342643917,0.7414490580558777,0.06375,0.988125
339,25,0.12640283520365864,0.06759317751105492,0.9727272727272639,0.5706935425847769,0.7420738935470581,0.06875,0.989375
340,25,0.1285377358489352,0.06872635561160148,0.990909090909082,0.5704453342966735,0.7381280064582825,0.06875,0.99125
341,25,0.1276595744679634,0.06826801517067,0.9818181818181729,0.5707270286977291,0.737145721912384,0.06875,0.98875
342,25,0.12846199175002596,0.06868304977945806,0.990909090909082,0.5708574121072888,0.7385289669036865,0.06875,0.991875
343,25,0.11743772241981813,0.06238185255198484,0.9999999999999899,0.5705567415803671,0.7423218488693237,0.061875,0.991875
344,25,0.11695215593609766,0.062107904642409,0.9999999999999899,0.5704904079996049,0.7495065331459045,0.061875,0.99625
345,25,0.11688311688300669,0.062068965517241344,0.9999999999999899,0.5704731112532317,0.7487754225730896,0.061875,0.996875
346,25,0.1258083480304522,0.06712672521957336,0.9999999999999907,0.570602146834135,0.7472472190856934,0.066875,0.99625
347,25,0.11709047900639465,0.06218592964824117,0.9999999999999899,0.5707307581603527,0.7397580146789551,0.061875,0.995
348,25,0.11674528301875785,0.06199123356293046,0.9999999999999899,0.5707610095478595,0.7395753860473633,0.061875,0.998125
349,25,0.11674528301875785,0.06199123356293046,0.9999999999999899,0.5705496996827424,0.7391870617866516,0.061875,0.998125
350,25,0.1129607609987,0.060012634238787076,0.9595959595959499,0.5707139274291694,0.7522058486938477,0.061875,0.989375
351,25,0.11190476190465085,0.05945604048070838,0.94949494949494,0.570727398134768,0.7519509792327881,0.061875,0.988125
352,25,0.12307692307680124,0.06582278481012654,0.9454545454545369,0.5706882579997182,0.7514545917510986,0.06875,0.9875
353,25,0.12307692307680124,0.06582278481012654,0.9454545454545369,0.5707945859804749,0.7516368627548218,0.06875,0.9875
354,25,0.10965435041705213,0.05826472450918299,0.92929292929292,0.5706408675201238,0.7482306957244873,0.061875,0.986875
355,25,0.10985074626854537,0.058375634517766464,0.92929292929292,0.5707028351537883,0.7576541900634766,0.061875,0.985
356,25,0.10985074626854537,0.058375634517766464,0.92929292929292,0.5708152373321355,0.7588787078857422,0.061875,0.985
357,25,0.10985074626854537,0.058375634517766464,0.92929292929292,0.5708471118099987,0.7598843574523926,0.061875,0.985
358,25,0.11709047900639465,0.06218592964824117,0.9999999999999899,0.5707808624207974,0.7577552199363708,0.061875,0.995
359,25,0.11702127659563438,0.06214689265536719,0.9999999999999899,0.5707742018252611,0.7574540972709656,0.061875,0.995625
360,25,0.11709047900639465,0.06218592964824117,0.9999999999999899,0.5708839108794928,0.7574766874313354,0.061875,0.995
361,25,0.11736810906924328,0.06234256926952138,0.9999999999999899,0.5707720649801195,0.7451188564300537,0.061875,0.9925
362,25,0.1175771971495329,0.06246056782334381,0.9999999999999899,0.5707311465591193,0.7488241195678711,0.061875,0.990625
363,25,0.11750741839751536,0.06242118537200501,0.9999999999999899,0.570720088686794,0.7506412863731384,0.061875,0.99125
364,25,0.1175771971495329,0.06246056782334381,0.9999999999999899,0.5706663778796792,0.7522820830345154,0.061875,0.990625
365,25,0.1175771971495329,0.06246056782334381,0.9999999999999899,0.5707594191655516,0.7556115984916687,0.061875,0.990625
366,25,0.12470308788586867,0.06649778340721972,0.9999999999999906,0.5708502985723317,0.7477520108222961,0.065625,0.986875
367,25,0.13010053222932824,0.06957621758380768,0.999999999999991,0.5708195327967406,0.7523683905601501,0.06875,0.988125
368,25,0.11764705882341855,0.062499999999999965,0.9999999999999899,0.5708853769116103,0.7516902089118958,0.061875,0.99
369,25,0.11750741839751536,0.06242118537200501,0.9999999999999899,0.5706234760396183,0.7510628700256348,0.061875,0.99125
370,25,0.11736810906924328,0.06234256926952138,0.9999999999999899,0.5707500405609608,0.7538233399391174,0.061875,0.9925
371,25,0.11764705882341855,0.062499999999999965,0.9999999999999899,0.5707794541865587,0.7526447176933289,0.061875,0.99
372,25,0.11736810906924328,0.06234256926952138,0.9999999999999899,0.5708851546235383,0.7484305500984192,0.061875,0.9925
373,25,0.11709047900639465,0.06218592964824117,0.9999999999999899,0.5708654914610087,0.745862603187561,0.061875,0.995
374,25,0.11709047900639465,0.06218592964824117,0.9999999999999899,0.5709569279104472,0.7457363605499268,0.061875,0.995
375,25,0.11715976331349903,0.062225015713387774,0.9999999999999899,0.5708294818364084,0.7463964223861694,0.061875,0.994375
376,25,0.11736810906924328,0.06234256926952138,0.9999999999999899,0.5708359029330313,0.7505658268928528,0.061875,0.9925
377,25,0.1172291296624117,0.06226415094339619,0.9999999999999899,0.5707065802440048,0.7469318509101868,0.061875,0.99375
378,25,0.11702127659563438,0.06214689265536719,0.9999999999999899,0.5708754036761821,0.7446216344833374,0.061875,0.995625
379,25,0.11702127659563438,0.06214689265536719,0.9999999999999899,0.5709954242408276,0.7403455376625061,0.061875,0.995625
380,25,0.11695215593609766,0.062107904642409,0.9999999999999899,0.5710106791928411,0.7435511946678162,0.061875,0.99625
381,25,0.11688311688300669,0.062068965517241344,0.9999999999999899,0.5709224979393184,0.7406625151634216,0.061875,0.996875
382,25,0.10469958358110232,0.055241682360326394,0.9999999999999887,0.570969238486141,0.7414376735687256,0.055,0.995625
383,25,0.10932857991671173,0.05782526712759268,0.9999999999999892,0.5709523910470307,0.7435593605041504,0.0575,0.994375
384,25,0.11709047900639465,0.06218592964824117,0.9999999999999899,0.5708044044859707,0.7553311586380005,0.061875,0.995
385,25,0.11715976331349903,0.062225015713387774,0.9999999999999899,0.5710084372386336,0.7626057267189026,0.061875,0.994375
386,25,0.11715976331349903,0.062225015713387774,0.9999999999999899,0.5707978754118085,0.7575987577438354,0.061875,0.994375
387,25,0.11695215593609766,0.062107904642409,0.9999999999999899,0.5706638664938509,0.8008459210395813,0.061875,0.99625
388,25,0.11729857819894156,0.0623033354310887,0.9999999999999899,0.5707274851389229,0.7994548678398132,0.061875,0.993125
389,25,0.1175771971495329,0.06246056782334381,0.9999999999999899,0.5707625916041433,0.798575222492218,0.061875,0.990625
390,25,0.11764705882341855,0.062499999999999965,0.9999999999999899,0.5707686136849225,0.7956691980361938,0.061875,0.99
391,25,0.11638954869347694,0.06179066834804536,0.9999999999999899,0.5707688736170531,0.7965126037597656,0.06125,0.99125
392,25,0.11743772241981813,0.06238185255198484,0.9999999999999899,0.5707418930530548,0.798210859298706,0.061875,0.991875
393,25,0.1175771971495329,0.06246056782334381,0.9999999999999899,0.5706547004543245,0.7976283431053162,0.061875,0.990625
394,25,0.11764705882341855,0.062499999999999965,0.9999999999999899,0.5705633903667331,0.8003395199775696,0.061875,0.99
395,25,0.11764705882341855,0.062499999999999965,0.9999999999999899,0.5710415210202336,0.7430959343910217,0.061875,0.99
396,25,0.11750741839751536,0.06242118537200501,0.9999999999999899,0.571069768127054,0.7418308258056641,0.061875,0.99125
397,25,0.11743772241981813,0.06238185255198484,0.9999999999999899,0.5709211506322026,0.7433142066001892,0.061875,0.991875
398,25,0.11729857819894156,0.0623033354310887,0.9999999999999899,0.5710211809538305,0.724958062171936,0.061875,0.993125
399,25,0.11387900355861133,0.060377358490566004,0.9999999999999897,0.5710294023156166,0.7261126041412354,0.06,0.99375
400,25,0.11729857819894156,0.0623033354310887,0.9999999999999899,0.5709452714957297,0.7465546727180481,0.061875,0.993125
401,25,0.11736810906924328,0.06234256926952138,0.9999999999999899,0.5704502106457948,0.7731527090072632,0.061875,0.9925
402,25,0.11764705882341855,0.062499999999999965,0.9999999999999899,0.5706508213467896,0.7693697810173035,0.061875,0.99
403,25,0.11792733770090137,0.06265822784810123,0.9999999999999899,0.5705319801717996,0.7656681537628174,0.061875,0.9875
404,25,0.11806797853298356,0.0627376425855513,0.9999999999999899,0.570610243473202,0.7623129487037659,0.061875,0.98625
405,25,0.11806797853298356,0.0627376425855513,0.9999999999999899,0.5707015963643789,0.7625905871391296,0.061875,0.98625
406,25,0.11806797853298356,0.0627376425855513,0.9999999999999899,0.5707424187101424,0.7614958882331848,0.061875,0.98625
407,25,0.11799761620966234,0.06269791006966431,0.9999999999999899,0.570805251467973,0.7577272057533264,0.061875,0.986875
408,25,0.10576923076913046,0.055837563451776616,0.9999999999999887,0.5710188951529562,0.7597158551216125,0.055,0.985
409,25,0.10576923076913046,0.055837563451776616,0.9999999999999887,0.5711087469756603,0.7484275698661804,0.055,0.985
410,25,0.10583283223080762,0.05587301587301584,0.9999999999999887,0.5711826743930578,0.759686291217804,0.055,0.984375
411,25,0.11483253588505907,0.06091370558375631,0.9999999999999897,0.571243416517973,0.7631893754005432,0.06,0.985
412,25,0.11792733770090137,0.06265822784810123,0.9999999999999899,0.571412397492677,0.7499756813049316,0.061875,0.9875
413,25,0.11785714285703178,0.0626185958254269,0.9999999999999899,0.5712832314893603,0.7463663816452026,0.061875,0.988125
414,25,0.11785714285703178,0.0626185958254269,0.9999999999999899,0.5713682410679758,0.7465678453445435,0.061875,0.988125
415,25,0.11778703152874087,0.0625790139064475,0.9999999999999899,0.5712646221928298,0.7493073344230652,0.061875,0.98875
416,25,0.11743772241981813,0.06238185255198484,0.9999999999999899,0.5713749872520566,0.7403742671012878,0.061875,0.991875
417,25,0.1175771971495329,0.06246056782334381,0.9999999999999899,0.5712707965262234,0.7400765419006348,0.061875,0.990625
418,25,0.1175771971495329,0.06246056782334381,0.9999999999999899,0.5712223083153367,0.7389609813690186,0.061875,0.990625
419,25,0.10859188544142462,0.05741324921135643,0.9999999999999891,0.5713254327885806,0.742496907711029,0.056875,0.990625
420,25,0.10557888422305522,0.05573147561747938,0.9999999999999887,0.571311194524169,0.7351129055023193,0.055,0.986875
421,25,0.11792733770090137,0.06265822784810123,0.9999999999999899,0.571181168127805,0.73655766248703,0.061875,0.9875
422,25,0.11785714285703178,0.0626185958254269,0.9999999999999899,0.5708451781794429,0.7827482223510742,0.061875,0.988125
423,25,0.10666666666656556,0.05633802816901405,0.9999999999999887,0.5710227231308818,0.7967120409011841,0.055,0.97625
424,25,0.10628019323661421,0.0561224489795918,0.9999999999999887,0.5709884971752763,0.779029369354248,0.055,0.98
425,25,0.10589651022853978,0.055908513341804286,0.9999999999999887,0.5709791406989098,0.7691630721092224,0.055,0.98375
426,25,0.11421772754302126,0.06056782334384855,0.9999999999999897,0.5709370713494718,0.7629029154777527,0.06,0.990625
427,25,0.11799761620966234,0.06269791006966431,0.9999999999999899,0.57088623451069,0.7634562849998474,0.061875,0.986875
428,25,0.11806797853298356,0.0627376425855513,0.9999999999999899,0.5708830774761736,0.7588152289390564,0.061875,0.98625
429,25,0.11813842482089107,0.0627774254914394,0.9999999999999899,0.570903352163732,0.7561848163604736,0.061875,0.985625
430,25,0.11806797853298356,0.0627376425855513,0.9999999999999899,0.5708349156938494,0.756950318813324,0.061875,0.98625
431,25,0.11813842482089107,0.0627774254914394,0.9999999999999899,0.5708278034441173,0.7569261193275452,0.061875,0.985625
432,25,0.11827956989236169,0.06285714285714282,0.9999999999999899,0.5709621758013964,0.7610499858856201,0.061875,0.984375
433,25,0.11820895522376923,0.0628172588832487,0.9999999999999899,0.571130283754319,0.7560068964958191,0.061875,0.985
434,25,0.10898203592804054,0.057631412286257094,0.9999999999999891,0.571288228686899,0.7440109848976135,0.056875,0.986875
435,25,0.10501193317412472,0.05541561712846344,0.9999999999999887,0.571304962001741,0.7485072612762451,0.055,0.9925
436,25,0.11674528301875785,0.06199123356293046,0.9999999999999899,0.5713064528442919,0.7516677975654602,0.061875,0.998125
437,25,0.11667648791974858,0.061952440550688326,0.9999999999999899,0.5713357480056583,0.7482248544692993,0.061875,0.99875
438,25,0.11667648791974858,0.061952440550688326,0.9999999999999899,0.5713722149841487,0.7383754253387451,0.061875,0.99875
439,25,0.11667648791974858,0.061952440550688326,0.9999999999999899,0.5712592774070799,0.7424052357673645,0.061875,0.99875
440,25,0.11667648791974858,0.061952440550688326,0.9999999999999899,0.5711307774856687,0.7417416572570801,0.061875,0.99875
441,25,0.11667648791974858,0.061952440550688326,0.9999999999999899,0.571076872292906,0.7415542006492615,0.061875,0.99875
442,25,0.12910798122053632,0.06900878293601,0.999999999999991,0.5711791146360338,0.7463954091072083,0.06875,0.99625
443,25,0.12971698113195398,0.06935687263556112,0.999999999999991,0.5708843704685569,0.7722128629684448,0.06875,0.99125
444,25,0.11336515513115361,0.06024096385542165,0.9595959595959499,0.5707434862852097,0.7622867226600647,0.061875,0.985625
445,25,0.11455847255358798,0.06087507926442609,0.96969696969696,0.5707111513800919,0.7601638436317444,0.061875,0.985625
446,25,0.11343283582078414,0.06027918781725885,0.9595959595959499,0.570690198354423,0.765475869178772,0.061875,0.985
447,25,0.12670219064523033,0.06776440785307153,0.9727272727272639,0.5705947895720601,0.7573739290237427,0.06875,0.986875
448,25,0.12358882947106008,0.0661157024793388,0.9454545454545369,0.5703618662804365,0.7466596961021423,0.06875,0.983125
449,25,0.1222551928782161,0.06539682539682536,0.9363636363636278,0.5707140875048935,0.7386733293533325,0.06875,0.984375
450,25,0.10872162485054572,0.05777777777777775,0.9191919191919099,0.5706901491247117,0.7367453575134277,0.061875,0.984375
451,25,0.1085271317828345,0.05766793409378957,0.9191919191919099,0.5706010680273175,0.7494730949401855,0.061875,0.98625
452,25,0.12189349112413851,0.06518987341772148,0.9363636363636278,0.5705597575381398,0.7538801431655884,0.06875,0.9875
453,25,0.12078152753096158,0.06459784673844202,0.9272727272727189,0.5703132270462811,0.7560255527496338,0.06875,0.986875
454,25,0.1207100591714758,0.06455696202531643,0.9272727272727189,0.5705639361031354,0.7506749033927917,0.06875,0.9875
455,25,0.10872162485054572,0.05777777777777775,0.9191919191919099,0.5706985596194863,0.7413755655288696,0.061875,0.984375
456,25,0.11736810906924328,0.06234256926952138,0.9999999999999899,0.570659356135875,0.7496733665466309,0.061875,0.9925
457,25,0.11715976331349903,0.062225015713387774,0.9999999999999899,0.5706215476989747,0.752897322177887,0.061875,0.994375
458,25,0.11709047900639465,0.06218592964824117,0.9999999999999899,0.570638173520565,0.7556570172309875,0.061875,0.995
459,25,0.11709047900639465,0.06218592964824117,0.9999999999999899,0.5706206450983882,0.7545726299285889,0.061875,0.995
460,25,0.11709047900639465,0.06218592964824117,0.9999999999999899,0.5705333646759391,0.7413680553436279,0.061875,0.995
461,25,0.11702127659563438,0.06214689265536719,0.9999999999999899,0.570671194177121,0.7348052859306335,0.061875,0.995625
462,25,0.11709047900639465,0.06218592964824117,0.9999999999999899,0.5706335319019854,0.7420523762702942,0.061875,0.995
463,25,0.11702127659563438,0.06214689265536719,0.9999999999999899,0.5707145747356117,0.740959107875824,0.061875,0.995625
464,25,0.11702127659563438,0.06214689265536719,0.9999999999999899,0.5707003926299512,0.7426097989082336,0.061875,0.995625
465,25,0.11709047900639465,0.06218592964824117,0.9999999999999899,0.570722330044955,0.7465319037437439,0.061875,0.995
466,25,0.11743772241981813,0.06238185255198484,0.9999999999999899,0.5707083916664124,0.7430844902992249,0.061875,0.991875
467,25,0.12925969447696473,0.06909547738693464,0.999999999999991,0.5706843841820955,0.7421815991401672,0.06875,0.995
468,25,0.11729857819894156,0.0623033354310887,0.9999999999999899,0.5706553931906819,0.7354938387870789,0.061875,0.993125
469,25,0.11743772241981813,0.06238185255198484,0.9999999999999899,0.570837757177651,0.7449741363525391,0.061875,0.991875
470,25,0.11729857819894156,0.0623033354310887,0.9999999999999899,0.5708839595690369,0.7447560429573059,0.061875,0.993125
471,25,0.11785714285703178,0.0626185958254269,0.9999999999999899,0.570859923362732,0.7433194518089294,0.061875,0.988125
472,25,0.12773506800697665,0.06822488945041057,0.9999999999999908,0.5708104121871292,0.740818202495575,0.0675,0.989375
473,25,0.13010053222932824,0.06957621758380768,0.999999999999991,0.5706593566015363,0.7724294662475586,0.06875,0.988125
474,25,0.12994683992899825,0.06948831332912188,0.999999999999991,0.5706092086806893,0.7592183351516724,0.06875,0.989375
475,25,0.11799761620966234,0.06269791006966431,0.9999999999999899,0.5706832365132868,0.7572125792503357,0.061875,0.986875
476,25,0.11813842482089107,0.0627774254914394,0.9999999999999899,0.5706131146475673,0.7613393664360046,0.061875,0.985625
477,25,0.11813842482089107,0.0627774254914394,0.9999999999999899,0.5705568427965045,0.762269139289856,0.061875,0.985625
478,25,0.11813842482089107,0.0627774254914394,0.9999999999999899,0.5706405993364752,0.7621373534202576,0.061875,0.985625
479,25,0.11778703152874087,0.0625790139064475,0.9999999999999899,0.5706194741278887,0.7654460072517395,0.061875,0.98875
480,25,0.11104477611929797,0.05878634639696583,0.9999999999999893,0.5706921533681453,0.7653830051422119,0.058125,0.98875
481,25,0.11806797853298356,0.0627376425855513,0.9999999999999899,0.5705487272515893,0.7554063200950623,0.061875,0.98625
482,25,0.11827956989236169,0.06285714285714282,0.9999999999999899,0.570879351310432,0.7449554204940796,0.061875,0.984375
483,25,0.11806797853298356,0.0627376425855513,0.9999999999999899,0.570980177745223,0.7473943829536438,0.061875,0.98625
484,25,0.11771700356707099,0.06253948199620969,0.9999999999999899,0.5709365961141885,0.747021496295929,0.061875,0.989375
485,25,0.11771700356707099,0.06253948199620969,0.9999999999999899,0.570925466939807,0.7479394674301147,0.061875,0.989375
486,25,0.12994683992899825,0.06948831332912188,0.999999999999991,0.5709864017181099,0.7476862668991089,0.06875,0.989375
487,25,0.12956419316831214,0.06926952141057931,0.999999999999991,0.5706729675456882,0.7418141961097717,0.06875,0.9925
488,25,0.12625368731551578,0.06738035264483623,0.9999999999999907,0.5709107088856399,0.7497062087059021,0.066875,0.9925
489,25,0.1175771971495329,0.06246056782334381,0.9999999999999899,0.570905531309545,0.7494896054267883,0.061875,0.990625
490,25,0.11736810906924328,0.06234256926952138,0.9999999999999899,0.5709443705528975,0.7572066187858582,0.061875,0.9925
491,25,0.1293356848911193,0.06913890634820863,0.999999999999991,0.5709749232791365,0.758959949016571,0.06875,0.994375
492,25,0.1291837933058097,0.06905210295040799,0.999999999999991,0.5708789787441492,0.7549629807472229,0.06875,0.995625
493,25,0.12925969447696473,0.06909547738693464,0.999999999999991,0.570960124898702,0.7535490989685059,0.06875,0.995
494,25,0.11715976331349903,0.062225015713387774,0.9999999999999899,0.5709054945409298,0.7537916898727417,0.061875,0.994375
495,25,0.11715976331349903,0.062225015713387774,0.9999999999999899,0.5709195575118065,0.7602561116218567,0.061875,0.994375
496,25,0.11695215593609766,0.062107904642409,0.9999999999999899,0.5709521345980465,0.7356465458869934,0.061875,0.99625
497,25,0.11695215593609766,0.062107904642409,0.9999999999999899,0.5709940366260707,0.7358776926994324,0.061875,0.99625
498,25,0.12910798122053632,0.06900878293601,0.999999999999991,0.5709178627841175,0.7331567406654358,0.06875,0.99625
499,25,0.11681415929192525,0.06203007518796989,0.9999999999999899,0.5708435847610235,0.7343951463699341,0.061875,0.9975
500,25,0.11709047900639465,0.06218592964824117,0.9999999999999899,0.5706724189780652,0.7648164629936218,0.061875,0.995
501,25,0.1172291296624117,0.06226415094339619,0.9999999999999899,0.5707146724127233,0.7598301768302917,0.061875,0.99375
502,25,0.11736810906924328,0.06234256926952138,0.9999999999999899,0.5706938721053302,0.7568714618682861,0.061875,0.9925
503,25,0.11743772241981813,0.06238185255198484,0.9999999999999899,0.5707210042141377,0.7572547793388367,0.061875,0.991875
504,25,0.1175771971495329,0.06246056782334381,0.9999999999999899,0.5706606328301131,0.757282555103302,0.061875,0.990625
505,25,0.11743772241981813,0.06238185255198484,0.9999999999999899,0.5707045526616276,0.7533483505249023,0.061875,0.991875
506,25,0.11771700356707099,0.06253948199620969,0.9999999999999899,0.5708202719502151,0.7539259791374207,0.061875,0.989375
507,25,0.11806797853298356,0.0627376425855513,0.9999999999999899,0.5708027063310146,0.7637275457382202,0.061875,0.98625
508,25,0.11820895522376923,0.0628172588832487,0.9999999999999899,0.5708713662996888,0.7377895712852478,0.061875,0.985
509,25,0.11849192100527439,0.06297709923664119,0.9999999999999899,0.5709267705306411,0.7383590340614319,0.061875,0.9825
510,25,0.1184210526314674,0.0629370629370629,0.9999999999999899,0.5710327698290348,0.7360908389091492,0.061875,0.983125
511,25,0.11835026897777257,0.06289707750952983,0.9999999999999899,0.5710714665614068,0.7353283166885376,0.061875,0.98375
512,25,0.1305637982194624,0.0698412698412698,0.999999999999991,0.5709104117564857,0.7639065384864807,0.06875,0.984375
513,25,0.13033175355438037,0.06970849176172365,0.999999999999991,0.5708949477784335,0.7530354261398315,0.06875,0.98625
514,25,0.1184210526314674,0.0629370629370629,0.9999999999999899,0.5709342200681568,0.7493463158607483,0.061875,0.983125
515,25,0.11849192100527439,0.06297709923664119,0.9999999999999899,0.5708341889455915,0.7492519021034241,0.061875,0.9825
516,25,0.11849192100527439,0.06297709923664119,0.9999999999999899,0.5707406383007765,0.7513111233711243,0.061875,0.9825
517,25,0.1304090100769378,0.06975269499048822,0.999999999999991,0.5707762684673071,0.7515979409217834,0.06875,0.985625
518,25,0.13017751479277753,0.06962025316455692,0.999999999999991,0.5706960568949581,0.7428333163261414,0.06875,0.9875
519,25,0.12994683992899825,0.06948831332912188,0.999999999999991,0.5707408577390015,0.7396501302719116,0.06875,0.989375
520,25,0.11778703152874087,0.0625790139064475,0.9999999999999899,0.5707648473605513,0.7474833726882935,0.061875,0.98875
521,25,0.1304090100769378,0.06975269499048822,0.999999999999991,0.5707519202306867,0.7396131753921509,0.06875,0.985625
522,25,0.1296405421330548,0.06931316950220538,0.999999999999991,0.5704116278141736,0.7342231273651123,0.06875,0.991875
523,25,0.12979351032436226,0.06940063091482646,0.999999999999991,0.5706151296570897,0.7470242977142334,0.06875,0.990625
524,25,0.1298701298700083,0.0694444444444444,0.999999999999991,0.5707589386217297,0.7460493445396423,0.06875,0.99
525,25,0.1175771971495329,0.06246056782334381,0.9999999999999899,0.5706857665069401,0.7460218071937561,0.061875,0.990625
526,25,0.1298701298700083,0.0694444444444444,0.999999999999991,0.5706662326492369,0.7571502923965454,0.06875,0.99
527,25,0.12971698113195398,0.06935687263556112,0.999999999999991,0.5707124537974596,0.7506337761878967,0.06875,0.99125
528,25,0.12979351032436226,0.06940063091482646,0.999999999999991,0.5707363880239427,0.7494286298751831,0.06875,0.990625
529,25,0.1175771971495329,0.06246056782334381,0.9999999999999899,0.5707269231975078,0.7497537732124329,0.061875,0.990625
530,25,0.11764705882341855,0.062499999999999965,0.9999999999999899,0.5707596000470221,0.7606555223464966,0.061875,0.99
531,25,0.1296405421330548,0.06931316950220538,0.999999999999991,0.5708531751483679,0.7472865581512451,0.06875,0.991875
532,25,0.12196566015381531,0.06523115896136791,0.9363636363636278,0.5705575759708882,0.7400099039077759,0.06875,0.986875
533,25,0.12336892052182333,0.065989847715736,0.9454545454545369,0.570912460219115,0.7536329030990601,0.06875,0.985
534,25,0.10985074626854537,0.058375634517766464,0.92929292929292,0.5710436223074794,0.7516708970069885,0.061875,0.985
535,25,0.11230585424122669,0.05968253968253965,0.94949494949494,0.5709726610966027,0.7612514495849609,0.061875,0.984375
536,25,0.11343283582078414,0.06027918781725885,0.9595959595959499,0.5709231337718665,0.7613535523414612,0.061875,0.985
537,25,0.11343283582078414,0.06027918781725885,0.9595959595959499,0.5709498016908765,0.7609453201293945,0.061875,0.985
538,25,0.11343283582078414,0.06027918781725885,0.9595959595959499,0.5709334041923284,0.759422779083252,0.061875,0.985
539,25,0.11524609843926384,0.061263560944479864,0.96969696969696,0.5708176900446414,0.7585668563842773,0.061875,0.979375
540,25,0.11820895522376923,0.0628172588832487,0.9999999999999899,0.5708614687807858,0.7567006349563599,0.061875,0.985
541,25,0.11764705882341855,0.062499999999999965,0.9999999999999899,0.5708381213620305,0.7674683332443237,0.061875,0.99
542,25,0.11764705882341855,0.062499999999999965,0.9999999999999899,0.5707045648619533,0.7631357312202454,0.061875,0.99
543,25,0.11778703152874087,0.0625790139064475,0.9999999999999899,0.5707513443753123,0.7610666751861572,0.061875,0.98875
544,25,0.13017751479277753,0.06962025316455692,0.999999999999991,0.570544807408005,0.7677568197250366,0.06875,0.9875
545,25,0.13033175355438037,0.06970849176172365,0.999999999999991,0.5702821643464268,0.7701533436775208,0.06875,0.98625
546,25,0.1305637982194624,0.0698412698412698,0.999999999999991,0.5703893874585628,0.7664341330528259,0.06875,0.984375
547,25,0.11827956989236169,0.06285714285714282,0.9999999999999899,0.5705724089406431,0.7516814470291138,0.061875,0.984375
548,25,0.1184210526314674,0.0629370629370629,0.9999999999999899,0.5705664738640189,0.758700430393219,0.061875,0.983125
549,25,0.11722488038266356,0.06230133502860772,0.98989898989898,0.5706098948419094,0.7625100016593933,0.061875,0.983125
550,25,0.11595935445296682,0.061626429479034274,0.9797979797979699,0.5707276437617839,0.7691174149513245,0.061875,0.98375
551,25,0.1305637982194624,0.0698412698412698,0.999999999999991,0.5708355077914894,0.7723175883293152,0.06875,0.984375
552,25,0.11820895522376923,0.0628172588832487,0.9999999999999899,0.5708776491321623,0.7591403722763062,0.061875,0.985
553,25,0.11813842482089107,0.0627774254914394,0.9999999999999899,0.5711813509464264,0.7529334425926208,0.061875,0.985625
554,25,0.11771700356707099,0.06253948199620969,0.9999999999999899,0.571094018779695,0.7701638340950012,0.061875,0.989375
555,25,0.1175771971495329,0.06246056782334381,0.9999999999999899,0.5707315590977668,0.8226590752601624,0.061875,0.990625
556,25,0.11771700356707099,0.06253948199620969,0.9999999999999899,0.5704975808411836,0.8301051259040833,0.061875,0.989375
557,25,0.12994683992899825,0.06948831332912188,0.999999999999991,0.5703973489999771,0.8330130577087402,0.06875,0.989375
558,25,0.13010053222932824,0.06957621758380768,0.999999999999991,0.5703262829966843,0.8296564221382141,0.06875,0.988125
559,25,0.11771700356707099,0.06253948199620969,0.9999999999999899,0.5704557776078581,0.823337197303772,0.061875,0.989375
560,25,0.11785714285703178,0.0626185958254269,0.9999999999999899,0.5701659927144647,0.8258479237556458,0.061875,0.988125
561,25,0.11785714285703178,0.0626185958254269,0.9999999999999899,0.570238118506968,0.8293262124061584,0.061875,0.988125
562,25,0.11827956989236169,0.06285714285714282,0.9999999999999899,0.5704253694601357,0.8409246802330017,0.061875,0.984375
563,25,0.11792733770090137,0.06265822784810123,0.9999999999999899,0.5710050606355072,0.8092663884162903,0.061875,0.9875
564,25,0.11792733770090137,0.06265822784810123,0.9999999999999899,0.5706960137933492,0.8034586310386658,0.061875,0.9875
565,25,0.11799761620966234,0.06269791006966431,0.9999999999999899,0.5707345177978277,0.8056174516677856,0.061875,0.986875
566,25,0.1175771971495329,0.06246056782334381,0.9999999999999899,0.5705003671720624,0.8107516169548035,0.061875,0.990625
567,25,0.11813842482089107,0.0627774254914394,0.9999999999999899,0.5704523590579629,0.813591718673706,0.061875,0.985625
568,25,0.1184210526314674,0.0629370629370629,0.9999999999999899,0.5704241038486362,0.814812421798706,0.061875,0.983125
569,25,0.11835026897777257,0.06289707750952983,0.9999999999999899,0.5704026528261602,0.8148024678230286,0.061875,0.98375
570,25,0.11835026897777257,0.06289707750952983,0.9999999999999899,0.5704585292004049,0.8138145208358765,0.061875,0.98375
571,25,0.11856287425138534,0.06301718650541054,0.9999999999999899,0.5705625600740314,0.8185357451438904,0.061875,0.981875
572,25,0.11799761620966234,0.06269791006966431,0.9999999999999899,0.5710857512801886,0.7822495102882385,0.061875,0.986875
573,25,0.11561382598320441,0.0613535736875395,0.9999999999999898,0.5711865311488509,0.7753118276596069,0.060625,0.988125
574,25,0.11785714285703178,0.0626185958254269,0.9999999999999899,0.571035209018737,0.7701704502105713,0.061875,0.988125
575,25,0.11709047900639465,0.06218592964824117,0.9999999999999899,0.571352387201041,0.749138355255127,0.061875,0.995
576,25,0.11653914067087304,0.061874999999999965,0.9999999999999899,0.5715097648277879,0.7259199619293213,0.061875,1.0
577,25,0.11653914067087304,0.061874999999999965,0.9999999999999899,0.5714713944494725,0.7297442555427551,0.061875,1.0
578,25,0.11653914067087304,0.061874999999999965,0.9999999999999899,0.5712971482053399,0.746508777141571,0.061875,1.0
579,25,0.11695215593609766,0.062107904642409,0.9999999999999899,0.5707815417647362,0.8047753572463989,0.061875,0.99625
580,25,0.11695215593609766,0.062107904642409,0.9999999999999899,0.5707037654146552,0.8062540292739868,0.061875,0.99625
581,27,0.10608800482208144,0.05601527689369825,0.9999999999999887,0.5699850620143115,0.8290055990219116,0.055,0.981875
582,27,0.10699088145886516,0.05651894669235706,0.9999999999999887,0.5699872704036534,0.8443453907966614,0.055,0.973125
583,27,0.10744810744800565,0.056774193548387065,0.9999999999999887,0.5706332478486001,0.7505711913108826,0.055,0.96875
584,27,0.10731707317063,0.05670103092783502,0.9999999999999887,0.5704909368045628,0.7494056224822998,0.055,0.97
585,27,0.10718635809977663,0.056628056628056596,0.9999999999999887,0.570534096211195,0.7533077001571655,0.055,0.97125
586,27,0.10712111990251565,0.056591639871382604,0.9999999999999887,0.57063531588763,0.7479764223098755,0.055,0.971875
587,27,0.10712111990251565,0.056591639871382604,0.9999999999999887,0.5706795642711222,0.7470034956932068,0.055,0.971875
588,27,0.10699088145886516,0.05651894669235706,0.9999999999999887,0.5706320300325751,0.7449960708618164,0.055,0.973125
589,27,0.10666666666656556,0.05633802816901405,0.9999999999999887,0.5706189347431063,0.7613005638122559,0.055,0.97625
590,27,0.10660205935786381,0.05630198336532306,0.9999999999999887,0.5705605835467576,0.7625836730003357,0.055,0.976875
591,27,0.10673135233464716,0.05637411915438818,0.9999999999999887,0.5706315322592854,0.7635074853897095,0.055,0.975625
592,27,0.10679611650475314,0.056410256410256376,0.9999999999999887,0.5706143893487752,0.7641367316246033,0.055,0.975
593,27,0.10673135233464716,0.05637411915438818,0.9999999999999887,0.5705412598326802,0.7599633932113647,0.055,0.975625
594,27,0.10679611650475314,0.056410256410256376,0.9999999999999887,0.5705010663717985,0.7589023113250732,0.055,0.975
595,27,0.10660205935786381,0.05630198336532306,0.9999999999999887,0.5706741013005376,0.7586697340011597,0.055,0.976875
596,27,0.10653753026624282,0.05626598465473143,0.9999999999999887,0.5706339778937399,0.7607330679893494,0.055,0.9775
597,27,0.10686095931987444,0.05644644002565744,0.9999999999999887,0.5706595537997782,0.7610644102096558,0.055,0.974375
598,27,0.10705596107045817,0.056555269922879146,0.9999999999999887,0.570430900156498,0.7624446153640747,0.055,0.9725
599,27,0.10744810744800565,0.056774193548387065,0.9999999999999887,0.5705757405795157,0.7621933221817017,0.055,0.96875
600,27,0.10738255033546872,0.05673758865248223,0.9999999999999887,0.5704951926134527,0.7643503546714783,0.055,0.969375
601,27,0.10731707317063,0.05670103092783502,0.9999999999999887,0.5706634400598705,0.7617351412773132,0.055,0.97
602,27,0.10705596107045817,0.056555269922879146,0.9999999999999887,0.5706192711368203,0.7643812298774719,0.055,0.9725
603,27,0.0942472460219419,0.049454078355812434,0.9999999999999871,0.5705503808893263,0.7693637609481812,0.048125,0.973125
604,27,0.09442060085827902,0.04954954954954952,0.9999999999999871,0.5705769068188965,0.7676905989646912,0.048125,0.97125
605,27,0.09768009768000464,0.0513478818998716,0.9999999999999876,0.5704203981161118,0.7660330533981323,0.05,0.97375
606,27,0.10091185410324753,0.053137003841229165,0.999999999999988,0.5704907511174678,0.7571800351142883,0.051875,0.97625
607,27,0.09477521263660461,0.049744897959183645,0.9999999999999872,0.5705396549217403,0.757027804851532,0.04875,0.98
608,27,0.0936170212765064,0.04910714285714283,0.9999999999999871,0.5705606755241752,0.7548205256462097,0.048125,0.98
609,27,0.09378806333730393,0.04920127795527154,0.9999999999999871,0.5705491913296282,0.7524945139884949,0.048125,0.978125
610,27,0.09378806333730393,0.04920127795527154,0.9999999999999871,0.570569720827043,0.754134476184845,0.048125,0.978125
611,27,0.10634441087603211,0.05615826419910654,0.9999999999999887,0.5705410515330732,0.7501927614212036,0.055,0.979375
612,27,0.10628019323661421,0.0561224489795918,0.9999999999999887,0.5705239252373576,0.7509430646896362,0.055,0.98
613,27,0.10309278350505675,0.05434782608695649,0.9999999999999883,0.570568364392966,0.7519927024841309,0.053125,0.9775
614,27,0.099696048632124,0.05246321177223286,0.9999999999999879,0.5706463966332376,0.7533829212188721,0.05125,0.976875
615,27,0.10590383444907792,0.05591259640102825,0.9999999999999886,0.5706213782168925,0.7519047856330872,0.054375,0.9725
616,27,0.10679611650475314,0.056410256410256376,0.9999999999999887,0.5706498697213829,0.7526649832725525,0.055,0.975
617,27,0.10686095931987444,0.05644644002565744,0.9999999999999887,0.5706216550432146,0.7524217367172241,0.055,0.974375
618,27,0.10699088145886516,0.05651894669235706,0.9999999999999887,0.5707540428265929,0.7454434037208557,0.055,0.973125
619,27,0.10751374465475458,0.05681084570690765,0.9999999999999887,0.5707466453686356,0.7424672842025757,0.055,0.968125
620,27,0.10751374465475458,0.05681084570690765,0.9999999999999887,0.5707354437932373,0.7422088384628296,0.055,0.968125
621,27,0.10751374465475458,0.05681084570690765,0.9999999999999887,0.5706868361495435,0.7416067719459534,0.055,0.968125
622,27,0.10757946210258756,0.05684754521963821,0.9999999999999887,0.5706868186965585,0.7420993447303772,0.055,0.9675
623,27,0.10771113831079147,0.05692108667529104,0.9999999999999887,0.5707744770310819,0.7451083064079285,0.055,0.96625
624,27,0.10804174340075708,0.057105775470473685,0.9999999999999887,0.5708592213876545,0.7454623579978943,0.055,0.963125
625,27,0.10771113831079147,0.05692108667529104,0.9999999999999887,0.5708003271371126,0.7466137409210205,0.055,0.96625
626,27,0.10718635809977663,0.056628056628056596,0.9999999999999887,0.5707865541800856,0.7453757524490356,0.055,0.97125
627,27,0.10653753026624282,0.05626598465473143,0.9999999999999887,0.57079649746418,0.7479816675186157,0.055,0.9775
628,27,0.10660205935786381,0.05630198336532306,0.9999999999999887,0.5708366446569562,0.7525637745857239,0.055,0.976875
629,27,0.10686095931987444,0.05644644002565744,0.9999999999999887,0.5708032145351172,0.7548927664756775,0.055,0.974375
630,27,0.10660205935786381,0.05630198336532306,0.9999999999999887,0.570695914067328,0.7602869868278503,0.055,0.976875
631,27,0.10653753026624282,0.05626598465473143,0.9999999999999887,0.5705671529658138,0.7580581903457642,0.055,0.9775
632,27,0.10660205935786381,0.05630198336532306,0.9999999999999887,0.5705748337693513,0.7564336657524109,0.055,0.976875
633,27,0.10666666666656556,0.05633802816901405,0.9999999999999887,0.5706317928805947,0.7553949356079102,0.055,0.97625
634,27,0.10738255033546872,0.05673758865248223,0.9999999999999887,0.5706689551845193,0.7580481767654419,0.055,0.969375
635,27,0.10731707317063,0.05670103092783502,0.9999999999999887,0.5706230352260172,0.7586907148361206,0.055,0.97
636,27,0.10744810744800565,0.056774193548387065,0.9999999999999887,0.570469569824636,0.7547199130058289,0.055,0.96875
637,27,0.10712111990251565,0.056591639871382604,0.9999999999999887,0.5704733850620687,0.7528618574142456,0.055,0.971875
638,27,0.10699088145886516,0.05651894669235706,0.9999999999999887,0.570486799404025,0.7469062209129333,0.055,0.973125
639,27,0.10692588092334944,0.05648267008985876,0.9999999999999887,0.5705408599972724,0.7471670508384705,0.055,0.97375
640,27,0.10686095931987444,0.05644644002565744,0.9999999999999887,0.5706187844276428,0.7523695230484009,0.055,0.974375
641,27,0.10666666666656556,0.05633802816901405,0.9999999999999887,0.570588110703975,0.7504826188087463,0.055,0.97625
642,27,0.10673135233464716,0.05637411915438818,0.9999999999999887,0.5705289437994361,0.74501633644104,0.055,0.975625
643,27,0.10666666666656556,0.05633802816901405,0.9999999999999887,0.5704129568301142,0.7425820827484131,0.055,0.97625
644,27,0.10660205935786381,0.05630198336532306,0.9999999999999887,0.5704277291148901,0.7438268661499023,0.055,0.976875
645,27,0.10712111990251565,0.056591639871382604,0.9999999999999887,0.5705400294065476,0.7467999458312988,0.055,0.971875
646,27,0.10738255033546872,0.05673758865248223,0.9999999999999887,0.5706193951331079,0.7486340999603271,0.055,0.969375
647,27,0.10718635809977663,0.056628056628056596,0.9999999999999887,0.5705571940727532,0.7604308724403381,0.055,0.97125
648,27,0.10679611650475314,0.056410256410256376,0.9999999999999887,0.5705538696050644,0.7571458220481873,0.055,0.975
649,27,0.10673135233464716,0.05637411915438818,0.9999999999999887,0.5706687683984637,0.7585403323173523,0.055,0.975625
650,27,0.10660205935786381,0.05630198336532306,0.9999999999999887,0.5705762287788093,0.7618825435638428,0.055,0.976875
651,27,0.10673135233464716,0.05637411915438818,0.9999999999999887,0.5704431752488017,0.7704381346702576,0.055,0.975625
652,27,0.10634441087603211,0.05615826419910654,0.9999999999999887,0.5704423504695296,0.7775288820266724,0.055,0.979375
653,27,0.10602409638544164,0.055979643765903274,0.9999999999999887,0.5703496674261987,0.7750174403190613,0.055,0.9825
654,27,0.10589651022853978,0.055908513341804286,0.9999999999999887,0.5703900670818984,0.7718425393104553,0.055,0.98375
655,27,0.10589651022853978,0.055908513341804286,0.9999999999999887,0.5704971909336746,0.7765159010887146,0.055,0.98375
656,27,0.10570570570560545,0.055802155992390585,0.9999999999999887,0.5705654462613166,0.7773765325546265,0.055,0.985625
657,27,0.10545236668653868,0.05566097406704614,0.9999999999999887,0.5705061358772219,0.7840265035629272,0.055,0.988125
658,27,0.10596026490056178,0.05594405594405591,0.9999999999999887,0.5705565608106553,0.7959120869636536,0.055,0.983125
659,27,0.10576923076913046,0.055837563451776616,0.9999999999999887,0.5706262231245637,0.7910757660865784,0.055,0.985
660,27,0.10602409638544164,0.055979643765903274,0.9999999999999887,0.570565310176462,0.7812238335609436,0.055,0.9825
661,27,0.10628019323661421,0.0561224489795918,0.9999999999999887,0.5706464893184602,0.7772426605224609,0.055,0.98
662,27,0.10634441087603211,0.05615826419910654,0.9999999999999887,0.5704942555911839,0.7776536345481873,0.055,0.979375
663,27,0.10519951632396309,0.055520102105934874,0.9999999999999886,0.5704843647405505,0.7818130850791931,0.054375,0.979375
664,27,0.0939597315435345,0.04929577464788729,0.9999999999999871,0.5705100965127349,0.7890412211418152,0.048125,0.97625
665,27,0.09407452657290961,0.04935897435897433,0.9999999999999871,0.5705039279349148,0.781996488571167,0.048125,0.975
666,27,0.09390243902430064,0.04926423544465768,0.9999999999999871,0.5704424444027245,0.7787459492683411,0.048125,0.976875
667,27,0.09418960244639331,0.049422336328626415,0.9999999999999871,0.5703841841593384,0.7762400507926941,0.048125,0.97375
668,27,0.09418960244639331,0.049422336328626415,0.9999999999999871,0.5704265713505446,0.7778790593147278,0.048125,0.97375
669,27,0.0942472460219419,0.049454078355812434,0.9999999999999871,0.5704747408442199,0.7804985046386719,0.048125,0.973125
670,27,0.09413202933976347,0.04939063502245026,0.9999999999999871,0.5704928941465914,0.7846902012825012,0.048125,0.974375
671,27,0.09529627367125916,0.05003207184092364,0.9999999999999872,0.5705429234169423,0.7775971293449402,0.04875,0.974375
672,27,0.10705596107045817,0.056555269922879146,0.9999999999999887,0.570601144656539,0.7699188590049744,0.055,0.9725
673,27,0.10692588092334944,0.05648267008985876,0.9999999999999887,0.5706614383310079,0.7692504525184631,0.055,0.97375
674,27,0.10692588092334944,0.05648267008985876,0.9999999999999887,0.570756787545979,0.7714401483535767,0.055,0.97375
675,27,0.10705596107045817,0.056555269922879146,0.9999999999999887,0.5708383719250559,0.770314633846283,0.055,0.9725
676,27,0.10718635809977663,0.056628056628056596,0.9999999999999887,0.5708621622249485,0.7704194784164429,0.055,0.97125
677,27,0.10686095931987444,0.05644644002565744,0.9999999999999887,0.5707729466073215,0.7657221555709839,0.055,0.974375
678,27,0.10699088145886516,0.05651894669235706,0.9999999999999887,0.570674124956131,0.7613903284072876,0.055,0.973125
679,27,0.10712111990251565,0.056591639871382604,0.9999999999999887,0.570731410253793,0.7541853785514832,0.055,0.971875
680,27,0.10705596107045817,0.056555269922879146,0.9999999999999887,0.57083930099383,0.7591692209243774,0.055,0.9725
681,27,0.10692588092334944,0.05648267008985876,0.9999999999999887,0.5707430019974709,0.7612148523330688,0.055,0.97375
682,27,0.10673135233464716,0.05637411915438818,0.9999999999999887,0.5705873346887529,0.7757551074028015,0.055,0.975625
683,27,0.10660205935786381,0.05630198336532306,0.9999999999999887,0.5705551603622735,0.7753638625144958,0.055,0.976875
684,27,0.10602409638544164,0.055979643765903274,0.9999999999999887,0.5704873624257744,0.7748158574104309,0.055,0.9825
685,27,0.10634441087603211,0.05615826419910654,0.9999999999999887,0.5704425952769816,0.7749776840209961,0.055,0.979375
686,27,0.10615199034971841,0.056050955414012706,0.9999999999999887,0.5705166431330144,0.7772669196128845,0.055,0.98125
687,27,0.10647307924974782,0.05623003194888176,0.9999999999999887,0.5705172855779529,0.7761155962944031,0.055,0.978125
688,27,0.10660205935786381,0.05630198336532306,0.9999999999999887,0.5705010391026736,0.7691249847412109,0.055,0.976875
689,27,0.10647307924974782,0.05623003194888176,0.9999999999999887,0.5705479583330453,0.7661172747612,0.055,0.978125
690,27,0.10679611650475314,0.056410256410256376,0.9999999999999887,0.5706148530915379,0.7520130276679993,0.055,0.975
691,27,0.10692588092334944,0.05648267008985876,0.9999999999999887,0.5706680878251791,0.7528095245361328,0.055,0.97375
692,27,0.10718635809977663,0.056628056628056596,0.9999999999999887,0.5706610191054642,0.7525816559791565,0.055,0.97125
693,27,0.10712111990251565,0.056591639871382604,0.9999999999999887,0.5706466836482287,0.7515380382537842,0.055,0.971875
694,27,0.10705596107045817,0.056555269922879146,0.9999999999999887,0.5706504293158651,0.7504866719245911,0.055,0.9725
695,27,0.10699088145886516,0.05651894669235706,0.9999999999999887,0.5704142521135509,0.7511399984359741,0.055,0.973125
696,27,0.10686095931987444,0.05644644002565744,0.9999999999999887,0.5704605550505221,0.7548947334289551,0.055,0.974375
697,27,0.10705596107045817,0.056555269922879146,0.9999999999999887,0.5704929026030005,0.7539273500442505,0.055,0.9725
698,27,0.10705596107045817,0.056555269922879146,0.9999999999999887,0.570542914532125,0.7511035203933716,0.055,0.9725
699,27,0.10679611650475314,0.056410256410256376,0.9999999999999887,0.5705326083675026,0.7504107356071472,0.055,0.975
700,27,0.10673135233464716,0.05637411915438818,0.9999999999999887,0.5704327658563852,0.7520846724510193,0.055,0.975625
701,27,0.10692588092334944,0.05648267008985876,0.9999999999999887,0.5704071856848896,0.7542413473129272,0.055,0.97375
702,27,0.10660205935786381,0.05630198336532306,0.9999999999999887,0.5700492595508695,0.7563697099685669,0.055,0.976875
703,27,0.10692588092334944,0.05648267008985876,0.9999999999999887,0.5701584296301008,0.7682467699050903,0.055,0.97375
704,27,0.10660205935786381,0.05630198336532306,0.9999999999999887,0.5702046534605324,0.7681012153625488,0.055,0.976875
705,27,0.10653753026624282,0.05626598465473143,0.9999999999999887,0.5704101192392409,0.7710850238800049,0.055,0.9775
706,27,0.10634441087603211,0.05615826419910654,0.9999999999999887,0.5703302535228432,0.7765281200408936,0.055,0.979375
707,27,0.10621605310792584,0.05608667941363923,0.9999999999999887,0.5704168353043496,0.7837334871292114,0.055,0.980625
708,27,0.10628019323661421,0.0561224489795918,0.9999999999999887,0.5703139022365212,0.779939591884613,0.055,0.98
709,27,0.10596026490056178,0.05594405594405591,0.9999999999999887,0.5702079151198268,0.7734872102737427,0.055,0.983125
710,27,0.10602409638544164,0.055979643765903274,0.9999999999999887,0.5702210178039968,0.7594935297966003,0.055,0.9825
711,27,0.10602409638544164,0.055979643765903274,0.9999999999999887,0.5702457437105477,0.7595227360725403,0.055,0.9825
712,27,0.10653753026624282,0.05626598465473143,0.9999999999999887,0.5703758971020579,0.7608546614646912,0.055,0.9775
713,27,0.10647307924974782,0.05623003194888176,0.9999999999999887,0.570315255895257,0.7599917650222778,0.055,0.978125
714,27,0.10666666666656556,0.05633802816901405,0.9999999999999887,0.570467372275889,0.7697316408157349,0.055,0.97625
715,27,0.10673135233464716,0.05637411915438818,0.9999999999999887,0.570570092331618,0.764017641544342,0.055,0.975625
716,27,0.10673135233464716,0.05637411915438818,0.9999999999999887,0.5706083661131561,0.7654455304145813,0.055,0.975625
717,27,0.10699088145886516,0.05651894669235706,0.9999999999999887,0.5706064634583891,0.7687432169914246,0.055,0.973125
718,27,0.10718635809977663,0.056628056628056596,0.9999999999999887,0.5704616106487811,0.7711374163627625,0.055,0.97125
719,27,0.10725167580733287,0.05666452028332257,0.9999999999999887,0.5704092511907219,0.7686349153518677,0.055,0.970625
720,27,0.10699088145886516,0.05651894669235706,0.9999999999999887,0.5704570041969419,0.7683125138282776,0.055,0.973125
721,27,0.10699088145886516,0.05651894669235706,0.9999999999999887,0.5703736224025487,0.766555666923523,0.055,0.973125
722,27,0.0991432068542508,0.05215711526078554,0.9999999999999877,0.5705175987631083,0.7703072428703308,0.050625,0.970625
723,27,0.09459459459450435,0.04964539007092195,0.9999999999999871,0.5705678306147456,0.7719898223876953,0.048125,0.969375
724,27,0.09459459459450435,0.04964539007092195,0.9999999999999871,0.5705368875339627,0.7694947123527527,0.048125,0.969375
725,27,0.09447852760727182,0.04958145524790725,0.9999999999999871,0.5705484964884817,0.7697873711585999,0.048125,0.970625
726,27,0.09447852760727182,0.04958145524790725,0.9999999999999871,0.5705897423997521,0.7660127282142639,0.048125,0.970625
727,27,0.0945365254756618,0.04961340206185564,0.9999999999999871,0.5706799547374248,0.7706274390220642,0.048125,0.97
728,27,0.09471094710938076,0.049709489993544194,0.9999999999999871,0.5707129177078605,0.7725261449813843,0.048125,0.968125
729,27,0.09471094710938076,0.049709489993544194,0.9999999999999871,0.5707241389900446,0.7756170034408569,0.048125,0.968125
730,27,0.10287813839549322,0.054228534538411845,0.9999999999999881,0.5706160114333033,0.7694238424301147,0.0525,0.968125
731,27,0.10731707317063,0.05670103092783502,0.9999999999999887,0.5705408934503794,0.7685894966125488,0.055,0.97
732,27,0.10725167580733287,0.05666452028332257,0.9999999999999887,0.5705647384375334,0.7665100693702698,0.055,0.970625
733,27,0.10731707317063,0.05670103092783502,0.9999999999999887,0.570698851197958,0.764983594417572,0.055,0.97
734,27,0.10731707317063,0.05670103092783502,0.9999999999999887,0.5706686418876052,0.7684773206710815,0.055,0.97
735,27,0.10738255033546872,0.05673758865248223,0.9999999999999887,0.5705786069855094,0.7656835913658142,0.055,0.969375
736,27,0.10705596107045817,0.056555269922879146,0.9999999999999887,0.5704959848336876,0.7598724961280823,0.055,0.9725
737,27,0.10699088145886516,0.05651894669235706,0.9999999999999887,0.5703973197750747,0.7571332454681396,0.055,0.973125
738,27,0.10692588092334944,0.05648267008985876,0.9999999999999887,0.5704428866133093,0.7556309700012207,0.055,0.97375
739,27,0.10712111990251565,0.056591639871382604,0.9999999999999887,0.5704661569744348,0.7599514126777649,0.055,0.971875
740,27,0.10725167580733287,0.05666452028332257,0.9999999999999887,0.5704578620195389,0.7611954212188721,0.055,0.970625
741,27,0.10686095931987444,0.05644644002565744,0.9999999999999887,0.5703851619176566,0.7714852094650269,0.055,0.974375
742,27,0.10673135233464716,0.05637411915438818,0.9999999999999887,0.570363531075418,0.7678341269493103,0.055,0.975625
743,27,0.10679611650475314,0.056410256410256376,0.9999999999999887,0.570372202116996,0.766949474811554,0.055,0.975
744,27,0.10686095931987444,0.05644644002565744,0.9999999999999887,0.5704823995567858,0.7693840265274048,0.055,0.974375
745,27,0.10705596107045817,0.056555269922879146,0.9999999999999887,0.5705535599030555,0.7732822299003601,0.055,0.9725
746,27,0.10705596107045817,0.056555269922879146,0.9999999999999887,0.5705244420841337,0.7723301649093628,0.055,0.9725
747,27,0.10686095931987444,0.05644644002565744,0.9999999999999887,0.5704707007668912,0.7684662938117981,0.055,0.974375
748,27,0.10647307924974782,0.05623003194888176,0.9999999999999887,0.5704934155754745,0.7683358192443848,0.055,0.978125
749,27,0.10660205935786381,0.05630198336532306,0.9999999999999887,0.5705649170093239,0.7710784673690796,0.055,0.976875
750,27,0.10679611650475314,0.056410256410256376,0.9999999999999887,0.5705262559838593,0.7741686105728149,0.055,0.975
751,27,0.10692588092334944,0.05648267008985876,0.9999999999999887,0.57058862619102,0.7792786955833435,0.055,0.97375
752,27,0.10699088145886516,0.05651894669235706,0.9999999999999887,0.570499433092773,0.7827661633491516,0.055,0.973125
753,27,0.10699088145886516,0.05651894669235706,0.9999999999999887,0.5705067952349782,0.7836403846740723,0.055,0.973125
754,27,0.10705596107045817,0.056555269922879146,0.9999999999999887,0.5705916648730636,0.7868529558181763,0.055,0.9725
755,27,0.10712111990251565,0.056591639871382604,0.9999999999999887,0.5706230681203306,0.7734147310256958,0.055,0.971875
756,27,0.10757946210258756,0.05684754521963821,0.9999999999999887,0.5706259726546705,0.7723607420921326,0.055,0.9675
757,27,0.10751374465475458,0.05681084570690765,0.9999999999999887,0.570653796326369,0.7719942331314087,0.055,0.968125
758,27,0.10712111990251565,0.056591639871382604,0.9999999999999887,0.5706496072933078,0.7718608975410461,0.055,0.971875
759,27,0.10705596107045817,0.056555269922879146,0.9999999999999887,0.5705912289768458,0.774543821811676,0.055,0.9725
760,27,0.10699088145886516,0.05651894669235706,0.9999999999999887,0.5704119073227047,0.7775965332984924,0.055,0.973125
761,27,0.10640870616676731,0.056194125159642366,0.9999999999999887,0.5702375167794526,0.7892711162567139,0.055,0.97875
762,27,0.10634441087603211,0.05615826419910654,0.9999999999999887,0.570214607603848,0.7854584455490112,0.055,0.979375
763,27,0.10621605310792584,0.05608667941363923,0.9999999999999887,0.5702968006953597,0.7893711924552917,0.055,0.980625
764,27,0.10615199034971841,0.056050955414012706,0.9999999999999887,0.5702817025966942,0.7907817959785461,0.055,0.98125
765,27,0.10647307924974782,0.05623003194888176,0.9999999999999887,0.5702787356264889,0.7993215322494507,0.055,0.978125
766,27,0.10628019323661421,0.0561224489795918,0.9999999999999887,0.5701877705566585,0.805235743522644,0.055,0.98
767,27,0.10628019323661421,0.0561224489795918,0.9999999999999887,0.5701824208721519,0.8083259463310242,0.055,0.98
768,27,0.10621605310792584,0.05608667941363923,0.9999999999999887,0.5700980950146913,0.8051270246505737,0.055,0.980625
769,27,0.10634441087603211,0.05615826419910654,0.9999999999999887,0.5700074594281613,0.7975896596908569,0.055,0.979375
770,27,0.10615199034971841,0.056050955414012706,0.9999999999999887,0.5701088412106037,0.7952127456665039,0.055,0.98125
771,27,0.10621605310792584,0.05608667941363923,0.9999999999999887,0.5701843909732998,0.79415363073349,0.055,0.980625
772,27,0.10640870616676731,0.056194125159642366,0.9999999999999887,0.5700313050299883,0.7982409596443176,0.055,0.97875
773,27,0.10647307924974782,0.05623003194888176,0.9999999999999887,0.5703261431120336,0.7996302843093872,0.055,0.978125
774,27,0.10673135233464716,0.05637411915438818,0.9999999999999887,0.5702031903155148,0.7958322167396545,0.055,0.975625
775,27,0.10660205935786381,0.05630198336532306,0.9999999999999887,0.5702816712670028,0.7905215620994568,0.055,0.976875
776,27,0.10072815533971004,0.05303514376996802,0.999999999999988,0.5701729736104607,0.7785195112228394,0.051875,0.978125
777,27,0.09378806333730393,0.04920127795527154,0.9999999999999871,0.5703045159392058,0.7805992364883423,0.048125,0.978125
778,27,0.0939597315435345,0.04929577464788729,0.9999999999999871,0.5702949923463165,0.7840445637702942,0.048125,0.97625
779,27,0.0940170940170043,0.049327354260089655,0.9999999999999871,0.5703274471312761,0.7879657745361328,0.048125,0.975625
780,27,0.0940170940170043,0.049327354260089655,0.9999999999999871,0.5703831912018359,0.7878862619400024,0.048125,0.975625
781,27,0.09390243902430064,0.04926423544465768,0.9999999999999871,0.5703057657927275,0.7842352390289307,0.048125,0.976875
782,27,0.0935033394048895,0.049044585987261115,0.9999999999999871,0.5703416830673814,0.7743865847587585,0.048125,0.98125
783,27,0.0932768019381302,0.04891994917407875,0.9999999999999871,0.5705036180093884,0.768644392490387,0.048125,0.98375
784,27,0.09939393939384482,0.05229591836734691,0.9999999999999879,0.5704717691987753,0.7707310914993286,0.05125,0.98
785,27,0.10666666666656556,0.05633802816901405,0.9999999999999887,0.5705126687325537,0.779519259929657,0.055,0.97625
786,27,0.10666666666656556,0.05633802816901405,0.9999999999999887,0.5704913452640176,0.7897393107414246,0.055,0.97625
787,27,0.10666666666656556,0.05633802816901405,0.9999999999999887,0.5704120788909495,0.7947775721549988,0.055,0.97625
788,27,0.10628019323661421,0.0561224489795918,0.9999999999999887,0.5703608896397054,0.7974092364311218,0.055,0.98
789,27,0.10621605310792584,0.05608667941363923,0.9999999999999887,0.5702592375874519,0.7909206748008728,0.055,0.980625
790,27,0.10576923076913046,0.055837563451776616,0.9999999999999887,0.5703185966424644,0.7955756187438965,0.055,0.985
791,27,0.10596026490056178,0.05594405594405591,0.9999999999999887,0.5701842001453042,0.7974745035171509,0.055,0.983125
792,27,0.10602409638544164,0.055979643765903274,0.9999999999999887,0.5702088704705238,0.8003706336021423,0.055,0.9825
793,27,0.10589651022853978,0.055908513341804286,0.9999999999999887,0.5701928273588419,0.8016969561576843,0.055,0.98375
794,27,0.10589651022853978,0.055908513341804286,0.9999999999999887,0.5701759439148009,0.8019173741340637,0.055,0.98375
795,27,0.10589651022853978,0.055908513341804286,0.9999999999999887,0.5701789305731654,0.8010556697845459,0.055,0.98375
796,27,0.10596026490056178,0.05594405594405591,0.9999999999999887,0.570211065467447,0.7895095348358154,0.055,0.983125
797,27,0.10583283223080762,0.05587301587301584,0.9999999999999887,0.5701625625789165,0.7862362265586853,0.055,0.984375
798,27,0.10634441087603211,0.05615826419910654,0.9999999999999887,0.5701578062772751,0.7848818302154541,0.055,0.979375
799,27,0.10621605310792584,0.05608667941363923,0.9999999999999887,0.5701790552772582,0.7906676530838013,0.055,0.980625
800,27,0.10608800482208144,0.05601527689369825,0.9999999999999887,0.57009291568771,0.7981096506118774,0.055,0.981875
801,27,0.10608800482208144,0.05601527689369825,0.9999999999999887,0.5700402796640992,0.8005759119987488,0.055,0.981875
802,27,0.10596026490056178,0.05594405594405591,0.9999999999999887,0.570059190467,0.7972967624664307,0.055,0.983125
803,27,0.10621605310792584,0.05608667941363923,0.9999999999999887,0.570018610805273,0.7879089117050171,0.055,0.980625
804,27,0.10621605310792584,0.05608667941363923,0.9999999999999887,0.570021988004446,0.7879863381385803,0.055,0.980625
805,27,0.10615199034971841,0.056050955414012706,0.9999999999999887,0.5701456525549292,0.8012587428092957,0.055,0.98125
806,27,0.10589651022853978,0.055908513341804286,0.9999999999999887,0.5701461417041719,0.8130999207496643,0.055,0.98375
807,27,0.10602409638544164,0.055979643765903274,0.9999999999999887,0.5700822488404811,0.8169956207275391,0.055,0.9825
808,27,0.10602409638544164,0.055979643765903274,0.9999999999999887,0.570066602025181,0.8176060914993286,0.055,0.9825
809,27,0.10608800482208144,0.05601527689369825,0.9999999999999887,0.5700442394055426,0.8065629601478577,0.055,0.981875
810,27,0.10634441087603211,0.05615826419910654,0.9999999999999887,0.5700455717928707,0.7968297600746155,0.055,0.979375
811,27,0.10615199034971841,0.056050955414012706,0.9999999999999887,0.5702812681905925,0.7942830324172974,0.055,0.98125
812,27,0.10621605310792584,0.05608667941363923,0.9999999999999887,0.5703135346062481,0.8081366419792175,0.055,0.980625
813,27,0.10666666666656556,0.05633802816901405,0.9999999999999887,0.5702735658921302,0.8140310645103455,0.055,0.97625
814,27,0.10647307924974782,0.05623003194888176,0.9999999999999887,0.5702473309449851,0.8100884556770325,0.055,0.978125
815,27,0.10628019323661421,0.0561224489795918,0.9999999999999887,0.5701555876992643,0.7966762185096741,0.055,0.98
816,27,0.10596026490056178,0.05594405594405591,0.9999999999999887,0.5703290511108935,0.7909046411514282,0.055,0.983125
817,27,0.10615199034971841,0.056050955414012706,0.9999999999999887,0.5703135026991367,0.7997702956199646,0.055,0.98125
818,27,0.10666666666656556,0.05633802816901405,0.9999999999999887,0.5704195431806147,0.8106855154037476,0.055,0.97625
819,27,0.10705596107045817,0.056555269922879146,0.9999999999999887,0.5703675832413136,0.8148816823959351,0.055,0.9725
820,27,0.10692588092334944,0.05648267008985876,0.9999999999999887,0.5703067593276501,0.8000158667564392,0.055,0.97375
821,27,0.10660205935786381,0.05630198336532306,0.9999999999999887,0.5702765909954906,0.7849283814430237,0.055,0.976875
822,27,0.10660205935786381,0.05630198336532306,0.9999999999999887,0.5703258806094528,0.7881606817245483,0.055,0.976875
823,27,0.10738255033546872,0.05673758865248223,0.9999999999999887,0.5703938763029873,0.7992397546768188,0.055,0.969375
824,27,0.10771113831079147,0.05692108667529104,0.9999999999999887,0.5703075399063527,0.8052172064781189,0.055,0.96625
825,27,0.10725167580733287,0.05666452028332257,0.9999999999999887,0.5702362067252398,0.7999547719955444,0.055,0.970625
826,27,0.10673135233464716,0.05637411915438818,0.9999999999999887,0.5702468239888548,0.7914265990257263,0.055,0.975625
827,27,0.10686095931987444,0.05644644002565744,0.9999999999999887,0.5703457557037472,0.7881525158882141,0.055,0.974375
828,27,0.10692588092334944,0.05648267008985876,0.9999999999999887,0.5703350208885968,0.803134024143219,0.055,0.97375
829,27,0.10679611650475314,0.056410256410256376,0.9999999999999887,0.5702958677336574,0.8215020298957825,0.055,0.975
830,27,0.10712111990251565,0.056591639871382604,0.9999999999999887,0.5703085793182254,0.8253715634346008,0.055,0.971875
831,27,0.10673135233464716,0.05637411915438818,0.9999999999999887,0.5702936479635536,0.8239578604698181,0.055,0.975625
832,27,0.10602409638544164,0.055979643765903274,0.9999999999999887,0.5700964615121484,0.805841863155365,0.055,0.9825
833,27,0.10628019323661421,0.0561224489795918,0.9999999999999887,0.570227124337107,0.7993467450141907,0.055,0.98
834,27,0.10666666666656556,0.05633802816901405,0.9999999999999887,0.5702857367321849,0.810721755027771,0.055,0.97625
835,27,0.10640870616676731,0.056194125159642366,0.9999999999999887,0.5699834462068974,0.8176780343055725,0.055,0.97875
836,27,0.10621605310792584,0.05608667941363923,0.9999999999999887,0.5701878292486071,0.8090822100639343,0.055,0.980625
837,27,0.10589651022853978,0.055908513341804286,0.9999999999999887,0.5701977755129337,0.7933973073959351,0.055,0.98375
838,27,0.10596026490056178,0.05594405594405591,0.9999999999999887,0.5701831797137856,0.787630021572113,0.055,0.983125
839,27,0.10602409638544164,0.055979643765903274,0.9999999999999887,0.5701611272618174,0.7897863984107971,0.055,0.9825
840,27,0.10628019323661421,0.0561224489795918,0.9999999999999887,0.5701176200807094,0.8061264753341675,0.055,0.98
841,27,0.10653753026624282,0.05626598465473143,0.9999999999999887,0.5704190259240568,0.813379168510437,0.055,0.9775
842,27,0.10602409638544164,0.055979643765903274,0.9999999999999887,0.5703248596191406,0.8031684756278992,0.055,0.9825
843,27,0.10608800482208144,0.05601527689369825,0.9999999999999887,0.5701845994219183,0.7919756770133972,0.055,0.981875
844,27,0.10602409638544164,0.055979643765903274,0.9999999999999887,0.5701735556684434,0.7964582443237305,0.055,0.9825
845,27,0.10608800482208144,0.05601527689369825,0.9999999999999887,0.5702443387918175,0.8098491430282593,0.055,0.981875
846,27,0.10634441087603211,0.05615826419910654,0.9999999999999887,0.5702766038291156,0.8129544854164124,0.055,0.979375
847,27,0.10583283223080762,0.05587301587301584,0.9999999999999887,0.5703654578514397,0.8054839372634888,0.055,0.984375
848,27,0.10596026490056178,0.05594405594405591,0.9999999999999887,0.570362683404237,0.7913592457771301,0.055,0.983125
849,27,0.10596026490056178,0.05594405594405591,0.9999999999999887,0.5701787936128676,0.7869628667831421,0.055,0.983125
850,27,0.10576923076913046,0.055837563451776616,0.9999999999999887,0.5701178035698831,0.8011723160743713,0.055,0.985
851,27,0.0932768019381302,0.04891994917407875,0.9999999999999871,0.5701987381279469,0.8132768273353577,0.048125,0.98375
852,27,0.10589651022853978,0.055908513341804286,0.9999999999999887,0.5702089691907167,0.8108779788017273,0.055,0.98375
853,27,0.10576923076913046,0.055837563451776616,0.9999999999999887,0.5701230512559414,0.7959157824516296,0.055,0.985
854,27,0.10583283223080762,0.05587301587301584,0.9999999999999887,0.5701018506288529,0.7908830642700195,0.055,0.984375
855,27,0.10608800482208144,0.05601527689369825,0.9999999999999887,0.5700450970605015,0.7966031432151794,0.055,0.981875
856,27,0.10647307924974782,0.05623003194888176,0.9999999999999887,0.5699373574927449,0.8029636740684509,0.055,0.978125
857,27,0.10673135233464716,0.05637411915438818,0.9999999999999887,0.5701820610091091,0.8120570778846741,0.055,0.975625
858,27,0.10653753026624282,0.05626598465473143,0.9999999999999887,0.5701893674582243,0.8019623756408691,0.055,0.9775
859,27,0.11870503597111122,0.06309751434034414,0.9999999999999899,0.5702226010523737,0.8001998066902161,0.061875,0.980625
860,27,0.10640870616676731,0.056194125159642366,0.9999999999999887,0.5700616969168186,0.8038274049758911,0.055,0.97875
861,27,0.10340632603396506,0.0545221295702373,0.9999999999999883,0.5701578106358647,0.8052085638046265,0.053125,0.974375
862,27,0.09797917942427901,0.05151320025756597,0.9999999999999876,0.5703217969276011,0.8161494135856628,0.05,0.970625
863,27,0.09476923076914037,0.049741602067183435,0.9999999999999871,0.5703776224330067,0.8162170648574829,0.048125,0.9675
864,27,0.09488601355505429,0.04980595084087966,0.9999999999999871,0.5704002641700208,0.8144276738166809,0.048125,0.96625
865,27,0.09494451294688849,0.04983818770226534,0.9999999999999871,0.5704429596848786,0.8153086304664612,0.048125,0.965625
866,27,0.10725167580733287,0.05666452028332257,0.9999999999999887,0.5704673944227397,0.8010110259056091,0.055,0.970625
867,27,0.10731707317063,0.05670103092783502,0.9999999999999887,0.5705622118152678,0.8106198310852051,0.055,0.97
868,27,0.10771113831079147,0.05692108667529104,0.9999999999999887,0.570481989197433,0.806837260723114,0.055,0.96625
869,27,0.10757946210258756,0.05684754521963821,0.9999999999999887,0.5705008017644286,0.7989644408226013,0.055,0.9675
870,27,0.10777709736670744,0.056957928802588965,0.9999999999999887,0.5705892827920616,0.7998140454292297,0.055,0.965625
871,27,0.10725167580733287,0.05666452028332257,0.9999999999999887,0.5705487497895956,0.7963585257530212,0.055,0.970625
872,27,0.10725167580733287,0.05666452028332257,0.9999999999999887,0.5705624631978572,0.7908051013946533,0.055,0.970625
873,27,0.10705596107045817,0.056555269922879146,0.9999999999999887,0.5704879780113697,0.7894389033317566,0.055,0.9725
874,27,0.10725167580733287,0.05666452028332257,0.9999999999999887,0.5706335877627134,0.7718228697776794,0.055,0.970625
875,27,0.10731707317063,0.05670103092783502,0.9999999999999887,0.5704919767566026,0.7686033844947815,0.055,0.97
876,27,0.10712111990251565,0.056591639871382604,0.9999999999999887,0.5707493796944618,0.7657090425491333,0.055,0.971875
877,27,0.10712111990251565,0.056591639871382604,0.9999999999999887,0.5706966314651072,0.7735271453857422,0.055,0.971875
878,27,0.10666666666656556,0.05633802816901405,0.9999999999999887,0.570715448744595,0.7682135105133057,0.055,0.97625
879,27,0.10647307924974782,0.05623003194888176,0.9999999999999887,0.5706284566782415,0.7756257653236389,0.055,0.978125
880,27,0.10647307924974782,0.05623003194888176,0.9999999999999887,0.5704382570646703,0.7833365797996521,0.055,0.978125
881,27,0.10673135233464716,0.05637411915438818,0.9999999999999887,0.5705435537919402,0.7823916673660278,0.055,0.975625
882,27,0.10468654899564017,0.05523442517662168,0.9999999999999885,0.5703963881731033,0.7809086441993713,0.05375,0.973125
883,27,0.09640024405115889,0.050641025641025614,0.9999999999999875,0.5704353262670339,0.7856376767158508,0.049375,0.975
884,27,0.09489051094881461,0.049808429118773916,0.9999999999999872,0.5702245417796076,0.8068963885307312,0.04875,0.97875
885,27,0.09390243902430064,0.04926423544465768,0.9999999999999871,0.5702746867388487,0.799164891242981,0.048125,0.976875
886,27,0.09378806333730393,0.04920127795527154,0.9999999999999871,0.5702076466567815,0.8070948123931885,0.048125,0.978125
887,27,0.09436274509794917,0.04951768488745978,0.9999999999999871,0.5703278926201165,0.8118306398391724,0.048125,0.971875
888,27,0.0942472460219419,0.049454078355812434,0.9999999999999871,0.5703538418374956,0.8118080496788025,0.048125,0.973125
889,27,0.09378806333730393,0.04920127795527154,0.9999999999999871,0.570359346177429,0.806423544883728,0.048125,0.978125
890,27,0.0958156458458759,0.050318471337579586,0.9999999999999875,0.5702636153437197,0.8007945418357849,0.049375,0.98125
891,27,0.10392749244703127,0.05481198215423834,0.9999999999999885,0.570242069028318,0.800996720790863,0.05375,0.980625
892,27,0.10545454545444544,0.05566218809980803,0.9999999999999886,0.5704133621044457,0.7839046716690063,0.054375,0.976875
893,27,0.10692588092334944,0.05648267008985876,0.9999999999999887,0.5705186025425791,0.7934080362319946,0.055,0.97375
894,27,0.10705596107045817,0.056555269922879146,0.9999999999999887,0.5704050306789576,0.7886312007904053,0.055,0.9725
895,27,0.10640870616676731,0.056194125159642366,0.9999999999999887,0.570322236791253,0.7826908826828003,0.055,0.97875
896,27,0.10628019323661421,0.0561224489795918,0.9999999999999887,0.5703677264600993,0.7830204963684082,0.055,0.98
897,27,0.10673135233464716,0.05637411915438818,0.9999999999999887,0.5704978842660785,0.7877873182296753,0.055,0.975625
898,27,0.10699088145886516,0.05651894669235706,0.9999999999999887,0.5705055415444076,0.7839107513427734,0.055,0.973125
899,27,0.10712111990251565,0.056591639871382604,0.9999999999999887,0.5706575510278344,0.7813388109207153,0.055,0.971875
900,27,0.10712111990251565,0.056591639871382604,0.9999999999999887,0.5706039507314563,0.7812656760215759,0.055,0.971875
901,27,0.10679611650475314,0.056410256410256376,0.9999999999999887,0.5705272530019283,0.7814393043518066,0.055,0.975
902,27,0.10692588092334944,0.05648267008985876,0.9999999999999887,0.5706800588406622,0.7829834818840027,0.055,0.97375
903,27,0.10764525993873593,0.05688429217840979,0.9999999999999887,0.570739470180124,0.7555776238441467,0.055,0.966875
904,27,0.12036474164122413,0.06403622250970242,0.9999999999999899,0.5706861836276949,0.754452645778656,0.061875,0.96625
905,27,0.10647307924974782,0.05623003194888176,0.9999999999999887,0.5704731985367835,0.7897998094558716,0.055,0.978125
906,27,0.10673135233464716,0.05637411915438818,0.9999999999999887,0.5705463767051697,0.78904789686203,0.055,0.975625
907,27,0.10833840535595338,0.057271557271557236,0.9999999999999888,0.5705418124422431,0.7899546027183533,0.055625,0.97125
908,27,0.11970979443761404,0.06366559485530543,0.9999999999999899,0.5703978665545583,0.7904505729675293,0.061875,0.971875
909,27,0.11956521739119179,0.0635838150289017,0.9999999999999899,0.5704469606280327,0.7880930304527283,0.061875,0.973125
910,27,0.12021857923485951,0.06395348837209298,0.9999999999999899,0.5705516244843603,0.7534540891647339,0.061875,0.9675
911,27,0.12058465286224951,0.06416072585871675,0.9999999999999899,0.5705576740577817,0.7573838233947754,0.061875,0.964375
912,27,0.12043795620426621,0.06407766990291258,0.9999999999999899,0.5701961218565702,0.7480655312538147,0.061875,0.965625
913,27,0.11992731677759762,0.0637886597938144,0.9999999999999899,0.5703788942098618,0.7504907846450806,0.061875,0.97
914,27,0.11978221415596711,0.06370656370656366,0.9999999999999899,0.570328283328563,0.74587482213974,0.061875,0.97125
915,27,0.1187878787877669,0.06314432989690717,0.9999999999999899,0.5704617014713586,0.730320394039154,0.06125,0.97
916,27,0.10777709736670744,0.056957928802588965,0.9999999999999887,0.5704647827520967,0.7293819189071655,0.055,0.965625
917,27,0.10751374465475458,0.05681084570690765,0.9999999999999887,0.5704338264837862,0.7337675094604492,0.055,0.968125
918,27,0.10718635809977663,0.056628056628056596,0.9999999999999887,0.5703868320770562,0.7369850277900696,0.055,0.97125
919,27,0.10692588092334944,0.05648267008985876,0.9999999999999887,0.5703221609070898,0.7360363602638245,0.055,0.97375
920,27,0.10725167580733287,0.05666452028332257,0.9999999999999887,0.5703956667892635,0.7371827960014343,0.055,0.970625
921,27,0.10790925812374817,0.05703175631885933,0.9999999999999887,0.5704246732033789,0.7336129546165466,0.055,0.964375
922,27,0.10768300060485865,0.056905370843989736,0.9999999999999888,0.5703176002576947,0.7875643968582153,0.055625,0.9775
923,27,0.11245465538078851,0.05957719410634205,0.9999999999999893,0.5702756709419191,0.7911171913146973,0.058125,0.975625
924,27,0.11622276029044727,0.06169665809768634,0.9999999999999897,0.5702271658554673,0.7838165760040283,0.06,0.9725
925,27,0.11956521739119179,0.0635838150289017,0.9999999999999899,0.5702723044529557,0.7843943238258362,0.061875,0.973125
926,27,0.13157894736829795,0.07042253521126757,0.999999999999991,0.5702906023710966,0.7827568054199219,0.06875,0.97625
927,27,0.13118664281442707,0.07019783024888318,0.999999999999991,0.57022733816877,0.7815266251564026,0.06875,0.979375
928,27,0.1315002988641926,0.07037747920665383,0.999999999999991,0.5701897610165179,0.7774549722671509,0.06875,0.976875
929,27,0.13173652694598456,0.07051282051282047,0.999999999999991,0.5705051447637379,0.7474296689033508,0.06875,0.975
930,27,0.1310096153844928,0.070096463022508,0.9999999999999909,0.5704447206482292,0.7350277900695801,0.068125,0.971875
931,27,0.12711864406767745,0.06787330316742078,0.9999999999999906,0.5704998166672886,0.7326672077178955,0.065625,0.966875
932,27,0.12311406155691511,0.0655948553054662,0.9999999999999902,0.5705389104411006,0.7379981279373169,0.06375,0.971875
933,27,0.11963746223553694,0.06362467866323904,0.9999999999999899,0.5705820188857615,0.7356818318367004,0.061875,0.9725
934,27,0.10731707317063,0.05670103092783502,0.9999999999999887,0.5704288837686181,0.7383342385292053,0.055,0.97
935,27,0.10744810744800565,0.056774193548387065,0.9999999999999887,0.5704924853518605,0.764845073223114,0.055,0.96875
936,27,0.10751374465475458,0.05681084570690765,0.9999999999999887,0.570631250552833,0.7676344513893127,0.055,0.968125
937,27,0.10731707317063,0.05670103092783502,0.9999999999999887,0.570581317897886,0.7759429812431335,0.055,0.97
938,27,0.10731707317063,0.05670103092783502,0.9999999999999887,0.570598916169256,0.7790844440460205,0.055,0.97
939,27,0.10751374465475458,0.05681084570690765,0.9999999999999887,0.5707132641039788,0.7818397879600525,0.055,0.968125
940,27,0.10744810744800565,0.056774193548387065,0.9999999999999887,0.570766549538821,0.7775368094444275,0.055,0.96875
941,27,0.10679611650475314,0.056410256410256376,0.9999999999999887,0.5706134829856455,0.778227686882019,0.055,0.975
942,27,0.10647307924974782,0.05623003194888176,0.9999999999999887,0.5705766097083688,0.7805198431015015,0.055,0.978125
943,27,0.10718635809977663,0.056628056628056596,0.9999999999999887,0.5706710418872535,0.7847068905830383,0.055,0.97125
944,27,0.10757946210258756,0.05684754521963821,0.9999999999999887,0.5706042104028165,0.7881828546524048,0.055,0.9675
945,27,0.10744810744800565,0.056774193548387065,0.9999999999999887,0.5704051370546221,0.7801684141159058,0.055,0.96875
946,27,0.10718635809977663,0.056628056628056596,0.9999999999999887,0.5702856769226492,0.7858323454856873,0.055,0.97125
947,27,0.10692588092334944,0.05648267008985876,0.9999999999999887,0.5702627137675882,0.7871947884559631,0.055,0.97375
948,27,0.10712111990251565,0.056591639871382604,0.9999999999999887,0.5703591339476407,0.7866026759147644,0.055,0.971875
949,27,0.10757946210258756,0.05684754521963821,0.9999999999999887,0.5703979776799679,0.7896642684936523,0.055,0.9675
950,27,0.10757946210258756,0.05684754521963821,0.9999999999999887,0.570368268378079,0.7886753082275391,0.055,0.9675
951,27,0.11571254567589571,0.06140917905623784,0.9999999999999896,0.5702554125711322,0.7834660410881042,0.059375,0.966875
952,27,0.11985472154952401,0.06374758531873789,0.9999999999999899,0.5703141663596034,0.7829209566116333,0.061875,0.970625
953,27,0.11963746223553694,0.06362467866323904,0.9999999999999899,0.5704256055690348,0.7862353920936584,0.061875,0.9725
954,27,0.11970979443761404,0.06366559485530543,0.9999999999999899,0.5705258736945689,0.7719694972038269,0.061875,0.971875
955,27,0.12007277137647887,0.06387096774193544,0.9999999999999899,0.5705130087770521,0.7691314220428467,0.061875,0.96875
956,27,0.11949305974641738,0.0635430038510911,0.9999999999999899,0.570448777731508,0.7702922224998474,0.061875,0.97375
957,27,0.11913357400710806,0.06333973128598845,0.9999999999999899,0.570351173132658,0.7717507481575012,0.061875,0.976875
958,27,0.11913357400710806,0.06333973128598845,0.9999999999999899,0.5703894693590701,0.772330641746521,0.061875,0.976875
959,27,0.11144760751049426,0.05901218729955096,0.9999999999999892,0.5705005919188261,0.767051637172699,0.0575,0.974375
960,27,0.10725167580733287,0.05666452028332257,0.9999999999999887,0.5705078533105552,0.767197847366333,0.055,0.970625
961,27,0.10699088145886516,0.05651894669235706,0.9999999999999887,0.5706044863536954,0.7631351947784424,0.055,0.973125
962,27,0.10640870616676731,0.056194125159642366,0.9999999999999887,0.5705319610238075,0.7673442363739014,0.055,0.97875
963,27,0.10602409638544164,0.055979643765903274,0.9999999999999887,0.570553298164159,0.7679393887519836,0.055,0.9825
964,27,0.10647307924974782,0.05623003194888176,0.9999999999999887,0.5704576039873064,0.764989972114563,0.055,0.978125
965,27,0.10673135233464716,0.05637411915438818,0.9999999999999887,0.5704910433664918,0.7645323276519775,0.055,0.975625
966,27,0.10679611650475314,0.056410256410256376,0.9999999999999887,0.570289246905595,0.7572833299636841,0.055,0.975
967,27,0.10666666666656556,0.05633802816901405,0.9999999999999887,0.5705612185783684,0.7707074284553528,0.055,0.97625
968,27,0.10634441087603211,0.05615826419910654,0.9999999999999887,0.5703834398090839,0.7773280739784241,0.055,0.979375
969,27,0.10686095931987444,0.05644644002565744,0.9999999999999887,0.570481248497963,0.7782732844352722,0.055,0.974375
970,27,0.10738255033546872,0.05673758865248223,0.9999999999999887,0.5704143546521664,0.7785082459449768,0.055,0.969375
971,27,0.10764525993873593,0.05688429217840979,0.9999999999999887,0.570389898661524,0.7857740521430969,0.055,0.966875
972,27,0.10718635809977663,0.056628056628056596,0.9999999999999887,0.5702772881276905,0.7957813143730164,0.055,0.97125
973,27,0.10686095931987444,0.05644644002565744,0.9999999999999887,0.5701739463023842,0.7886359095573425,0.055,0.974375
974,27,0.10640870616676731,0.056194125159642366,0.9999999999999887,0.5701920552551747,0.784159243106842,0.055,0.97875
975,27,0.10647307924974782,0.05623003194888176,0.9999999999999887,0.5702296964079142,0.7865190505981445,0.055,0.978125
976,27,0.10628019323661421,0.0561224489795918,0.9999999999999887,0.5702683425322175,0.7879574298858643,0.055,0.98
977,27,0.10647307924974782,0.05623003194888176,0.9999999999999887,0.5702048503980041,0.7870428562164307,0.055,0.978125
978,27,0.10621605310792584,0.05608667941363923,0.9999999999999887,0.5702118243835866,0.7860486507415771,0.055,0.980625
979,27,0.10570570570560545,0.055802155992390585,0.9999999999999887,0.570150157995522,0.7891308665275574,0.055,0.985625
980,27,0.10576923076913046,0.055837563451776616,0.9999999999999887,0.5700889503024519,0.7912986874580383,0.055,0.985
981,27,0.10583283223080762,0.05587301587301584,0.9999999999999887,0.5702098046429456,0.7986079454421997,0.055,0.984375
982,27,0.10640870616676731,0.056194125159642366,0.9999999999999887,0.5702694842219352,0.7963047027587891,0.055,0.97875
983,27,0.10647307924974782,0.05623003194888176,0.9999999999999887,0.5702690323628485,0.7953819036483765,0.055,0.978125
984,27,0.10608800482208144,0.05601527689369825,0.9999999999999887,0.5702566591277719,0.7928766012191772,0.055,0.981875
985,27,0.10628019323661421,0.0561224489795918,0.9999999999999887,0.5703302296251058,0.7938939332962036,0.055,0.98
986,27,0.10647307924974782,0.05623003194888176,0.9999999999999887,0.5703377734310925,0.7959635853767395,0.055,0.978125
987,27,0.10673135233464716,0.05637411915438818,0.9999999999999887,0.5702661066688597,0.7934380769729614,0.055,0.975625
988,27,0.10731707317063,0.05670103092783502,0.9999999999999887,0.5703293916024268,0.7905107736587524,0.055,0.97
989,27,0.10699088145886516,0.05651894669235706,0.9999999999999887,0.5704894573055208,0.7932317852973938,0.055,0.973125
990,27,0.10679611650475314,0.056410256410256376,0.9999999999999887,0.5705542366020382,0.7927383184432983,0.055,0.975
991,27,0.10679611650475314,0.056410256410256376,0.9999999999999887,0.570307035241276,0.7934213876724243,0.055,0.975
992,27,0.10699088145886516,0.05651894669235706,0.9999999999999887,0.5704339619539678,0.7844772338867188,0.055,0.973125
993,27,0.09447852760727182,0.04958145524790725,0.9999999999999871,0.5704211941547692,0.7725940346717834,0.048125,0.970625
994,27,0.09471094710938076,0.049709489993544194,0.9999999999999871,0.5704375184886158,0.7721178531646729,0.048125,0.968125
995,27,0.0945365254756618,0.04961340206185564,0.9999999999999871,0.5704533470235765,0.7757520079612732,0.048125,0.97
996,27,0.09390243902430064,0.04926423544465768,0.9999999999999871,0.5704366916418075,0.7771637439727783,0.048125,0.976875
997,27,0.09407452657290961,0.04935897435897433,0.9999999999999871,0.5704014940932393,0.7755864262580872,0.048125,0.975
998,27,0.09418960244639331,0.049422336328626415,0.9999999999999871,0.570437319278717,0.7690651416778564,0.048125,0.97375
999,27,0.10699088145886516,0.05651894669235706,0.9999999999999887,0.5705874043144286,0.7679651975631714,0.055,0.973125
1000,27,0.10673135233464716,0.05637411915438818,0.9999999999999887,0.5706155694834888,0.7669593691825867,0.055,0.975625
1001,27,0.10647307924974782,0.05623003194888176,0.9999999999999887,0.5704732595197857,0.7927740216255188,0.055,0.978125
1002,27,0.10640870616676731,0.056194125159642366,0.9999999999999887,0.570575777310878,0.796059250831604,0.055,0.97875
1003,27,0.10653753026624282,0.05626598465473143,0.9999999999999887,0.5705864471010864,0.8061584830284119,0.055,0.9775
1004,27,0.10679611650475314,0.056410256410256376,0.9999999999999887,0.5704956337995827,0.8030006885528564,0.055,0.975
1005,27,0.10653753026624282,0.05626598465473143,0.9999999999999887,0.5703767738863825,0.8011480569839478,0.055,0.9775
1006,27,0.10583283223080762,0.05587301587301584,0.9999999999999887,0.5703179754689336,0.7990235686302185,0.055,0.984375
1007,27,0.10608800482208144,0.05601527689369825,0.9999999999999887,0.5703521808981895,0.800475537776947,0.055,0.981875
1008,27,0.10634441087603211,0.05615826419910654,0.9999999999999887,0.5704414083808661,0.8133938312530518,0.055,0.979375
1009,27,0.10679611650475314,0.056410256410256376,0.9999999999999887,0.570394525360316,0.8123348355293274,0.055,0.975
1010,27,0.10686095931987444,0.05644644002565744,0.9999999999999887,0.5703915857896209,0.809676468372345,0.055,0.974375
1011,27,0.10634441087603211,0.05615826419910654,0.9999999999999887,0.57015869025141,0.8066086173057556,0.055,0.979375
1012,27,0.10589651022853978,0.055908513341804286,0.9999999999999887,0.5702114804089069,0.7965016961097717,0.055,0.98375
1013,27,0.10628019323661421,0.0561224489795918,0.9999999999999887,0.5702161427214741,0.8006458282470703,0.055,0.98
1014,27,0.10679611650475314,0.056410256410256376,0.9999999999999887,0.5702952009066939,0.8116113543510437,0.055,0.975
1015,27,0.10692588092334944,0.05648267008985876,0.9999999999999887,0.5703044601157308,0.8100195527076721,0.055,0.97375
1016,27,0.10718635809977663,0.056628056628056596,0.9999999999999887,0.5702775742486119,0.8075313568115234,0.055,0.97125
1017,27,0.10673135233464716,0.05637411915438818,0.9999999999999887,0.570211548563093,0.7983579635620117,0.055,0.975625
1018,27,0.10660205935786381,0.05630198336532306,0.9999999999999887,0.5702590774558485,0.7976636290550232,0.055,0.976875
1019,27,0.10712111990251565,0.056591639871382604,0.9999999999999887,0.570466013494879,0.7937059998512268,0.055,0.971875
1020,27,0.10673135233464716,0.05637411915438818,0.9999999999999887,0.5705044558271766,0.7958843111991882,0.055,0.975625
1021,27,0.10705596107045817,0.056555269922879146,0.9999999999999887,0.5704079461097717,0.7894945740699768,0.055,0.9725
1022,27,0.10705596107045817,0.056555269922879146,0.9999999999999887,0.5704304598271847,0.7871910929679871,0.055,0.9725
1023,27,0.10660205935786381,0.05630198336532306,0.9999999999999887,0.5703398475050926,0.7833088636398315,0.055,0.976875
1024,27,0.10653753026624282,0.05626598465473143,0.9999999999999887,0.5704063594155013,0.7768997550010681,0.055,0.9775
1025,27,0.10634441087603211,0.05615826419910654,0.9999999999999887,0.5706343414261937,0.7823134064674377,0.055,0.979375
1026,27,0.10615199034971841,0.056050955414012706,0.9999999999999887,0.5704950514622033,0.7828934192657471,0.055,0.98125
1027,27,0.10589651022853978,0.055908513341804286,0.9999999999999887,0.5705471221543849,0.7891571521759033,0.055,0.98375
1028,27,0.10564225690266092,0.05576679340937893,0.9999999999999887,0.5705658525042235,0.7831393480300903,0.055,0.98625
1029,27,0.10564225690266092,0.05576679340937893,0.9999999999999887,0.5703476715087891,0.7775890231132507,0.055,0.98625
1030,27,0.10564225690266092,0.05576679340937893,0.9999999999999887,0.5703452784009277,0.7806041836738586,0.055,0.98625
1031,27,0.10621605310792584,0.05608667941363923,0.9999999999999887,0.5704162007384003,0.7893007397651672,0.055,0.980625
1032,27,0.10666666666656556,0.05633802816901405,0.9999999999999887,0.570403205305338,0.7994052767753601,0.055,0.97625
1033,27,0.10686095931987444,0.05644644002565744,0.9999999999999887,0.5702849800884724,0.7985403537750244,0.055,0.974375
1034,27,0.09384521633140357,0.04958145524790725,0.8749999999999901,0.5701354877650737,0.7773551940917969,0.055,0.970625
1035,27,0.09471766848805903,0.05003207184092364,0.8863636363636264,0.5702686435729265,0.7675845623016357,0.055,0.974375
1036,27,0.09401709401699224,0.04967741935483868,0.8749999999999901,0.5703339393623174,0.7799218893051147,0.055,0.96875
1037,27,0.09459459459449222,0.04999999999999997,0.8749999999999901,0.5702640507742762,0.7891344428062439,0.055,0.9625
1038,27,0.09494451294687631,0.050195567144719656,0.8749999999999901,0.5702234829589724,0.7844099402427673,0.055,0.95875
1039,27,0.09494451294687631,0.050195567144719656,0.8749999999999901,0.5703125540725886,0.7822594046592712,0.055,0.95875
1040,27,0.09494451294687631,0.050195567144719656,0.8749999999999901,0.5702543614804745,0.7807556986808777,0.055,0.95875
1041,27,0.0947109471093686,0.050065019505851724,0.8749999999999901,0.570259553398937,0.7792039513587952,0.055,0.96125
1042,27,0.10744810744800565,0.056774193548387065,0.9999999999999887,0.5704532337933779,0.7745441794395447,0.055,0.96875
1043,27,0.10679611650475314,0.056410256410256376,0.9999999999999887,0.5704489786922932,0.7882238626480103,0.055,0.975
1044,27,0.10699088145886516,0.05651894669235706,0.9999999999999887,0.5703637532703578,0.7875127792358398,0.055,0.973125
1045,27,0.10718635809977663,0.056628056628056596,0.9999999999999887,0.5703342979587614,0.7928775548934937,0.055,0.97125
1046,27,0.10712111990251565,0.056591639871382604,0.9999999999999887,0.5704981687664986,0.7996202111244202,0.055,0.971875
1047,27,0.10712111990251565,0.056591639871382604,0.9999999999999887,0.5704965922050178,0.8042445778846741,0.055,0.971875
1048,27,0.10577507598774162,0.055840821566110366,0.9999999999999886,0.5703831986896694,0.7942652106285095,0.054375,0.97375
1049,27,0.09459459459450435,0.04964539007092195,0.9999999999999871,0.5706445757858455,0.7990738153457642,0.048125,0.969375
1050,27,0.09476923076914037,0.049741602067183435,0.9999999999999871,0.5706182721070945,0.8062343001365662,0.048125,0.9675
1051,27,0.09471094710938076,0.049709489993544194,0.9999999999999871,0.5705105305463075,0.7934420108795166,0.048125,0.968125
1052,27,0.09482758620680609,0.049773755656108566,0.9999999999999871,0.5704766576737166,0.7821371555328369,0.048125,0.966875
1053,27,0.10647307924974782,0.05623003194888176,0.9999999999999887,0.5703879838250577,0.7811955809593201,0.055,0.978125
1054,27,0.10686095931987444,0.05644644002565744,0.9999999999999887,0.5704692005738616,0.7809582948684692,0.055,0.974375
1055,27,0.10712111990251565,0.056591639871382604,0.9999999999999887,0.5704036553204059,0.7785710692405701,0.055,0.971875
1056,27,0.10712111990251565,0.056591639871382604,0.9999999999999887,0.5705333131551743,0.7859431505203247,0.055,0.971875
1057,27,0.10679611650475314,0.056410256410256376,0.9999999999999887,0.5702943929843605,0.7965322732925415,0.055,0.975
1058,27,0.10309278350505675,0.05434782608695649,0.9999999999999883,0.5704158439673483,0.794583261013031,0.053125,0.9775
1059,27,0.11084043848954193,0.0586718246292714,0.9999999999999891,0.5706195048987865,0.782997727394104,0.056875,0.969375
1060,27,0.10642201834852295,0.05620155038759687,0.9999999999999886,0.5706051277928055,0.7751782536506653,0.054375,0.9675
1061,27,0.10679611650475314,0.056410256410256376,0.9999999999999887,0.5706040305271745,0.7740349173545837,0.055,0.975
1062,27,0.10712111990251565,0.056591639871382604,0.9999999999999887,0.5705861839652061,0.7750452756881714,0.055,0.971875
1063,27,0.10712111990251565,0.056591639871382604,0.9999999999999887,0.5703751398622989,0.7749354243278503,0.055,0.971875
1064,27,0.10666666666656556,0.05633802816901405,0.9999999999999887,0.5703347750194371,0.7742055654525757,0.055,0.97625
1065,27,0.10666666666656556,0.05633802816901405,0.9999999999999887,0.5703512241877615,0.7743502855300903,0.055,0.97625
1066,27,0.10679611650475314,0.056410256410256376,0.9999999999999887,0.5705105284415185,0.7748992443084717,0.055,0.975
1067,27,0.10699088145886516,0.05651894669235706,0.9999999999999887,0.5706811530143022,0.7660265564918518,0.055,0.973125
1068,27,0.10699088145886516,0.05651894669235706,0.9999999999999887,0.5705606884136796,0.7630621194839478,0.055,0.973125
1069,27,0.10744810744800565,0.056774193548387065,0.9999999999999887,0.570489335115999,0.7666622400283813,0.055,0.96875
1070,27,0.10673135233464716,0.05637411915438818,0.9999999999999887,0.5704693792387843,0.7722551822662354,0.055,0.975625
1071,27,0.10615199034971841,0.056050955414012706,0.9999999999999887,0.5704594040848314,0.77276211977005,0.055,0.98125
1072,27,0.10640870616676731,0.056194125159642366,0.9999999999999887,0.5704657652042806,0.775981605052948,0.055,0.97875
1073,27,0.10109622411683446,0.05323925593329054,0.999999999999988,0.5705403111688793,0.7651693224906921,0.051875,0.974375
1074,27,0.09908256880724516,0.052123552123552096,0.9999999999999877,0.5705300429277123,0.7578414082527161,0.050625,0.97125
1075,27,0.09872029250447642,0.05192307692307689,0.9999999999999877,0.5704644815437496,0.7639314532279968,0.050625,0.975
1076,27,0.09599027946527909,0.05041480536056155,0.9999999999999875,0.5705020255967974,0.7488366961479187,0.049375,0.979375
1077,27,0.09367396593665026,0.04913848117421822,0.9999999999999871,0.5705558997578919,0.7474542260169983,0.048125,0.979375
1078,27,0.09413202933976347,0.04939063502245026,0.9999999999999871,0.5706098685972393,0.750146210193634,0.048125,0.974375
1079,27,0.09442060085827902,0.04954954954954952,0.9999999999999871,0.5707107198797167,0.7444965839385986,0.048125,0.97125
1080,27,0.09430496019586837,0.04948586118251925,0.9999999999999871,0.5706515588983894,0.7434567213058472,0.048125,0.9725
1081,27,0.10006101281259548,0.0526653821451509,0.9999999999999879,0.5706196397915483,0.7507314682006836,0.05125,0.973125
1082,27,0.1020656136086515,0.05377720870678614,0.9999999999999881,0.5706249111145735,0.7547979950904846,0.0525,0.97625
1083,27,0.10225197808876468,0.05388069275176392,0.9999999999999881,0.5706103346869349,0.7544642686843872,0.0525,0.974375
1084,27,0.10462287104612944,0.05519897304236197,0.9999999999999885,0.5705649360269308,0.7546748518943787,0.05375,0.97375
1085,27,0.10705596107045817,0.056555269922879146,0.9999999999999887,0.5706166597083211,0.7682093381881714,0.055,0.9725
1086,27,0.10692588092334944,0.05648267008985876,0.9999999999999887,0.5705549170821905,0.7779466509819031,0.055,0.97375
1087,27,0.10666666666656556,0.05633802816901405,0.9999999999999887,0.5704669145680964,0.7858859300613403,0.055,0.97625
1088,27,0.10679611650475314,0.056410256410256376,0.9999999999999887,0.5704597107693553,0.7905328869819641,0.055,0.975
1089,27,0.10692588092334944,0.05648267008985876,0.9999999999999887,0.5705216003768147,0.7842968106269836,0.055,0.97375
1090,27,0.10731707317063,0.05670103092783502,0.9999999999999887,0.5706114257872105,0.7729227542877197,0.055,0.97
1091,27,0.10738255033546872,0.05673758865248223,0.9999999999999887,0.5706623612530529,0.7657452821731567,0.055,0.969375
1092,27,0.10705596107045817,0.056555269922879146,0.9999999999999887,0.5706255069747567,0.7777183055877686,0.055,0.9725
1093,27,0.10712111990251565,0.056591639871382604,0.9999999999999887,0.57057254338637,0.7755414247512817,0.055,0.971875
1094,27,0.10738255033546872,0.05673758865248223,0.9999999999999887,0.570484465137124,0.7737488746643066,0.055,0.969375
1095,27,0.10725167580733287,0.05666452028332257,0.9999999999999887,0.5706036673113704,0.7594674825668335,0.055,0.970625
1096,27,0.10712111990251565,0.056591639871382604,0.9999999999999887,0.5706848923303187,0.7602797746658325,0.055,0.971875
1097,27,0.10692588092334944,0.05648267008985876,0.9999999999999887,0.5706463293172419,0.7720023393630981,0.055,0.97375
1098,27,0.10660205935786381,0.05630198336532306,0.9999999999999887,0.5705680418759584,0.7735916376113892,0.055,0.976875
1099,27,0.10647307924974782,0.05623003194888176,0.9999999999999887,0.5705093677900731,0.7684699296951294,0.055,0.978125
1100,27,0.10653753026624282,0.05626598465473143,0.9999999999999887,0.5704949539341032,0.7695712447166443,0.055,0.9775
1101,27,0.10660205935786381,0.05630198336532306,0.9999999999999887,0.5705828251317143,0.7647740840911865,0.055,0.976875
1102,27,0.10647307924974782,0.05623003194888176,0.9999999999999887,0.5706391497887671,0.7618715763092041,0.055,0.978125
1103,27,0.10647307924974782,0.05623003194888176,0.9999999999999887,0.5705626998841763,0.7528478503227234,0.055,0.978125
1104,27,0.10640870616676731,0.056194125159642366,0.9999999999999887,0.5705047348886728,0.758670449256897,0.055,0.97875
1105,27,0.10628019323661421,0.0561224489795918,0.9999999999999887,0.5704537636041641,0.764255702495575,0.055,0.98
1106,27,0.10615199034971841,0.056050955414012706,0.9999999999999887,0.5705178830586374,0.7673020362854004,0.055,0.98125
1107,27,0.10666666666656556,0.05633802816901405,0.9999999999999887,0.570431312546134,0.7731751203536987,0.055,0.97625
1108,27,0.10673135233464716,0.05637411915438818,0.9999999999999887,0.5704381668381393,0.7668548226356506,0.055,0.975625
1109,27,0.10666666666656556,0.05633802816901405,0.9999999999999887,0.5705428544059395,0.7665373682975769,0.055,0.97625
1110,27,0.10634441087603211,0.05615826419910654,0.9999999999999887,0.5704027899168431,0.7936490178108215,0.055,0.979375
1111,27,0.10673135233464716,0.05637411915438818,0.9999999999999887,0.5704447755590081,0.79176265001297,0.055,0.975625
1112,27,0.10647307924974782,0.05623003194888176,0.9999999999999887,0.5703925687260926,0.8060873746871948,0.055,0.978125
1113,27,0.10634441087603211,0.05615826419910654,0.9999999999999887,0.5703332812897861,0.8068926930427551,0.055,0.979375
1114,27,0.10673135233464716,0.05637411915438818,0.9999999999999887,0.5704509210959077,0.7977826595306396,0.055,0.975625
1115,27,0.10686095931987444,0.05644644002565744,0.9999999999999887,0.5703453148342669,0.8018108010292053,0.055,0.974375
1116,27,0.10634441087603211,0.05615826419910654,0.9999999999999887,0.570336323287338,0.8022456765174866,0.055,0.979375
1117,27,0.10673135233464716,0.05637411915438818,0.9999999999999887,0.5703263780288398,0.7889559268951416,0.055,0.975625
1118,27,0.10653753026624282,0.05626598465473143,0.9999999999999887,0.5703994189575314,0.7850025296211243,0.055,0.9775
1119,27,0.10634441087603211,0.05615826419910654,0.9999999999999887,0.5701824337244034,0.7915875315666199,0.055,0.979375
1120,27,0.10647307924974782,0.05623003194888176,0.9999999999999887,0.5706024926528335,0.7878553867340088,0.055,0.978125
1121,27,0.10718635809977663,0.056628056628056596,0.9999999999999887,0.5703766004368663,0.7804040312767029,0.055,0.97125
1122,27,0.10660205935786381,0.05630198336532306,0.9999999999999887,0.5703767497837543,0.7860463261604309,0.055,0.976875
1123,27,0.10647307924974782,0.05623003194888176,0.9999999999999887,0.5705174265615642,0.7810010313987732,0.055,0.978125
1124,27,0.10653753026624282,0.05626598465473143,0.9999999999999887,0.5705062949471176,0.7841965556144714,0.055,0.9775
1125,27,0.10647307924974782,0.05623003194888176,0.9999999999999887,0.5704875182174146,0.7796740531921387,0.055,0.978125
1126,27,0.10731707317063,0.05670103092783502,0.9999999999999887,0.5705084885470569,0.7693475484848022,0.055,0.97
1127,27,0.10030581039745813,0.05280103026400512,0.9999999999999879,0.5705380535311997,0.766560971736908,0.05125,0.970625
1128,27,0.09430496019586837,0.04948586118251925,0.9999999999999871,0.5704477512091398,0.7653681635856628,0.048125,0.9725
1129,27,0.09407452657290961,0.04935897435897433,0.9999999999999871,0.5705810232833027,0.7772148847579956,0.048125,0.975
1130,27,0.09436274509794917,0.04951768488745978,0.9999999999999871,0.5706611838378012,0.7751380205154419,0.048125,0.971875
1131,27,0.09471094710938076,0.049709489993544194,0.9999999999999871,0.5707280496880413,0.7608400583267212,0.048125,0.968125
1132,27,0.0950030845156404,0.04987046632124349,0.9999999999999871,0.570845453813672,0.7601054906845093,0.048125,0.965
1133,27,0.09482758620680609,0.049773755656108566,0.9999999999999871,0.5707964109256863,0.7644249200820923,0.048125,0.966875
1134,27,0.09413202933976347,0.04939063502245026,0.9999999999999871,0.5709753789193929,0.7685530185699463,0.048125,0.974375
1135,27,0.10078931390397215,0.05306905370843987,0.999999999999988,0.5708575462363661,0.770230233669281,0.051875,0.9775
1136,27,0.10647307924974782,0.05623003194888176,0.9999999999999887,0.5709684863872826,0.7683720588684082,0.055,0.978125
1137,27,0.10660205935786381,0.05630198336532306,0.9999999999999887,0.5709309593960643,0.7630860209465027,0.055,0.976875
1138,27,0.10647307924974782,0.05623003194888176,0.9999999999999887,0.5707595016248524,0.7646507024765015,0.055,0.978125
1139,27,0.10596026490056178,0.05594405594405591,0.9999999999999887,0.5706816040165722,0.764952540397644,0.055,0.983125
1140,27,0.10570570570560545,0.055802155992390585,0.9999999999999887,0.5706390084698796,0.7666136622428894,0.055,0.985625
1141,27,0.10576923076913046,0.055837563451776616,0.9999999999999887,0.5705873789452016,0.7673192024230957,0.055,0.985
1142,27,0.10634441087603211,0.05615826419910654,0.9999999999999887,0.5703875439986587,0.7681761384010315,0.055,0.979375
1143,27,0.10666666666656556,0.05633802816901405,0.9999999999999887,0.5706122524663806,0.771044909954071,0.055,0.97625
1144,28,0.09390243902430064,0.04926423544465768,0.9999999999999871,0.5712570088915527,0.8419602513313293,0.048125,0.976875
1145,28,0.09305135951652746,0.04879594423320656,0.9999999999999871,0.5710618664138019,0.8588601350784302,0.048125,0.98625
1146,28,0.092882991556003,0.048703352308665376,0.9999999999999871,0.5707223772630096,0.8664856553077698,0.048125,0.988125
1147,28,0.09254807692298855,0.048519218651543766,0.9999999999999871,0.569933179076761,0.9120339155197144,0.048125,0.991875
1148,28,0.0807833537330925,0.042091836734693855,0.9999999999999849,0.5719924247451127,0.7814739346504211,0.04125,0.98
1149,28,0.09338993329281566,0.04898218829516537,0.9999999999999871,0.5719711796939373,0.7870686650276184,0.048125,0.9825
1150,28,0.09384521633141563,0.04923273657289,0.9999999999999871,0.5715970428474247,0.8039087653160095,0.048125,0.9775
1151,28,0.0936170212765064,0.04910714285714283,0.9999999999999871,0.5714449215680361,0.8008900284767151,0.048125,0.98
1152,28,0.0936170212765064,0.04910714285714283,0.9999999999999871,0.5714260431192816,0.8021820783615112,0.048125,0.98
1153,28,0.08108108108100319,0.04225352112676054,0.9999999999999849,0.5711842304840684,0.8006998300552368,0.04125,0.97625
1154,28,0.0932768019381302,0.04891994917407875,0.9999999999999871,0.571306640971452,0.789268970489502,0.048125,0.98375
1155,28,0.09316394434352873,0.04885786802030454,0.9999999999999871,0.5712179762870073,0.7877506017684937,0.048125,0.985
1156,28,0.08118081180804008,0.04230769230769228,0.9999999999999849,0.5717974930070341,0.7840756773948669,0.04125,0.975
1157,28,0.092882991556003,0.048703352308665376,0.9999999999999871,0.5712005407363177,0.7859448790550232,0.048125,0.988125
1158,28,0.09338993329281566,0.04898218829516537,0.9999999999999871,0.571173412129283,0.7984329462051392,0.048125,0.9825
1159,28,0.10551558752987593,0.05569620253164554,0.9999999999999887,0.5713349833339453,0.7534698843955994,0.055,0.9875
1160,28,0.10564225690266092,0.05576679340937893,0.9999999999999887,0.5715425933338701,0.7495899200439453,0.055,0.98625
