beat_index,r_gt,r_pred,valid_flag,drop_reason,rr_gt_ms,rr_pred_ms,rr_err_ms,qrs_gt_ms,qrs_pred_ms,qt_gt_ms,qt_pred_ms,qrs_err_ms,qt_err_ms,subject_id,seg_id
0,464,482,1,,3645.0,3645.0,0.0,,,,,,,25,0
0,264,282,1,,3645.0,3645.0,0.0,,,,,,,25,1
1,993,1011,1,,840.0,895.0,55.0,,,,,,,25,1
0,64,82,1,,4485.0,4335.0,150.0,,,,,,,25,2
0,593,611,1,,840.0,690.0,150.0,,,,,,,25,3
1,761,749,1,,3715.0,3890.0,175.0,,,,,,,25,3
0,561,547,1,,3715.0,3880.0,165.0,,,,,,,25,4
0,193,210,1,,4555.0,4560.0,5.0,,,,,,,25,5
1,1104,1122,1,,1925.0,1920.0,5.0,,,,,,,25,5
0,161,147,1,,3715.0,3875.0,160.0,,,,,,,25,6
1,904,922,1,,1925.0,1920.0,5.0,,,,,,,25,6
2,1289,1306,1,,900.0,905.0,5.0,,,,,,,25,6
0,704,723,1,,1925.0,1915.0,10.0,,,,,,,25,7
1,1089,1106,1,,900.0,910.0,10.0,,,,,,,25,7
0,304,323,1,,1925.0,1915.0,10.0,,,,,,,25,9
1,689,706,1,,900.0,910.0,10.0,,,,,,,25,9
2,869,888,1,,2630.0,2570.0,60.0,,,,,,,25,9
0,104,123,1,,1925.0,1915.0,10.0,,,,,,,25,10
1,489,506,1,,900.0,910.0,10.0,,,,,,,25,10
2,669,688,1,,2630.0,2570.0,60.0,,,,,,,25,10
3,1195,1202,1,,1745.0,1825.0,80.0,,,,,,,25,10
0,289,306,1,,3530.0,3480.0,50.0,,,,,,,25,11
0,89,106,1,,3530.0,3480.0,50.0,,,,,,,25,12
1,795,802,1,,2645.0,2650.0,5.0,,,,,,,25,12
2,1324,1332,1,,935.0,1015.0,80.0,,,,,,,25,12
0,595,602,1,,2645.0,2650.0,5.0,,,,,,,25,13
1,1124,1132,1,,935.0,990.0,55.0,,,,,,,25,13
2,1311,1330,1,,950.0,1000.0,50.0,,,,,,,25,13
0,395,402,1,,2645.0,2650.0,5.0,,,,,,,25,14
1,924,932,1,,935.0,990.0,55.0,,,,,,,25,14
2,1111,1130,1,,950.0,950.0,0.0,,,,,,,25,14
0,195,200,1,,2645.0,2650.0,5.0,,,,,,,25,15
1,724,730,1,,1885.0,1945.0,60.0,,,,,,,25,15
2,1101,1119,1,,1800.0,1735.0,65.0,,,,,,,25,15
0,524,530,1,,1885.0,1945.0,60.0,,,,,,,25,16
0,324,332,1,,935.0,990.0,55.0,,,,,,,25,17
1,511,530,1,,950.0,950.0,0.0,,,,,,,25,17
2,701,720,1,,3595.0,3590.0,5.0,,,,,,,25,17
0,124,132,1,,935.0,990.0,55.0,,,,,,,25,18
1,311,330,1,,950.0,950.0,0.0,,,,,,,25,18
2,501,520,1,,2695.0,2695.0,0.0,,,,,,,25,18
3,1040,1059,1,,900.0,895.0,5.0,,,,,,,25,18
0,111,130,1,,950.0,950.0,0.0,,,,,,,25,19
1,301,320,1,,2695.0,2695.0,0.0,,,,,,,25,19
2,840,859,1,,900.0,895.0,5.0,,,,,,,25,19
0,101,120,1,,2695.0,2695.0,0.0,,,,,,,25,20
1,640,659,1,,900.0,895.0,5.0,,,,,,,25,20
0,440,459,1,,900.0,895.0,5.0,,,,,,,25,21
1,620,638,1,,1700.0,1705.0,5.0,,,,,,,25,21
2,960,979,1,,2530.0,2485.0,45.0,,,,,,,25,21
0,420,440,1,,2515.0,2510.0,5.0,,,,,,,25,22
0,220,240,1,,6065.0,6070.0,5.0,,,,,,,25,23
0,523,542,1,,3550.0,3560.0,10.0,,,,,,,25,24
0,666,676,1,,1835.0,1890.0,55.0,,,,,,,25,25
0,466,487,1,,1835.0,1840.0,5.0,,,,,,,25,26
0,266,286,1,,1835.0,1840.0,5.0,,,,,,,25,27
1,633,654,1,,2710.0,2705.0,5.0,,,,,,,25,27
0,66,86,1,,1835.0,1840.0,5.0,,,,,,,25,28
1,433,454,1,,2710.0,2705.0,5.0,,,,,,,25,28
0,233,254,1,,2710.0,2705.0,5.0,,,,,,,25,29
0,392,400,1,,915.0,970.0,55.0,,,,,,,25,30
1,575,594,1,,900.0,905.0,5.0,,,,,,,25,30
0,175,194,1,,900.0,905.0,5.0,,,,,,,25,32
0,837,858,1,,945.0,940.0,5.0,,,,,,,25,36
0,637,658,1,,945.0,940.0,5.0,,,,,,,25,37
0,143,152,1,,5460.0,5515.0,55.0,,,,,,,25,45
1,1235,1255,1,,935.0,935.0,0.0,,,,,,,25,45
0,122,128,1,,1850.0,1915.0,65.0,,,,,,,25,46
1,492,511,1,,4580.0,4580.0,0.0,,,,,,,25,46
0,292,312,1,,2715.0,2710.0,5.0,,,,,,,25,47
1,835,854,1,,935.0,940.0,5.0,,,,,,,25,47
2,1022,1042,1,,930.0,930.0,0.0,,,,,,,25,47
0,92,112,1,,2715.0,2710.0,5.0,,,,,,,25,48
1,635,654,1,,1865.0,1870.0,5.0,,,,,,,25,48
0,235,254,1,,1865.0,1870.0,5.0,,,,,,,25,50
1,608,628,1,,3455.0,3390.0,65.0,,,,,,,25,50
2,1299,1306,1,,910.0,910.0,0.0,,,,,,,25,50
0,408,420,1,,3455.0,3490.0,35.0,,,,,,,25,51
1,1099,1118,1,,910.0,850.0,60.0,,,,,,,25,51
0,208,228,1,,3455.0,3400.0,55.0,,,,,,,25,52
1,899,908,1,,910.0,900.0,10.0,,,,,,,25,52
0,699,708,1,,910.0,895.0,15.0,,,,,,,25,53
1,881,887,1,,1915.0,1925.0,10.0,,,,,,,25,53
2,1264,1272,1,,940.0,995.0,55.0,,,,,,,25,53
0,499,518,1,,910.0,850.0,60.0,,,,,,,25,54
0,299,308,1,,910.0,900.0,10.0,,,,,,,25,55
0,99,108,1,,910.0,900.0,10.0,,,,,,,25,56
0,1362,1382,1,,930.0,925.0,5.0,,,,,,,25,58
0,1162,1182,1,,930.0,925.0,5.0,,,,,,,25,59
0,962,982,1,,930.0,925.0,5.0,,,,,,,25,60
1,1148,1167,1,,900.0,845.0,55.0,,,,,,,25,60
2,1328,1336,1,,880.0,965.0,85.0,,,,,,,25,60
0,762,782,1,,930.0,925.0,5.0,,,,,,,25,61
1,948,967,1,,900.0,845.0,55.0,,,,,,,25,61
0,562,582,1,,930.0,925.0,5.0,,,,,,,25,62
1,748,767,1,,900.0,845.0,55.0,,,,,,,25,62
0,362,383,1,,4420.0,4420.0,0.0,,,,,,,25,63
0,162,182,1,,930.0,925.0,5.0,,,,,,,25,64
1,348,367,1,,900.0,845.0,55.0,,,,,,,25,64
0,328,350,1,,880.0,880.0,0.0,,,,,,,25,65
1,504,526,1,,1710.0,1705.0,5.0,,,,,,,25,65
2,846,867,1,,835.0,840.0,5.0,,,,,,,25,65
0,625,630,1,,4415.0,4480.0,65.0,,,,,,,25,73
0,425,432,1,,4415.0,4475.0,60.0,,,,,,,25,74
0,225,232,1,,3555.0,3560.0,5.0,,,,,,,25,75
1,936,944,1,,860.0,880.0,20.0,,,,,,,25,75
0,736,744,1,,860.0,880.0,20.0,,,,,,,25,76
0,536,544,1,,860.0,880.0,20.0,,,,,,,25,77
1,708,720,1,,3425.0,3400.0,25.0,,,,,,,25,77
0,308,330,1,,1700.0,1705.0,5.0,,,,,,,25,79
1,648,671,1,,1725.0,1665.0,60.0,,,,,,,25,79
2,993,1004,1,,1785.0,1835.0,50.0,,,,,,,25,79
0,108,130,1,,1700.0,1705.0,5.0,,,,,,,25,80
1,448,471,1,,3510.0,3500.0,10.0,,,,,,,25,80
2,1150,1171,1,,870.0,815.0,55.0,,,,,,,25,80
3,1324,1334,1,,885.0,880.0,5.0,,,,,,,25,80
0,950,971,1,,870.0,815.0,55.0,,,,,,,25,81
1,1124,1134,1,,885.0,880.0,5.0,,,,,,,25,81
0,750,771,1,,870.0,815.0,55.0,,,,,,,25,82
1,924,934,1,,885.0,880.0,5.0,,,,,,,25,82
0,550,571,1,,870.0,815.0,55.0,,,,,,,25,83
1,724,734,1,,885.0,880.0,5.0,,,,,,,25,83
0,350,371,1,,870.0,815.0,55.0,,,,,,,25,84
1,524,534,1,,3460.0,3525.0,65.0,,,,,,,25,84
0,324,332,1,,1755.0,1760.0,5.0,,,,,,,25,85
0,124,134,1,,885.0,880.0,5.0,,,,,,,25,86
1,301,310,1,,4290.0,4345.0,55.0,,,,,,,25,86
2,1159,1179,1,,880.0,825.0,55.0,,,,,,,25,86
0,275,283,1,,3420.0,3475.0,55.0,,,,,,,25,87
1,959,978,1,,880.0,830.0,50.0,,,,,,,25,87
0,75,83,1,,3420.0,3475.0,55.0,,,,,,,25,88
1,759,778,1,,880.0,825.0,55.0,,,,,,,25,88
0,559,568,1,,880.0,880.0,0.0,,,,,,,25,89
0,359,368,1,,880.0,880.0,0.0,,,,,,,25,90
0,159,168,1,,880.0,875.0,5.0,,,,,,,25,91
0,135,144,1,,895.0,955.0,60.0,,,,,,,25,92
1,314,335,1,,2665.0,2625.0,40.0,,,,,,,25,92
2,847,860,1,,895.0,875.0,20.0,,,,,,,25,92
3,1026,1035,1,,900.0,960.0,60.0,,,,,,,25,92
4,1206,1227,1,,890.0,895.0,5.0,,,,,,,25,92
0,626,636,1,,900.0,955.0,55.0,,,,,,,25,94
1,806,827,1,,890.0,900.0,10.0,,,,,,,25,94
2,984,1007,1,,1735.0,1720.0,15.0,,,,,,,25,94
0,426,436,1,,900.0,955.0,55.0,,,,,,,25,95
1,606,627,1,,890.0,900.0,10.0,,,,,,,25,95
2,784,807,1,,1735.0,1720.0,15.0,,,,,,,25,95
0,226,235,1,,900.0,960.0,60.0,,,,,,,25,96
1,406,427,1,,890.0,900.0,10.0,,,,,,,25,96
2,584,607,1,,1735.0,1720.0,15.0,,,,,,,25,96
0,206,227,1,,890.0,900.0,10.0,,,,,,,25,97
1,384,407,1,,1735.0,1720.0,15.0,,,,,,,25,97
0,531,551,1,,2660.0,2605.0,55.0,,,,,,,25,98
1,1063,1072,1,,925.0,975.0,50.0,,,,,,,25,98
0,331,351,1,,4490.0,4495.0,5.0,,,,,,,25,99
1,1229,1250,1,,900.0,840.0,60.0,,,,,,,25,99
0,131,151,1,,2660.0,2605.0,55.0,,,,,,,25,100
1,663,672,1,,925.0,975.0,50.0,,,,,,,25,100
2,848,867,1,,1805.0,1745.0,60.0,,,,,,,25,100
0,282,288,1,,905.0,910.0,5.0,,,,,,,25,101
1,463,470,1,,2730.0,2720.0,10.0,,,,,,,25,101
0,263,270,1,,2730.0,2720.0,10.0,,,,,,,25,102
0,409,414,1,,5400.0,5460.0,60.0,,,,,,,25,104
0,209,214,1,,5400.0,5460.0,60.0,,,,,,,25,105
0,1246,1266,1,,850.0,845.0,5.0,,,,,,,25,108
0,1046,1066,1,,850.0,845.0,5.0,,,,,,,25,109
0,846,866,1,,850.0,845.0,5.0,,,,,,,25,110
0,646,666,1,,850.0,845.0,5.0,,,,,,,25,111
0,446,466,1,,850.0,845.0,5.0,,,,,,,25,112
0,87,107,1,,5440.0,5435.0,5.0,,,,,,,25,120
0,418,426,1,,905.0,910.0,5.0,,,,,,,25,122
1,599,608,1,,880.0,930.0,50.0,,,,,,,25,122
0,218,226,1,,1785.0,1840.0,55.0,,,,,,,25,123
0,372,391,1,,5215.0,5155.0,60.0,,,,,,,25,127
0,172,191,1,,5215.0,5155.0,60.0,,,,,,,25,128
0,815,834,1,,2600.0,2600.0,0.0,,,,,,,25,130
1,1335,1354,1,,900.0,925.0,25.0,,,,,,,25,130
0,439,459,1,,880.0,880.0,0.0,,,,,,,25,131
1,615,635,1,,2600.0,2595.0,5.0,,,,,,,25,131
0,415,434,1,,2600.0,2600.0,0.0,,,,,,,25,132
1,935,954,1,,1805.0,1805.0,0.0,,,,,,,25,132
0,215,220,1,,1710.0,1775.0,65.0,,,,,,,25,133
0,535,554,1,,1805.0,1805.0,0.0,,,,,,,25,134
0,335,354,1,,1805.0,1805.0,0.0,,,,,,,25,135
1,696,715,1,,3565.0,3505.0,60.0,,,,,,,25,135
0,135,154,1,,2680.0,2705.0,25.0,,,,,,,25,136
1,671,695,1,,1780.0,1705.0,75.0,,,,,,,25,136
2,1027,1036,1,,910.0,905.0,5.0,,,,,,,25,136
0,471,495,1,,1780.0,1755.0,25.0,,,,,,,25,137
1,827,846,1,,910.0,855.0,55.0,,,,,,,25,137
2,1009,1017,1,,930.0,990.0,60.0,,,,,,,25,137
3,1195,1215,1,,915.0,915.0,0.0,,,,,,,25,137
0,271,295,1,,1780.0,1760.0,20.0,,,,,,,25,138
1,627,647,1,,910.0,850.0,60.0,,,,,,,25,138
2,809,817,1,,930.0,990.0,60.0,,,,,,,25,138
3,995,1015,1,,915.0,915.0,0.0,,,,,,,25,138
0,409,417,1,,1845.0,1905.0,60.0,,,,,,,25,140
0,209,217,1,,1845.0,1905.0,60.0,,,,,,,25,141
0,201,219,1,,2815.0,2815.0,0.0,,,,,,,25,156
0,819,839,1,,2815.0,2820.0,5.0,,,,,,,25,163
0,619,639,1,,2815.0,2820.0,5.0,,,,,,,25,164
1,1182,1203,1,,1845.0,1835.0,10.0,,,,,,,25,164
0,419,439,1,,1880.0,1880.0,0.0,,,,,,,25,165
1,795,815,1,,935.0,940.0,5.0,,,,,,,25,165
2,982,1003,1,,1845.0,1840.0,5.0,,,,,,,25,165
0,219,239,1,,1880.0,1880.0,0.0,,,,,,,25,166
1,595,615,1,,935.0,940.0,5.0,,,,,,,25,166
2,782,803,1,,1845.0,1840.0,5.0,,,,,,,25,166
3,1151,1171,1,,1760.0,1780.0,20.0,,,,,,,25,166
0,395,415,1,,935.0,940.0,5.0,,,,,,,25,167
1,582,603,1,,1845.0,1840.0,5.0,,,,,,,25,167
0,382,403,1,,920.0,920.0,0.0,,,,,,,25,168
1,566,587,1,,925.0,920.0,5.0,,,,,,,25,168
2,751,771,1,,3475.0,3480.0,5.0,,,,,,,25,168
0,182,203,1,,1845.0,1840.0,5.0,,,,,,,25,169
1,551,571,1,,3475.0,3475.0,0.0,,,,,,,25,169
2,1246,1266,1,,900.0,840.0,60.0,,,,,,,25,169
0,166,187,1,,925.0,920.0,5.0,,,,,,,25,170
1,351,371,1,,900.0,845.0,55.0,,,,,,,25,170
2,531,540,1,,2575.0,2635.0,60.0,,,,,,,25,170
3,1046,1067,1,,900.0,835.0,65.0,,,,,,,25,170
0,151,171,1,,900.0,845.0,55.0,,,,,,,25,171
1,331,340,1,,2575.0,2635.0,60.0,,,,,,,25,171
2,846,867,1,,900.0,835.0,65.0,,,,,,,25,171
3,1026,1034,1,,1860.0,1920.0,60.0,,,,,,,25,171
0,131,138,1,,6255.0,6260.0,5.0,,,,,,,25,172
0,446,466,1,,900.0,840.0,60.0,,,,,,,25,173
1,626,634,1,,2780.0,2840.0,60.0,,,,,,,25,173
2,1182,1202,1,,910.0,850.0,60.0,,,,,,,25,173
0,246,266,1,,3680.0,3680.0,0.0,,,,,,,25,174
1,982,1002,1,,910.0,850.0,60.0,,,,,,,25,174
2,1164,1172,1,,1740.0,1825.0,85.0,,,,,,,25,174
0,782,802,1,,910.0,850.0,60.0,,,,,,,25,175
0,582,602,1,,910.0,850.0,60.0,,,,,,,25,176
0,382,402,1,,910.0,850.0,60.0,,,,,,,25,177
1,564,572,1,,4335.0,4340.0,5.0,,,,,,,25,177
0,182,202,1,,910.0,850.0,60.0,,,,,,,25,178
1,364,372,1,,3465.0,3470.0,5.0,,,,,,,25,178
2,1057,1066,1,,870.0,870.0,0.0,,,,,,,25,178
0,164,172,1,,1740.0,1815.0,75.0,,,,,,,25,179
1,512,535,1,,2595.0,2580.0,15.0,,,,,,,25,179
2,1031,1051,1,,2525.0,2550.0,25.0,,,,,,,25,179
0,312,335,1,,2595.0,2525.0,70.0,,,,,,,25,180
0,112,131,1,,1725.0,1665.0,60.0,,,,,,,25,181
1,457,464,1,,870.0,930.0,60.0,,,,,,,25,181
2,631,650,1,,2525.0,2520.0,5.0,,,,,,,25,181
3,1136,1154,1,,880.0,830.0,50.0,,,,,,,25,181
0,257,266,1,,870.0,870.0,0.0,,,,,,,25,182
1,431,440,1,,2525.0,2520.0,5.0,,,,,,,25,182
2,936,944,1,,880.0,880.0,0.0,,,,,,,25,182
3,1112,1120,1,,1800.0,1800.0,0.0,,,,,,,25,182
0,398,421,1,,1690.0,1615.0,75.0,,,,,,,25,183
1,736,744,1,,2680.0,2670.0,10.0,,,,,,,25,183
2,1272,1278,1,,910.0,910.0,0.0,,,,,,,25,183
0,198,215,1,,820.0,820.0,0.0,,,,,,,25,184
1,362,379,1,,2655.0,2665.0,10.0,,,,,,,25,184
2,893,912,1,,895.0,820.0,75.0,,,,,,,25,184
3,1072,1076,1,,910.0,915.0,5.0,,,,,,,25,184
4,1254,1259,1,,930.0,880.0,50.0,,,,,,,25,184
0,336,344,1,,2680.0,2655.0,25.0,,,,,,,25,185
1,872,875,1,,910.0,915.0,5.0,,,,,,,25,185
2,1054,1058,1,,1845.0,1975.0,130.0,,,,,,,25,185
0,493,511,1,,895.0,835.0,60.0,,,,,,,25,186
1,672,678,1,,910.0,910.0,0.0,,,,,,,25,186
0,293,311,1,,1805.0,1745.0,60.0,,,,,,,25,187
1,654,660,1,,3665.0,3730.0,65.0,,,,,,,25,187
2,1387,1406,1,,865.0,795.0,70.0,,,,,,,25,187
0,454,460,1,,3665.0,3730.0,65.0,,,,,,,25,188
1,1187,1206,1,,865.0,795.0,70.0,,,,,,,25,188
0,254,260,1,,3665.0,3730.0,65.0,,,,,,,25,189
1,987,1006,1,,865.0,795.0,70.0,,,,,,,25,189
0,587,607,1,,865.0,805.0,60.0,,,,,,,25,190
0,387,408,1,,865.0,810.0,55.0,,,,,,,25,191
0,187,208,1,,865.0,810.0,55.0,,,,,,,25,192
0,1363,1383,1,,905.0,900.0,5.0,,,,,,,25,194
0,493,511,1,,2660.0,2665.0,5.0,,,,,,,25,202
0,602,622,1,,1840.0,1845.0,5.0,,,,,,,25,205
0,1291,1298,1,,900.0,960.0,60.0,,,,,,,25,207
0,370,391,1,,2695.0,2645.0,50.0,,,,,,,25,208
1,909,920,1,,910.0,900.0,10.0,,,,,,,25,208
2,1091,1100,1,,900.0,920.0,20.0,,,,,,,25,208
0,170,191,1,,3605.0,3545.0,60.0,,,,,,,25,209
1,891,900,1,,900.0,955.0,55.0,,,,,,,25,209
2,1071,1091,1,,880.0,885.0,5.0,,,,,,,25,209
0,152,171,1,,1785.0,1725.0,60.0,,,,,,,25,210
1,509,516,1,,910.0,910.0,0.0,,,,,,,25,210
2,691,698,1,,1780.0,1840.0,60.0,,,,,,,25,210
3,1047,1066,1,,865.0,865.0,0.0,,,,,,,25,210
0,491,498,1,,900.0,960.0,60.0,,,,,,,25,211
1,671,690,1,,880.0,885.0,5.0,,,,,,,25,211
2,847,867,1,,1715.0,1715.0,0.0,,,,,,,25,211
3,1190,1210,1,,840.0,845.0,5.0,,,,,,,25,211
0,291,298,1,,1780.0,1795.0,15.0,,,,,,,25,212
1,647,657,1,,2555.0,2610.0,55.0,,,,,,,25,212
0,91,98,1,,1780.0,1845.0,65.0,,,,,,,25,213
1,447,467,1,,2555.0,2560.0,5.0,,,,,,,25,213
0,71,91,1,,880.0,845.0,35.0,,,,,,,25,214
1,247,260,1,,2555.0,2595.0,40.0,,,,,,,25,214
2,758,779,1,,835.0,840.0,5.0,,,,,,,25,214
3,925,947,1,,1620.0,1640.0,20.0,,,,,,,25,214
4,1249,1275,1,,790.0,760.0,30.0,,,,,,,25,214
0,558,579,1,,835.0,840.0,5.0,,,,,,,25,215
1,725,747,1,,1620.0,1640.0,20.0,,,,,,,25,215
2,1049,1075,1,,790.0,760.0,30.0,,,,,,,25,215
0,358,379,1,,835.0,840.0,5.0,,,,,,,25,216
1,525,547,1,,1620.0,1640.0,20.0,,,,,,,25,216
2,849,875,1,,790.0,760.0,30.0,,,,,,,25,216
0,649,675,1,,790.0,760.0,30.0,,,,,,,25,217
0,607,636,1,,795.0,690.0,105.0,,,,,,,25,218
1,766,774,1,,2690.0,2745.0,55.0,,,,,,,25,218
0,407,436,1,,795.0,690.0,105.0,,,,,,,25,219
1,566,574,1,,2690.0,2745.0,55.0,,,,,,,25,219
0,166,174,1,,2690.0,2745.0,55.0,,,,,,,25,221
1,704,723,1,,1820.0,1785.0,35.0,,,,,,,25,221
0,504,522,1,,920.0,925.0,5.0,,,,,,,25,222
1,688,707,1,,900.0,900.0,0.0,,,,,,,25,222
0,304,322,1,,920.0,925.0,5.0,,,,,,,25,223
1,488,507,1,,900.0,900.0,0.0,,,,,,,25,223
0,104,123,1,,1820.0,1825.0,5.0,,,,,,,25,224
1,468,488,1,,2495.0,2495.0,0.0,,,,,,,25,224
2,967,987,1,,2530.0,2475.0,55.0,,,,,,,25,224
0,88,107,1,,900.0,900.0,0.0,,,,,,,25,225
1,268,287,1,,860.0,860.0,0.0,,,,,,,25,225
2,440,459,1,,5060.0,5060.0,0.0,,,,,,,25,225
0,68,87,1,,860.0,810.0,50.0,,,,,,,25,226
1,240,249,1,,4165.0,4175.0,10.0,,,,,,,25,226
2,1073,1084,1,,895.0,935.0,40.0,,,,,,,25,226
0,873,880,1,,895.0,955.0,60.0,,,,,,,25,227
0,852,871,1,,2700.0,2695.0,5.0,,,,,,,25,228
0,652,671,1,,2700.0,2635.0,65.0,,,,,,,25,229
1,1192,1198,1,,945.0,1005.0,60.0,,,,,,,25,229
0,992,998,1,,2750.0,2835.0,85.0,,,,,,,25,230
0,792,798,1,,3645.0,3645.0,0.0,,,,,,,25,231
0,592,598,1,,3645.0,3645.0,0.0,,,,,,,25,232
1,1321,1327,1,,900.0,955.0,55.0,,,,,,,25,232
0,392,400,1,,3645.0,3650.0,5.0,,,,,,,25,233
1,1121,1130,1,,900.0,890.0,10.0,,,,,,,25,233
0,192,200,1,,3645.0,3650.0,5.0,,,,,,,25,234
1,921,930,1,,900.0,890.0,10.0,,,,,,,25,234
2,1101,1108,1,,1670.0,1735.0,65.0,,,,,,,25,234
0,721,730,1,,900.0,890.0,10.0,,,,,,,25,235
1,901,908,1,,1670.0,1735.0,65.0,,,,,,,25,235
0,521,530,1,,900.0,900.0,0.0,,,,,,,25,236
0,321,330,1,,900.0,900.0,0.0,,,,,,,25,237
1,501,510,1,,4225.0,4285.0,60.0,,,,,,,25,237
0,121,139,1,,900.0,900.0,0.0,,,,,,,25,238
1,301,319,1,,1670.0,1680.0,10.0,,,,,,,25,238
2,635,655,1,,805.0,800.0,5.0,,,,,,,25,238
3,796,815,1,,3625.0,3650.0,25.0,,,,,,,25,238
0,101,108,1,,1670.0,1735.0,65.0,,,,,,,25,239
1,435,455,1,,2555.0,2560.0,5.0,,,,,,,25,239
0,235,255,1,,805.0,800.0,5.0,,,,,,,25,240
0,196,215,1,,5560.0,5560.0,0.0,,,,,,,25,241
0,333,355,1,,2875.0,2880.0,5.0,,,,,,,25,243
1,908,931,1,,945.0,940.0,5.0,,,,,,,25,243
2,1097,1119,1,,920.0,920.0,0.0,,,,,,,25,243
0,508,531,1,,945.0,940.0,5.0,,,,,,,25,245
1,697,719,1,,920.0,920.0,0.0,,,,,,,25,245
2,881,903,1,,2740.0,2740.0,0.0,,,,,,,25,245
0,308,331,1,,945.0,940.0,5.0,,,,,,,25,246
1,497,519,1,,920.0,920.0,0.0,,,,,,,25,246
2,681,703,1,,2740.0,2740.0,0.0,,,,,,,25,246
0,108,131,1,,945.0,940.0,5.0,,,,,,,25,247
1,297,319,1,,920.0,920.0,0.0,,,,,,,25,247
2,481,503,1,,2740.0,2740.0,0.0,,,,,,,25,247
0,97,119,1,,920.0,920.0,0.0,,,,,,,25,248
1,281,303,1,,2740.0,2740.0,0.0,,,,,,,25,248
2,829,851,1,,2705.0,2705.0,0.0,,,,,,,25,248
0,264,286,1,,1825.0,1830.0,5.0,,,,,,,25,249
1,629,652,1,,880.0,875.0,5.0,,,,,,,25,249
2,805,827,1,,2755.0,2760.0,5.0,,,,,,,25,249
3,1356,1379,1,,925.0,920.0,5.0,,,,,,,25,249
0,429,454,1,,3635.0,3635.0,0.0,,,,,,,25,250
0,229,254,1,,3635.0,3635.0,0.0,,,,,,,25,251
0,205,227,1,,895.0,895.0,0.0,,,,,,,25,252
1,384,406,1,,1860.0,1865.0,5.0,,,,,,,25,252
0,370,392,1,,930.0,935.0,5.0,,,,,,,25,253
1,556,579,1,,925.0,920.0,5.0,,,,,,,25,253
0,170,192,1,,930.0,935.0,5.0,,,,,,,25,254
1,356,379,1,,925.0,920.0,5.0,,,,,,,25,254
2,541,563,1,,945.0,940.0,5.0,,,,,,,25,254
3,730,751,1,,1820.0,1825.0,5.0,,,,,,,25,254
0,156,177,1,,3690.0,3690.0,0.0,,,,,,,25,255
1,894,915,1,,880.0,875.0,5.0,,,,,,,25,255
0,141,150,1,,945.0,1000.0,55.0,,,,,,,25,256
1,330,350,1,,1820.0,1825.0,5.0,,,,,,,25,256
2,694,715,1,,880.0,875.0,5.0,,,,,,,25,256
0,494,514,1,,1790.0,1785.0,5.0,,,,,,,25,257
1,852,871,1,,1815.0,1815.0,0.0,,,,,,,25,257
0,294,315,1,,880.0,875.0,5.0,,,,,,,25,258
1,470,490,1,,4585.0,4550.0,35.0,,,,,,,25,258
0,94,115,1,,880.0,875.0,5.0,,,,,,,25,259
1,270,290,1,,910.0,850.0,60.0,,,,,,,25,259
2,452,460,1,,1815.0,1875.0,60.0,,,,,,,25,259
3,815,835,1,,2825.0,2815.0,10.0,,,,,,,25,259
0,548,571,1,,4555.0,4540.0,15.0,,,,,,,25,265
0,659,679,1,,3560.0,3560.0,0.0,,,,,,,25,269
0,73,99,1,,4490.0,4465.0,25.0,,,,,,,25,271
1,971,992,1,,1750.0,1690.0,60.0,,,,,,,25,271
0,771,792,1,,1750.0,1690.0,60.0,,,,,,,25,272
1,1121,1130,1,,1820.0,1880.0,60.0,,,,,,,25,272
0,571,592,1,,1750.0,1690.0,60.0,,,,,,,25,273
1,921,930,1,,1820.0,1880.0,60.0,,,,,,,25,273
0,371,392,1,,1750.0,1690.0,60.0,,,,,,,25,274
1,721,730,1,,1820.0,1880.0,60.0,,,,,,,25,274
0,171,194,1,,1750.0,1690.0,60.0,,,,,,,25,275
1,521,532,1,,1820.0,1875.0,55.0,,,,,,,25,275
2,885,907,1,,865.0,805.0,60.0,,,,,,,25,275
0,121,130,1,,1820.0,1880.0,60.0,,,,,,,25,277
0,183,203,1,,2555.0,2560.0,5.0,,,,,,,25,285
0,294,315,1,,1625.0,1620.0,5.0,,,,,,,25,287
0,113,122,1,,4595.0,4590.0,5.0,,,,,,,25,301
0,632,640,1,,3580.0,3635.0,55.0,,,,,,,25,303
0,432,440,1,,3580.0,3635.0,55.0,,,,,,,25,304
0,748,767,1,,3625.0,3620.0,5.0,,,,,,,25,306
0,548,567,1,,2720.0,2655.0,65.0,,,,,,,25,307
1,1092,1098,1,,905.0,960.0,55.0,,,,,,,25,307
0,348,367,1,,2720.0,2655.0,65.0,,,,,,,25,308
0,1200,1219,1,,1490.0,1500.0,10.0,,,,,,,25,309
0,492,499,1,,2540.0,2600.0,60.0,,,,,,,25,310
1,1000,1019,1,,1490.0,1500.0,10.0,,,,,,,25,310
0,292,299,1,,2540.0,2600.0,60.0,,,,,,,25,311
1,800,819,1,,1490.0,1500.0,10.0,,,,,,,25,311
0,92,98,1,,905.0,965.0,60.0,,,,,,,25,312
1,273,291,1,,1635.0,1640.0,5.0,,,,,,,25,312
2,600,619,1,,765.0,735.0,30.0,,,,,,,25,312
3,753,766,1,,725.0,760.0,35.0,,,,,,,25,312
0,73,91,1,,3125.0,3120.0,5.0,,,,,,,25,313
1,698,715,1,,4220.0,4220.0,0.0,,,,,,,25,313
0,498,515,1,,4220.0,4220.0,0.0,,,,,,,25,314
1,1342,1359,1,,940.0,790.0,150.0,,,,,,,25,314
0,357,387,1,,1925.0,1860.0,65.0,,,,,,,25,317
0,1280,1287,1,,835.0,830.0,5.0,,,,,,,25,318
0,142,163,1,,4525.0,4465.0,60.0,,,,,,,25,320
1,1047,1056,1,,1700.0,1755.0,55.0,,,,,,,25,320
0,378,399,1,,950.0,940.0,10.0,,,,,,,25,333
0,108,116,1,,4270.0,4320.0,50.0,,,,,,,25,338
0,1319,1332,1,,860.0,895.0,35.0,,,,,,,25,343
0,1192,1200,1,,900.0,955.0,55.0,,,,,,,25,354
0,992,1011,1,,900.0,900.0,0.0,,,,,,,25,355
0,792,800,1,,900.0,955.0,55.0,,,,,,,25,356
0,592,600,1,,900.0,955.0,55.0,,,,,,,25,357
0,192,211,1,,900.0,900.0,0.0,,,,,,,25,359
1,372,391,1,,4460.0,4480.0,20.0,,,,,,,25,359
0,172,191,1,,4460.0,4480.0,20.0,,,,,,,25,360
0,1368,1387,1,,915.0,855.0,60.0,,,,,,,25,369
0,874,895,1,,2660.0,2660.0,0.0,,,,,,,25,374
0,644,663,1,,2735.0,2740.0,5.0,,,,,,,25,376
0,274,295,1,,2660.0,2660.0,0.0,,,,,,,25,377
1,806,827,1,,925.0,920.0,5.0,,,,,,,25,377
2,991,1011,1,,2790.0,2810.0,20.0,,,,,,,25,377
0,244,263,1,,2735.0,2740.0,5.0,,,,,,,25,378
0,863,883,1,,1775.0,1715.0,60.0,,,,,,,25,384
0,663,683,1,,1775.0,1715.0,60.0,,,,,,,25,385
0,418,426,1,,2745.0,2740.0,5.0,,,,,,,25,388
0,218,226,1,,2745.0,2740.0,5.0,,,,,,,25,389
0,919,946,1,,2960.0,2850.0,110.0,,,,,,,25,405
0,707,737,1,,1020.0,1020.0,0.0,,,,,,,25,408
1,911,941,1,,1945.0,1870.0,75.0,,,,,,,25,408
0,511,516,1,,2875.0,2935.0,60.0,,,,,,,25,410
0,500,519,1,,4485.0,4480.0,5.0,,,,,,,25,412
0,300,319,1,,2750.0,2760.0,10.0,,,,,,,25,413
0,100,119,1,,2750.0,2760.0,10.0,,,,,,,25,414
1,650,671,1,,3495.0,3425.0,70.0,,,,,,,25,414
0,450,471,1,,3495.0,3425.0,70.0,,,,,,,25,415
0,250,271,1,,3495.0,3425.0,70.0,,,,,,,25,416
0,749,756,1,,3570.0,3630.0,60.0,,,,,,,25,417
0,549,556,1,,4510.0,4575.0,65.0,,,,,,,25,418
0,171,190,1,,890.0,840.0,50.0,,,,,,,25,419
1,349,358,1,,890.0,945.0,55.0,,,,,,,25,419
2,527,547,1,,2680.0,2625.0,55.0,,,,,,,25,419
3,1063,1072,1,,940.0,995.0,55.0,,,,,,,25,419
4,1251,1271,1,,925.0,925.0,0.0,,,,,,,25,419
0,149,156,1,,3570.0,3630.0,60.0,,,,,,,25,420
1,863,882,1,,940.0,945.0,5.0,,,,,,,25,420
2,1051,1071,1,,925.0,920.0,5.0,,,,,,,25,420
0,663,682,1,,940.0,945.0,5.0,,,,,,,25,421
1,851,871,1,,925.0,920.0,5.0,,,,,,,25,421
0,651,671,1,,925.0,920.0,5.0,,,,,,,25,422
0,974,990,1,,900.0,850.0,50.0,,,,,,,25,433
0,754,763,1,,2585.0,2645.0,60.0,,,,,,,25,435
0,554,574,1,,865.0,815.0,50.0,,,,,,,25,436
1,727,737,1,,1720.0,1775.0,55.0,,,,,,,25,436
2,1071,1092,1,,1700.0,1695.0,5.0,,,,,,,25,436
0,174,184,1,,900.0,895.0,5.0,,,,,,,25,437
1,354,363,1,,865.0,870.0,5.0,,,,,,,25,437
2,527,537,1,,1720.0,1775.0,55.0,,,,,,,25,437
3,871,892,1,,1700.0,1695.0,5.0,,,,,,,25,437
4,1211,1231,1,,885.0,825.0,60.0,,,,,,,25,437
0,154,162,1,,2585.0,2645.0,60.0,,,,,,,25,438
1,671,691,1,,1700.0,1635.0,65.0,,,,,,,25,438
2,1011,1018,1,,885.0,880.0,5.0,,,,,,,25,438
0,127,137,1,,1720.0,1775.0,55.0,,,,,,,25,439
1,471,492,1,,1700.0,1695.0,5.0,,,,,,,25,439
2,811,831,1,,885.0,825.0,60.0,,,,,,,25,439
3,988,996,1,,1760.0,1760.0,0.0,,,,,,,25,439
4,1340,1348,1,,860.0,945.0,85.0,,,,,,,25,439
0,271,292,1,,1700.0,1695.0,5.0,,,,,,,25,440
1,611,631,1,,2645.0,2585.0,60.0,,,,,,,25,440
0,71,92,1,,1700.0,1695.0,5.0,,,,,,,25,441
1,411,431,1,,2645.0,2585.0,60.0,,,,,,,25,441
0,211,231,1,,2645.0,2585.0,60.0,,,,,,,25,442
1,740,748,1,,2530.0,2595.0,65.0,,,,,,,25,442
0,188,213,1,,1760.0,1675.0,85.0,,,,,,,25,443
0,573,595,1,,3345.0,3340.0,5.0,,,,,,,25,447
1,1242,1263,1,,885.0,830.0,55.0,,,,,,,25,447
0,373,395,1,,4230.0,4170.0,60.0,,,,,,,25,448
0,1019,1028,1,,855.0,925.0,70.0,,,,,,,25,449
1,1190,1213,1,,1650.0,1685.0,35.0,,,,,,,25,449
0,419,428,1,,855.0,925.0,70.0,,,,,,,25,452
0,219,228,1,,855.0,915.0,60.0,,,,,,,25,453
0,1315,1335,1,,905.0,920.0,15.0,,,,,,,25,456
0,225,247,1,,3450.0,3445.0,5.0,,,,,,,25,458
0,715,736,1,,3590.0,3535.0,55.0,,,,,,,25,459
0,515,535,1,,3590.0,3535.0,55.0,,,,,,,25,460
0,96,119,1,,1785.0,1705.0,80.0,,,,,,,25,463
0,253,260,1,,5275.0,5335.0,60.0,,,,,,,25,464
0,308,327,1,,6040.0,6060.0,20.0,,,,,,,25,469
0,250,256,1,,5865.0,5945.0,80.0,,,,,,,25,472
0,520,549,1,,955.0,960.0,5.0,,,,,,,25,480
1,711,741,1,,1865.0,1865.0,0.0,,,,,,,25,480
2,1084,1114,1,,1760.0,1760.0,0.0,,,,,,,25,480
0,284,302,1,,885.0,840.0,45.0,,,,,,,25,484
0,84,102,1,,885.0,840.0,45.0,,,,,,,25,485
1,261,270,1,,5860.0,5850.0,10.0,,,,,,,25,485
0,1233,1240,1,,870.0,870.0,0.0,,,,,,,25,486
0,1033,1040,1,,870.0,870.0,0.0,,,,,,,25,487
0,123,143,1,,3420.0,3360.0,60.0,,,,,,,25,489
0,433,440,1,,870.0,870.0,0.0,,,,,,,25,490
0,605,610,1,,930.0,925.0,5.0,,,,,,,25,510
0,405,410,1,,930.0,925.0,5.0,,,,,,,25,511
0,1360,1379,1,,840.0,785.0,55.0,,,,,,,25,533
0,1160,1179,1,,840.0,840.0,0.0,,,,,,,25,534
1,1328,1347,1,,880.0,875.0,5.0,,,,,,,25,534
0,960,980,1,,840.0,835.0,5.0,,,,,,,25,535
1,1128,1147,1,,880.0,880.0,0.0,,,,,,,25,535
0,160,183,1,,840.0,835.0,5.0,,,,,,,25,539
1,328,350,1,,1805.0,1805.0,0.0,,,,,,,25,539
2,689,711,1,,920.0,915.0,5.0,,,,,,,25,539
3,873,894,1,,2725.0,2730.0,5.0,,,,,,,25,539
0,128,151,1,,880.0,875.0,5.0,,,,,,,25,540
1,304,326,1,,1845.0,1845.0,0.0,,,,,,,25,540
0,289,311,1,,920.0,915.0,5.0,,,,,,,25,541
1,473,494,1,,3550.0,3550.0,0.0,,,,,,,25,541
0,89,111,1,,3645.0,3640.0,5.0,,,,,,,25,542
1,818,839,1,,825.0,820.0,5.0,,,,,,,25,542
0,618,639,1,,825.0,820.0,5.0,,,,,,,25,543
0,418,439,1,,825.0,820.0,5.0,,,,,,,25,544
1,583,603,1,,4220.0,4215.0,5.0,,,,,,,25,544
0,218,239,1,,825.0,820.0,5.0,,,,,,,25,545
1,383,403,1,,4220.0,4215.0,5.0,,,,,,,25,545
0,149,167,1,,3390.0,3385.0,5.0,,,,,,,25,547
0,627,643,1,,3435.0,3440.0,5.0,,,,,,,25,548
1,1314,1331,1,,945.0,945.0,0.0,,,,,,,25,548
0,1114,1131,1,,945.0,945.0,0.0,,,,,,,25,549
1,1303,1320,1,,900.0,840.0,60.0,,,,,,,25,549
0,714,731,1,,945.0,940.0,5.0,,,,,,,25,551
1,903,919,1,,900.0,845.0,55.0,,,,,,,25,551
2,1083,1088,1,,1690.0,1755.0,65.0,,,,,,,25,551
0,221,239,1,,825.0,820.0,5.0,,,,,,,25,557
1,386,403,1,,3455.0,3460.0,5.0,,,,,,,25,557
0,768,786,1,,1800.0,1800.0,0.0,,,,,,,25,563
1,1128,1146,1,,885.0,885.0,0.0,,,,,,,25,563
0,568,587,1,,1800.0,1795.0,5.0,,,,,,,25,564
0,551,571,1,,3475.0,3480.0,5.0,,,,,,,25,565
0,351,371,1,,3475.0,3480.0,5.0,,,,,,,25,566
0,328,350,1,,3415.0,3355.0,60.0,,,,,,,25,567
0,128,147,1,,3415.0,3415.0,0.0,,,,,,,25,568
0,105,126,1,,1705.0,1705.0,0.0,,,,,,,25,569
1,446,467,1,,4445.0,4440.0,5.0,,,,,,,25,569
0,246,267,1,,4445.0,4440.0,5.0,,,,,,,25,570
1,1135,1155,1,,970.0,975.0,5.0,,,,,,,25,570
0,1129,1151,1,,935.0,935.0,0.0,,,,,,,25,571
0,538,559,1,,985.0,980.0,5.0,,,,,,,25,572
1,735,755,1,,970.0,975.0,5.0,,,,,,,25,572
2,929,950,1,,1830.0,1830.0,0.0,,,,,,,25,572
0,535,554,1,,1905.0,1905.0,0.0,,,,,,,25,573
1,916,935,1,,895.0,900.0,5.0,,,,,,,25,573
2,1095,1115,1,,840.0,840.0,0.0,,,,,,,25,573
3,1263,1283,1,,845.0,845.0,0.0,,,,,,,25,573
0,138,159,1,,985.0,980.0,5.0,,,,,,,25,574
1,335,355,1,,970.0,975.0,5.0,,,,,,,25,574
2,529,550,1,,1830.0,1830.0,0.0,,,,,,,25,574
0,135,155,1,,970.0,975.0,5.0,,,,,,,25,575
1,329,350,1,,935.0,890.0,45.0,,,,,,,25,575
2,516,528,1,,895.0,940.0,45.0,,,,,,,25,575
0,129,150,1,,935.0,935.0,0.0,,,,,,,25,576
1,316,337,1,,895.0,895.0,0.0,,,,,,,25,576
0,116,137,1,,895.0,895.0,0.0,,,,,,,25,577
1,295,316,1,,5140.0,5135.0,5.0,,,,,,,25,577
2,1323,1343,1,,955.0,905.0,50.0,,,,,,,25,577
0,95,116,1,,5140.0,5135.0,5.0,,,,,,,25,578
1,1123,1143,1,,955.0,960.0,5.0,,,,,,,25,578
0,63,83,1,,845.0,845.0,0.0,,,,,,,25,579
1,232,252,1,,3455.0,3455.0,0.0,,,,,,,25,579
2,923,943,1,,2785.0,2785.0,0.0,,,,,,,25,579
0,723,743,1,,2785.0,2785.0,0.0,,,,,,,25,580
0,127,150,1,,925.0,925.0,0.0,,,,,,,27,581
1,312,335,1,,960.0,955.0,5.0,,,,,,,27,581
2,504,526,1,,1000.0,1000.0,0.0,,,,,,,27,581
3,704,726,1,,1975.0,1930.0,45.0,,,,,,,27,581
4,1099,1112,1,,975.0,1020.0,45.0,,,,,,,27,581
5,1294,1316,1,,1000.0,1000.0,0.0,,,,,,,27,581
0,112,135,1,,960.0,960.0,0.0,,,,,,,27,582
1,304,327,1,,1000.0,1000.0,0.0,,,,,,,27,582
2,504,527,1,,1975.0,1985.0,10.0,,,,,,,27,582
3,899,924,1,,975.0,970.0,5.0,,,,,,,27,582
4,1094,1118,1,,1000.0,1000.0,0.0,,,,,,,27,582
5,1294,1318,1,,1005.0,1000.0,5.0,,,,,,,27,582
0,104,128,1,,1000.0,1000.0,0.0,,,,,,,27,583
1,304,328,1,,1010.0,1015.0,5.0,,,,,,,27,583
2,506,531,1,,965.0,965.0,0.0,,,,,,,27,583
3,699,724,1,,975.0,970.0,5.0,,,,,,,27,583
4,894,918,1,,1000.0,1000.0,0.0,,,,,,,27,583
5,1094,1118,1,,1005.0,1005.0,0.0,,,,,,,27,583
6,1295,1319,1,,985.0,995.0,10.0,,,,,,,27,583
0,104,128,1,,1010.0,1015.0,5.0,,,,,,,27,584
1,306,331,1,,965.0,965.0,0.0,,,,,,,27,584
2,499,524,1,,975.0,970.0,5.0,,,,,,,27,584
3,694,718,1,,1000.0,1000.0,0.0,,,,,,,27,584
4,894,918,1,,1005.0,1005.0,0.0,,,,,,,27,584
5,1095,1119,1,,985.0,995.0,10.0,,,,,,,27,584
6,1292,1318,1,,980.0,975.0,5.0,,,,,,,27,584
0,299,324,1,,975.0,970.0,5.0,,,,,,,27,585
1,494,518,1,,1000.0,1000.0,0.0,,,,,,,27,585
2,694,718,1,,1005.0,1000.0,5.0,,,,,,,27,585
3,895,918,1,,985.0,990.0,5.0,,,,,,,27,585
4,1092,1116,1,,980.0,980.0,0.0,,,,,,,27,585
5,1288,1312,1,,990.0,990.0,0.0,,,,,,,27,585
0,99,124,1,,975.0,970.0,5.0,,,,,,,27,586
1,294,318,1,,1000.0,1000.0,0.0,,,,,,,27,586
2,494,518,1,,1005.0,1000.0,5.0,,,,,,,27,586
3,695,718,1,,985.0,990.0,5.0,,,,,,,27,586
4,892,916,1,,980.0,980.0,0.0,,,,,,,27,586
5,1088,1112,1,,990.0,990.0,0.0,,,,,,,27,586
6,1286,1310,1,,1055.0,1055.0,0.0,,,,,,,27,586
0,94,118,1,,1000.0,1000.0,0.0,,,,,,,27,587
1,294,318,1,,1005.0,1000.0,5.0,,,,,,,27,587
2,495,518,1,,985.0,990.0,5.0,,,,,,,27,587
3,692,716,1,,980.0,980.0,0.0,,,,,,,27,587
4,888,912,1,,990.0,990.0,0.0,,,,,,,27,587
5,1086,1110,1,,1055.0,1055.0,0.0,,,,,,,27,587
6,1297,1321,1,,1060.0,1010.0,50.0,,,,,,,27,587
0,94,108,1,,1005.0,1050.0,45.0,,,,,,,27,588
1,295,318,1,,985.0,990.0,5.0,,,,,,,27,588
2,492,516,1,,980.0,980.0,0.0,,,,,,,27,588
3,688,712,1,,990.0,990.0,0.0,,,,,,,27,588
4,886,910,1,,1055.0,1055.0,0.0,,,,,,,27,588
5,1097,1121,1,,1060.0,1055.0,5.0,,,,,,,27,588
0,95,118,1,,985.0,990.0,5.0,,,,,,,27,589
1,292,316,1,,980.0,980.0,0.0,,,,,,,27,589
2,488,512,1,,990.0,990.0,0.0,,,,,,,27,589
3,686,710,1,,1055.0,1055.0,0.0,,,,,,,27,589
4,897,921,1,,1060.0,1055.0,5.0,,,,,,,27,589
5,1109,1132,1,,1020.0,1025.0,5.0,,,,,,,27,589
6,1313,1337,1,,995.0,990.0,5.0,,,,,,,27,589
0,92,116,1,,980.0,980.0,0.0,,,,,,,27,590
1,288,312,1,,990.0,990.0,0.0,,,,,,,27,590
2,486,510,1,,1055.0,1055.0,0.0,,,,,,,27,590
3,697,721,1,,1060.0,1055.0,5.0,,,,,,,27,590
4,909,932,1,,1020.0,1025.0,5.0,,,,,,,27,590
5,1113,1137,1,,995.0,990.0,5.0,,,,,,,27,590
0,88,112,1,,990.0,990.0,0.0,,,,,,,27,591
1,286,310,1,,1055.0,1055.0,0.0,,,,,,,27,591
2,497,521,1,,1060.0,1055.0,5.0,,,,,,,27,591
3,709,732,1,,1020.0,1025.0,5.0,,,,,,,27,591
4,913,937,1,,995.0,990.0,5.0,,,,,,,27,591
5,1112,1135,1,,1000.0,1005.0,5.0,,,,,,,27,591
0,86,110,1,,1055.0,1055.0,0.0,,,,,,,27,592
1,297,321,1,,1060.0,1055.0,5.0,,,,,,,27,592
2,509,532,1,,1020.0,1025.0,5.0,,,,,,,27,592
3,713,737,1,,995.0,990.0,5.0,,,,,,,27,592
4,912,935,1,,1000.0,1005.0,5.0,,,,,,,27,592
5,1112,1136,1,,1025.0,1025.0,0.0,,,,,,,27,592
0,97,120,1,,1060.0,1050.0,10.0,,,,,,,27,593
1,309,330,1,,1020.0,1030.0,10.0,,,,,,,27,593
2,513,536,1,,995.0,995.0,0.0,,,,,,,27,593
3,712,735,1,,1000.0,1000.0,0.0,,,,,,,27,593
4,912,935,1,,1025.0,1025.0,0.0,,,,,,,27,593
5,1117,1140,1,,1040.0,1040.0,0.0,,,,,,,27,593
6,1325,1348,1,,1040.0,1040.0,0.0,,,,,,,27,593
0,109,130,1,,1020.0,1030.0,10.0,,,,,,,27,594
1,313,336,1,,995.0,995.0,0.0,,,,,,,27,594
2,512,535,1,,1000.0,1000.0,0.0,,,,,,,27,594
3,712,735,1,,1025.0,1025.0,0.0,,,,,,,27,594
4,917,940,1,,1040.0,1040.0,0.0,,,,,,,27,594
5,1125,1148,1,,1040.0,1045.0,5.0,,,,,,,27,594
6,1333,1357,1,,995.0,985.0,10.0,,,,,,,27,594
0,312,334,1,,2025.0,2020.0,5.0,,,,,,,27,595
1,717,738,1,,1040.0,1050.0,10.0,,,,,,,27,595
2,925,948,1,,1040.0,1040.0,0.0,,,,,,,27,595
3,1133,1156,1,,995.0,990.0,5.0,,,,,,,27,595
4,1332,1354,1,,985.0,985.0,0.0,,,,,,,27,595
0,112,135,1,,1000.0,1000.0,0.0,,,,,,,27,596
1,312,335,1,,1025.0,1025.0,0.0,,,,,,,27,596
2,517,540,1,,1040.0,1040.0,0.0,,,,,,,27,596
3,725,748,1,,1040.0,1045.0,5.0,,,,,,,27,596
4,933,957,1,,995.0,990.0,5.0,,,,,,,27,596
5,1132,1155,1,,985.0,990.0,5.0,,,,,,,27,596
6,1329,1353,1,,1015.0,1005.0,10.0,,,,,,,27,596
0,112,134,1,,1025.0,1030.0,5.0,,,,,,,27,597
1,317,340,1,,1040.0,1040.0,0.0,,,,,,,27,597
2,525,548,1,,1040.0,1045.0,5.0,,,,,,,27,597
3,733,757,1,,995.0,990.0,5.0,,,,,,,27,597
4,932,955,1,,985.0,990.0,5.0,,,,,,,27,597
5,1129,1153,1,,1015.0,1005.0,10.0,,,,,,,27,597
0,117,140,1,,1040.0,1040.0,0.0,,,,,,,27,598
1,325,348,1,,1040.0,1045.0,5.0,,,,,,,27,598
2,533,557,1,,995.0,985.0,10.0,,,,,,,27,598
3,732,754,1,,985.0,995.0,10.0,,,,,,,27,598
4,929,953,1,,1015.0,1005.0,10.0,,,,,,,27,598
5,1132,1154,1,,1030.0,1035.0,5.0,,,,,,,27,598
0,125,148,1,,1040.0,1040.0,0.0,,,,,,,27,599
1,333,356,1,,995.0,990.0,5.0,,,,,,,27,599
2,532,554,1,,985.0,995.0,10.0,,,,,,,27,599
3,729,753,1,,1015.0,1005.0,10.0,,,,,,,27,599
4,932,954,1,,1030.0,1035.0,5.0,,,,,,,27,599
5,1138,1161,1,,2115.0,2115.0,0.0,,,,,,,27,599
0,133,158,1,,995.0,990.0,5.0,,,,,,,27,600
1,332,356,1,,985.0,990.0,5.0,,,,,,,27,600
2,529,554,1,,1015.0,1010.0,5.0,,,,,,,27,600
3,732,756,1,,4155.0,4150.0,5.0,,,,,,,27,600
0,132,156,1,,985.0,990.0,5.0,,,,,,,27,601
1,329,354,1,,1015.0,1010.0,5.0,,,,,,,27,601
2,532,556,1,,2115.0,2115.0,0.0,,,,,,,27,601
3,955,979,1,,2040.0,2040.0,0.0,,,,,,,27,601
0,129,154,1,,1015.0,1010.0,5.0,,,,,,,27,602
1,332,356,1,,1030.0,1030.0,0.0,,,,,,,27,602
2,538,562,1,,2115.0,2120.0,5.0,,,,,,,27,602
3,961,986,1,,1010.0,1005.0,5.0,,,,,,,27,602
4,1163,1187,1,,1040.0,1045.0,5.0,,,,,,,27,602
0,132,156,1,,1030.0,1030.0,0.0,,,,,,,27,603
1,338,362,1,,1085.0,1090.0,5.0,,,,,,,27,603
2,555,580,1,,1030.0,1030.0,0.0,,,,,,,27,603
3,761,786,1,,1010.0,1005.0,5.0,,,,,,,27,603
4,963,987,1,,1040.0,1045.0,5.0,,,,,,,27,603
5,1171,1196,1,,1090.0,1085.0,5.0,,,,,,,27,603
0,138,162,1,,1085.0,1090.0,5.0,,,,,,,27,604
1,355,380,1,,1030.0,1030.0,0.0,,,,,,,27,604
2,561,586,1,,1010.0,1005.0,5.0,,,,,,,27,604
3,763,787,1,,1040.0,1045.0,5.0,,,,,,,27,604
4,971,996,1,,1090.0,1085.0,5.0,,,,,,,27,604
5,1189,1213,1,,1080.0,1085.0,5.0,,,,,,,27,604
0,155,179,1,,1030.0,1005.0,25.0,,,,,,,27,605
1,361,380,1,,1010.0,1030.0,20.0,,,,,,,27,605
2,563,586,1,,1040.0,1040.0,0.0,,,,,,,27,605
3,771,794,1,,1090.0,1090.0,0.0,,,,,,,27,605
4,989,1012,1,,1080.0,1090.0,10.0,,,,,,,27,605
5,1205,1230,1,,1010.0,1005.0,5.0,,,,,,,27,605
0,363,386,1,,1040.0,1045.0,5.0,,,,,,,27,606
1,571,595,1,,1090.0,1085.0,5.0,,,,,,,27,606
2,789,812,1,,1080.0,1090.0,10.0,,,,,,,27,606
3,1005,1030,1,,1010.0,1005.0,5.0,,,,,,,27,606
4,1207,1231,1,,975.0,975.0,0.0,,,,,,,27,606
0,163,187,1,,1040.0,1040.0,0.0,,,,,,,27,607
1,371,395,1,,1090.0,1085.0,5.0,,,,,,,27,607
2,589,612,1,,1080.0,1090.0,10.0,,,,,,,27,607
3,805,830,1,,1010.0,1005.0,5.0,,,,,,,27,607
4,1007,1031,1,,975.0,975.0,0.0,,,,,,,27,607
5,1202,1226,1,,985.0,990.0,5.0,,,,,,,27,607
0,171,195,1,,1090.0,1085.0,5.0,,,,,,,27,608
1,389,412,1,,1080.0,1090.0,10.0,,,,,,,27,608
2,605,630,1,,1010.0,1005.0,5.0,,,,,,,27,608
3,807,831,1,,975.0,975.0,0.0,,,,,,,27,608
4,1002,1026,1,,985.0,990.0,5.0,,,,,,,27,608
5,1199,1224,1,,1025.0,1020.0,5.0,,,,,,,27,608
0,189,211,1,,1080.0,1045.0,35.0,,,,,,,27,609
1,405,420,1,,1010.0,1050.0,40.0,,,,,,,27,609
2,607,630,1,,975.0,980.0,5.0,,,,,,,27,609
3,802,826,1,,985.0,980.0,5.0,,,,,,,27,609
4,999,1022,1,,1025.0,1025.0,0.0,,,,,,,27,609
5,1204,1227,1,,1055.0,1055.0,0.0,,,,,,,27,609
0,205,220,1,,1010.0,1050.0,40.0,,,,,,,27,610
1,407,430,1,,975.0,980.0,5.0,,,,,,,27,610
2,602,626,1,,985.0,980.0,5.0,,,,,,,27,610
3,799,822,1,,1025.0,1025.0,0.0,,,,,,,27,610
4,1004,1027,1,,1055.0,1055.0,0.0,,,,,,,27,610
0,207,230,1,,975.0,980.0,5.0,,,,,,,27,611
1,402,426,1,,985.0,980.0,5.0,,,,,,,27,611
2,599,622,1,,1025.0,1025.0,0.0,,,,,,,27,611
3,804,827,1,,1055.0,1055.0,0.0,,,,,,,27,611
4,1015,1038,1,,2035.0,2040.0,5.0,,,,,,,27,611
0,202,226,1,,985.0,980.0,5.0,,,,,,,27,612
1,399,422,1,,1025.0,1030.0,5.0,,,,,,,27,612
2,604,628,1,,1055.0,1050.0,5.0,,,,,,,27,612
3,815,838,1,,2035.0,2040.0,5.0,,,,,,,27,612
4,1222,1246,1,,1010.0,1010.0,0.0,,,,,,,27,612
0,199,225,1,,1025.0,1025.0,0.0,,,,,,,27,613
1,404,430,1,,1055.0,1050.0,5.0,,,,,,,27,613
2,615,640,1,,1030.0,1030.0,0.0,,,,,,,27,613
3,821,846,1,,1005.0,1005.0,0.0,,,,,,,27,613
4,1022,1047,1,,1010.0,1015.0,5.0,,,,,,,27,613
5,1224,1250,1,,1065.0,1060.0,5.0,,,,,,,27,613
0,204,230,1,,1055.0,1050.0,5.0,,,,,,,27,614
1,415,440,1,,1030.0,1030.0,0.0,,,,,,,27,614
2,621,646,1,,1005.0,1005.0,0.0,,,,,,,27,614
3,822,847,1,,1010.0,1015.0,5.0,,,,,,,27,614
4,1024,1050,1,,1065.0,1060.0,5.0,,,,,,,27,614
5,1237,1262,1,,1065.0,1060.0,5.0,,,,,,,27,614
0,215,238,1,,2035.0,1990.0,45.0,,,,,,,27,615
1,622,636,1,,1010.0,1060.0,50.0,,,,,,,27,615
2,824,848,1,,1065.0,1060.0,5.0,,,,,,,27,615
3,1037,1060,1,,1065.0,1065.0,0.0,,,,,,,27,615
4,1250,1273,1,,1030.0,1035.0,5.0,,,,,,,27,615
0,422,436,1,,1010.0,1060.0,50.0,,,,,,,27,616
1,624,648,1,,1065.0,1060.0,5.0,,,,,,,27,616
2,837,860,1,,1065.0,1065.0,0.0,,,,,,,27,616
3,1050,1073,1,,1030.0,1035.0,5.0,,,,,,,27,616
4,1256,1280,1,,995.0,990.0,5.0,,,,,,,27,616
0,222,246,1,,2075.0,2075.0,0.0,,,,,,,27,617
1,637,661,1,,1065.0,1065.0,0.0,,,,,,,27,617
2,850,874,1,,1030.0,1035.0,5.0,,,,,,,27,617
3,1056,1081,1,,995.0,995.0,0.0,,,,,,,27,617
4,1255,1280,1,,1030.0,1030.0,0.0,,,,,,,27,617
0,437,461,1,,1065.0,1065.0,0.0,,,,,,,27,618
1,650,674,1,,1030.0,1035.0,5.0,,,,,,,27,618
2,856,881,1,,995.0,995.0,0.0,,,,,,,27,618
3,1055,1080,1,,1030.0,1030.0,0.0,,,,,,,27,618
4,1261,1286,1,,1050.0,1040.0,10.0,,,,,,,27,618
0,237,261,1,,1065.0,1065.0,0.0,,,,,,,27,619
1,450,474,1,,2025.0,2030.0,5.0,,,,,,,27,619
2,855,880,1,,1030.0,1030.0,0.0,,,,,,,27,619
3,1061,1086,1,,1050.0,1040.0,10.0,,,,,,,27,619
0,250,272,1,,1030.0,1030.0,0.0,,,,,,,27,620
1,456,478,1,,995.0,950.0,45.0,,,,,,,27,620
2,655,668,1,,1030.0,1080.0,50.0,,,,,,,27,620
3,861,884,1,,1050.0,1045.0,5.0,,,,,,,27,620
4,1071,1093,1,,1030.0,1035.0,5.0,,,,,,,27,620
0,256,278,1,,995.0,1000.0,5.0,,,,,,,27,621
1,455,478,1,,1030.0,1030.0,0.0,,,,,,,27,621
2,661,684,1,,1050.0,1045.0,5.0,,,,,,,27,621
3,871,893,1,,1030.0,1035.0,5.0,,,,,,,27,621
4,1077,1100,1,,1995.0,1990.0,5.0,,,,,,,27,621
0,255,278,1,,1030.0,1030.0,0.0,,,,,,,27,622
1,461,484,1,,1050.0,1050.0,0.0,,,,,,,27,622
2,671,694,1,,1030.0,1030.0,0.0,,,,,,,27,622
3,877,900,1,,1995.0,1990.0,5.0,,,,,,,27,622
4,1276,1298,1,,1030.0,1040.0,10.0,,,,,,,27,622
0,261,284,1,,1050.0,1050.0,0.0,,,,,,,27,623
1,471,494,1,,1030.0,1030.0,0.0,,,,,,,27,623
2,677,700,1,,1995.0,1990.0,5.0,,,,,,,27,623
3,1076,1098,1,,1030.0,1040.0,10.0,,,,,,,27,623
4,1282,1306,1,,1045.0,1045.0,0.0,,,,,,,27,623
0,61,84,1,,1050.0,1050.0,0.0,,,,,,,27,624
1,271,294,1,,1030.0,1030.0,0.0,,,,,,,27,624
2,477,500,1,,1995.0,1990.0,5.0,,,,,,,27,624
3,876,898,1,,1030.0,990.0,40.0,,,,,,,27,624
4,1082,1096,1,,1045.0,1095.0,50.0,,,,,,,27,624
5,1291,1315,1,,1055.0,1005.0,50.0,,,,,,,27,624
0,71,94,1,,1030.0,990.0,40.0,,,,,,,27,625
1,277,292,1,,1995.0,2030.0,35.0,,,,,,,27,625
2,676,698,1,,1030.0,990.0,40.0,,,,,,,27,625
3,882,896,1,,1045.0,1095.0,50.0,,,,,,,27,625
4,1091,1115,1,,1055.0,1055.0,0.0,,,,,,,27,625
5,1302,1326,1,,1025.0,1020.0,5.0,,,,,,,27,625
0,77,100,1,,1995.0,1990.0,5.0,,,,,,,27,626
1,476,498,1,,1030.0,990.0,40.0,,,,,,,27,626
2,682,696,1,,2100.0,2140.0,40.0,,,,,,,27,626
3,1102,1124,1,,1025.0,1030.0,5.0,,,,,,,27,626
4,1307,1330,1,,1005.0,1005.0,0.0,,,,,,,27,626
0,276,298,1,,1030.0,990.0,40.0,,,,,,,27,627
1,482,496,1,,1045.0,1095.0,50.0,,,,,,,27,627
2,691,715,1,,1055.0,1055.0,0.0,,,,,,,27,627
3,902,926,1,,1025.0,1020.0,5.0,,,,,,,27,627
4,1107,1130,1,,1005.0,1010.0,5.0,,,,,,,27,627
0,76,99,1,,1030.0,1035.0,5.0,,,,,,,27,628
1,282,306,1,,1045.0,1045.0,0.0,,,,,,,27,628
2,491,515,1,,1055.0,1055.0,0.0,,,,,,,27,628
3,702,726,1,,1025.0,1030.0,5.0,,,,,,,27,628
4,907,932,1,,1005.0,1005.0,0.0,,,,,,,27,628
5,1108,1133,1,,1010.0,1005.0,5.0,,,,,,,27,628
6,1310,1334,1,,1025.0,1025.0,0.0,,,,,,,27,628
0,82,106,1,,1045.0,1045.0,0.0,,,,,,,27,629
1,291,315,1,,1055.0,1055.0,0.0,,,,,,,27,629
2,502,526,1,,1025.0,1030.0,5.0,,,,,,,27,629
3,707,732,1,,1005.0,1010.0,5.0,,,,,,,27,629
4,908,934,1,,1010.0,1000.0,10.0,,,,,,,27,629
5,1110,1134,1,,1025.0,1025.0,0.0,,,,,,,27,629
6,1315,1339,1,,1010.0,1015.0,5.0,,,,,,,27,629
0,91,115,1,,1055.0,1055.0,0.0,,,,,,,27,630
1,302,326,1,,1025.0,1030.0,5.0,,,,,,,27,630
2,507,532,1,,1005.0,1010.0,5.0,,,,,,,27,630
3,708,734,1,,1010.0,1000.0,10.0,,,,,,,27,630
4,910,934,1,,1025.0,1025.0,0.0,,,,,,,27,630
5,1115,1139,1,,1010.0,1015.0,5.0,,,,,,,27,630
0,102,126,1,,1025.0,1020.0,5.0,,,,,,,27,631
1,307,330,1,,1005.0,1010.0,5.0,,,,,,,27,631
2,508,532,1,,2035.0,2030.0,5.0,,,,,,,27,631
3,915,938,1,,1010.0,1020.0,10.0,,,,,,,27,631
4,1117,1142,1,,1005.0,950.0,55.0,,,,,,,27,631
5,1318,1332,1,,980.0,980.0,0.0,,,,,,,27,631
0,107,130,1,,1005.0,1010.0,5.0,,,,,,,27,632
1,308,332,1,,2035.0,2030.0,5.0,,,,,,,27,632
2,715,738,1,,1010.0,1020.0,10.0,,,,,,,27,632
3,917,942,1,,1005.0,950.0,55.0,,,,,,,27,632
4,1118,1132,1,,980.0,1030.0,50.0,,,,,,,27,632
0,108,134,1,,1010.0,1005.0,5.0,,,,,,,27,633
1,310,335,1,,1025.0,1025.0,0.0,,,,,,,27,633
2,515,540,1,,1010.0,1010.0,0.0,,,,,,,27,633
3,717,742,1,,1005.0,1005.0,0.0,,,,,,,27,633
4,918,943,1,,980.0,980.0,0.0,,,,,,,27,633
5,1114,1139,1,,965.0,965.0,0.0,,,,,,,27,633
0,315,338,1,,1010.0,1020.0,10.0,,,,,,,27,634
1,517,542,1,,1005.0,950.0,55.0,,,,,,,27,634
2,718,732,1,,980.0,1030.0,50.0,,,,,,,27,634
3,914,938,1,,965.0,960.0,5.0,,,,,,,27,634
4,1107,1130,1,,1010.0,1015.0,5.0,,,,,,,27,634
0,115,138,1,,1010.0,1020.0,10.0,,,,,,,27,635
1,317,342,1,,1005.0,1000.0,5.0,,,,,,,27,635
2,518,542,1,,980.0,980.0,0.0,,,,,,,27,635
3,714,738,1,,965.0,960.0,5.0,,,,,,,27,635
4,907,930,1,,2035.0,2040.0,5.0,,,,,,,27,635
0,117,142,1,,1005.0,950.0,55.0,,,,,,,27,636
1,318,332,1,,980.0,1030.0,50.0,,,,,,,27,636
2,514,538,1,,965.0,960.0,5.0,,,,,,,27,636
3,707,730,1,,2035.0,2040.0,5.0,,,,,,,27,636
4,1114,1138,1,,1050.0,1050.0,0.0,,,,,,,27,636
0,118,132,1,,980.0,1030.0,50.0,,,,,,,27,637
1,314,338,1,,965.0,960.0,5.0,,,,,,,27,637
2,507,530,1,,2035.0,2040.0,5.0,,,,,,,27,637
3,914,938,1,,1050.0,1050.0,0.0,,,,,,,27,637
4,1124,1148,1,,1975.0,1970.0,5.0,,,,,,,27,637
0,114,138,1,,965.0,960.0,5.0,,,,,,,27,638
1,307,330,1,,2035.0,2040.0,5.0,,,,,,,27,638
2,714,738,1,,1050.0,1050.0,0.0,,,,,,,27,638
3,924,948,1,,1975.0,1970.0,5.0,,,,,,,27,638
4,1319,1342,1,,985.0,990.0,5.0,,,,,,,27,638
0,107,130,1,,2035.0,2040.0,5.0,,,,,,,27,639
1,514,538,1,,1050.0,1050.0,0.0,,,,,,,27,639
2,724,748,1,,1975.0,1970.0,5.0,,,,,,,27,639
3,1119,1142,1,,985.0,990.0,5.0,,,,,,,27,639
0,314,339,1,,1050.0,1005.0,45.0,,,,,,,27,640
1,524,540,1,,1000.0,1050.0,50.0,,,,,,,27,640
2,724,750,1,,975.0,970.0,5.0,,,,,,,27,640
3,919,944,1,,985.0,980.0,5.0,,,,,,,27,640
4,1116,1140,1,,990.0,990.0,0.0,,,,,,,27,640
0,114,138,1,,1050.0,1050.0,0.0,,,,,,,27,641
1,324,348,1,,1000.0,1000.0,0.0,,,,,,,27,641
2,524,548,1,,975.0,970.0,5.0,,,,,,,27,641
3,719,742,1,,985.0,990.0,5.0,,,,,,,27,641
4,916,940,1,,990.0,990.0,0.0,,,,,,,27,641
5,1114,1138,1,,990.0,990.0,0.0,,,,,,,27,641
0,124,148,1,,1975.0,1970.0,5.0,,,,,,,27,642
1,519,542,1,,985.0,990.0,5.0,,,,,,,27,642
2,716,740,1,,1980.0,1980.0,0.0,,,,,,,27,642
0,124,148,1,,975.0,970.0,5.0,,,,,,,27,643
1,319,342,1,,985.0,990.0,5.0,,,,,,,27,643
2,516,540,1,,990.0,990.0,0.0,,,,,,,27,643
3,714,738,1,,990.0,990.0,0.0,,,,,,,27,643
4,912,936,1,,1980.0,1980.0,0.0,,,,,,,27,643
5,1308,1332,1,,950.0,950.0,0.0,,,,,,,27,643
0,119,142,1,,985.0,990.0,5.0,,,,,,,27,644
1,316,340,1,,990.0,990.0,0.0,,,,,,,27,644
2,514,538,1,,990.0,990.0,0.0,,,,,,,27,644
3,712,736,1,,1005.0,960.0,45.0,,,,,,,27,644
4,913,928,1,,975.0,1020.0,45.0,,,,,,,27,644
5,1108,1132,1,,950.0,950.0,0.0,,,,,,,27,644
0,116,140,1,,990.0,990.0,0.0,,,,,,,27,645
1,314,338,1,,990.0,990.0,0.0,,,,,,,27,645
2,512,536,1,,1005.0,960.0,45.0,,,,,,,27,645
3,713,728,1,,975.0,1020.0,45.0,,,,,,,27,645
4,908,932,1,,950.0,950.0,0.0,,,,,,,27,645
5,1098,1122,1,,995.0,995.0,0.0,,,,,,,27,645
6,1297,1321,1,,1015.0,1015.0,0.0,,,,,,,27,645
0,114,138,1,,1995.0,2000.0,5.0,,,,,,,27,646
1,513,538,1,,1925.0,1930.0,5.0,,,,,,,27,646
2,898,924,1,,995.0,990.0,5.0,,,,,,,27,646
3,1097,1122,1,,1015.0,1020.0,5.0,,,,,,,27,646
4,1300,1326,1,,1020.0,1015.0,5.0,,,,,,,27,646
0,112,136,1,,1980.0,1980.0,0.0,,,,,,,27,647
1,508,532,1,,950.0,950.0,0.0,,,,,,,27,647
2,698,722,1,,995.0,995.0,0.0,,,,,,,27,647
3,897,921,1,,1015.0,1015.0,0.0,,,,,,,27,647
4,1100,1124,1,,1020.0,1020.0,0.0,,,,,,,27,647
5,1304,1328,1,,1000.0,1000.0,0.0,,,,,,,27,647
0,308,332,1,,950.0,950.0,0.0,,,,,,,27,648
1,498,522,1,,995.0,995.0,0.0,,,,,,,27,648
2,697,721,1,,1015.0,1015.0,0.0,,,,,,,27,648
3,900,924,1,,1020.0,1020.0,0.0,,,,,,,27,648
4,1104,1128,1,,1000.0,1000.0,0.0,,,,,,,27,648
5,1304,1328,1,,1000.0,1000.0,0.0,,,,,,,27,648
0,108,124,1,,950.0,1000.0,50.0,,,,,,,27,649
1,298,324,1,,995.0,990.0,5.0,,,,,,,27,649
2,497,522,1,,1015.0,1020.0,5.0,,,,,,,27,649
3,700,726,1,,1020.0,1015.0,5.0,,,,,,,27,649
4,904,929,1,,1000.0,1000.0,0.0,,,,,,,27,649
5,1104,1129,1,,1000.0,955.0,45.0,,,,,,,27,649
6,1304,1320,1,,1000.0,1000.0,0.0,,,,,,,27,649
0,98,124,1,,995.0,990.0,5.0,,,,,,,27,650
1,297,322,1,,1015.0,1020.0,5.0,,,,,,,27,650
2,500,526,1,,1020.0,1015.0,5.0,,,,,,,27,650
3,704,729,1,,1000.0,1000.0,0.0,,,,,,,27,650
4,904,929,1,,1000.0,955.0,45.0,,,,,,,27,650
5,1104,1120,1,,1000.0,1000.0,0.0,,,,,,,27,650
0,97,122,1,,1015.0,1020.0,5.0,,,,,,,27,651
1,300,326,1,,1020.0,1015.0,5.0,,,,,,,27,651
2,504,529,1,,1000.0,1000.0,0.0,,,,,,,27,651
3,704,729,1,,1000.0,1005.0,5.0,,,,,,,27,651
4,904,930,1,,1000.0,950.0,50.0,,,,,,,27,651
5,1104,1120,1,,1035.0,1020.0,15.0,,,,,,,27,651
0,100,126,1,,1020.0,1015.0,5.0,,,,,,,27,652
1,304,329,1,,1000.0,1000.0,0.0,,,,,,,27,652
2,504,529,1,,1000.0,1005.0,5.0,,,,,,,27,652
3,704,730,1,,1000.0,950.0,50.0,,,,,,,27,652
4,904,920,1,,1035.0,1020.0,15.0,,,,,,,27,652
5,1111,1124,1,,1070.0,1130.0,60.0,,,,,,,27,652
6,1325,1350,1,,1045.0,1040.0,5.0,,,,,,,27,652
0,104,128,1,,1000.0,1000.0,0.0,,,,,,,27,653
1,304,328,1,,1000.0,1000.0,0.0,,,,,,,27,653
2,504,528,1,,1000.0,955.0,45.0,,,,,,,27,653
3,704,719,1,,2105.0,2150.0,45.0,,,,,,,27,653
4,1125,1149,1,,1045.0,1045.0,0.0,,,,,,,27,653
5,1334,1358,1,,1010.0,1010.0,0.0,,,,,,,27,653
0,104,128,1,,1000.0,1000.0,0.0,,,,,,,27,654
1,304,328,1,,1000.0,955.0,45.0,,,,,,,27,654
2,504,519,1,,2105.0,2150.0,45.0,,,,,,,27,654
3,925,949,1,,1045.0,1045.0,0.0,,,,,,,27,654
4,1134,1158,1,,1990.0,1990.0,0.0,,,,,,,27,654
0,104,128,1,,1000.0,955.0,45.0,,,,,,,27,655
1,304,319,1,,2105.0,2150.0,45.0,,,,,,,27,655
2,725,749,1,,1045.0,1045.0,0.0,,,,,,,27,655
3,934,958,1,,1990.0,1990.0,0.0,,,,,,,27,655
4,1332,1356,1,,995.0,995.0,0.0,,,,,,,27,655
0,104,127,1,,2105.0,2105.0,0.0,,,,,,,27,656
1,525,548,1,,1045.0,1045.0,0.0,,,,,,,27,656
2,734,757,1,,1010.0,1010.0,0.0,,,,,,,27,656
3,936,959,1,,980.0,980.0,0.0,,,,,,,27,656
4,1132,1155,1,,995.0,995.0,0.0,,,,,,,27,656
0,325,347,1,,1045.0,1045.0,0.0,,,,,,,27,657
1,534,556,1,,1010.0,1010.0,0.0,,,,,,,27,657
2,736,758,1,,980.0,980.0,0.0,,,,,,,27,657
3,932,954,1,,995.0,1000.0,5.0,,,,,,,27,657
4,1131,1154,1,,1035.0,1030.0,5.0,,,,,,,27,657
5,1338,1360,1,,1040.0,1040.0,0.0,,,,,,,27,657
0,125,148,1,,1045.0,1045.0,0.0,,,,,,,27,658
1,334,357,1,,1010.0,1005.0,5.0,,,,,,,27,658
2,536,558,1,,980.0,985.0,5.0,,,,,,,27,658
3,732,755,1,,995.0,995.0,0.0,,,,,,,27,658
4,931,954,1,,1035.0,1030.0,5.0,,,,,,,27,658
5,1138,1160,1,,1040.0,1050.0,10.0,,,,,,,27,658
6,1346,1370,1,,1065.0,1060.0,5.0,,,,,,,27,658
0,134,156,1,,1010.0,1010.0,0.0,,,,,,,27,659
1,336,358,1,,980.0,980.0,0.0,,,,,,,27,659
2,532,554,1,,995.0,1000.0,5.0,,,,,,,27,659
3,731,754,1,,1035.0,1030.0,5.0,,,,,,,27,659
4,938,960,1,,1040.0,1040.0,0.0,,,,,,,27,659
5,1146,1168,1,,1065.0,1060.0,5.0,,,,,,,27,659
6,1359,1380,1,,1030.0,1035.0,5.0,,,,,,,27,659
0,136,159,1,,980.0,980.0,0.0,,,,,,,27,660
1,332,355,1,,995.0,995.0,0.0,,,,,,,27,660
2,531,554,1,,1035.0,1035.0,0.0,,,,,,,27,660
3,738,761,1,,1040.0,1045.0,5.0,,,,,,,27,660
4,946,970,1,,1065.0,1060.0,5.0,,,,,,,27,660
5,1159,1182,1,,1030.0,1030.0,0.0,,,,,,,27,660
6,1365,1388,1,,1005.0,1010.0,5.0,,,,,,,27,660
0,132,155,1,,995.0,995.0,0.0,,,,,,,27,661
1,331,354,1,,1035.0,1035.0,0.0,,,,,,,27,661
2,538,561,1,,1040.0,1045.0,5.0,,,,,,,27,661
3,746,770,1,,1065.0,1060.0,5.0,,,,,,,27,661
4,959,982,1,,1030.0,1030.0,0.0,,,,,,,27,661
5,1165,1188,1,,1005.0,1010.0,5.0,,,,,,,27,661
6,1366,1390,1,,1015.0,1005.0,10.0,,,,,,,27,661
0,131,154,1,,1035.0,975.0,60.0,,,,,,,27,662
1,338,349,1,,1040.0,1105.0,65.0,,,,,,,27,662
2,546,570,1,,1065.0,1060.0,5.0,,,,,,,27,662
3,759,782,1,,1030.0,1030.0,0.0,,,,,,,27,662
4,965,988,1,,1005.0,1010.0,5.0,,,,,,,27,662
5,1166,1190,1,,1015.0,1010.0,5.0,,,,,,,27,662
0,138,162,1,,1040.0,1040.0,0.0,,,,,,,27,663
1,346,370,1,,1065.0,1060.0,5.0,,,,,,,27,663
2,559,582,1,,1030.0,990.0,40.0,,,,,,,27,663
3,765,780,1,,1005.0,1050.0,45.0,,,,,,,27,663
4,966,990,1,,1015.0,1020.0,5.0,,,,,,,27,663
5,1169,1194,1,,1050.0,1040.0,10.0,,,,,,,27,663
0,146,170,1,,1065.0,1060.0,5.0,,,,,,,27,664
1,359,382,1,,1030.0,1030.0,0.0,,,,,,,27,664
2,565,588,1,,1005.0,1010.0,5.0,,,,,,,27,664
3,766,790,1,,1015.0,1010.0,5.0,,,,,,,27,664
4,969,992,1,,1050.0,1050.0,0.0,,,,,,,27,664
5,1179,1202,1,,1080.0,1080.0,0.0,,,,,,,27,664
0,159,180,1,,1030.0,1035.0,5.0,,,,,,,27,665
1,365,387,1,,1005.0,1010.0,5.0,,,,,,,27,665
2,566,589,1,,1015.0,1010.0,5.0,,,,,,,27,665
3,769,791,1,,1050.0,1050.0,0.0,,,,,,,27,665
4,979,1001,1,,2140.0,2145.0,5.0,,,,,,,27,665
0,165,179,1,,1005.0,1055.0,50.0,,,,,,,27,666
1,366,390,1,,1015.0,1010.0,5.0,,,,,,,27,666
2,569,592,1,,1050.0,1050.0,0.0,,,,,,,27,666
3,779,802,1,,2140.0,2140.0,0.0,,,,,,,27,666
4,1207,1230,1,,1020.0,1025.0,5.0,,,,,,,27,666
0,166,189,1,,1015.0,1010.0,5.0,,,,,,,27,667
1,369,391,1,,1050.0,1005.0,45.0,,,,,,,27,667
2,579,592,1,,2140.0,2190.0,50.0,,,,,,,27,667
3,1007,1030,1,,1020.0,1020.0,0.0,,,,,,,27,667
4,1211,1234,1,,1000.0,995.0,5.0,,,,,,,27,667
0,169,192,1,,1050.0,1050.0,0.0,,,,,,,27,668
1,379,402,1,,2140.0,2140.0,0.0,,,,,,,27,668
2,807,830,1,,1020.0,1025.0,5.0,,,,,,,27,668
3,1011,1035,1,,1000.0,995.0,5.0,,,,,,,27,668
4,1211,1234,1,,1020.0,1020.0,0.0,,,,,,,27,668
0,179,192,1,,2140.0,2190.0,50.0,,,,,,,27,669
1,607,630,1,,1020.0,1025.0,5.0,,,,,,,27,669
2,811,835,1,,1000.0,995.0,5.0,,,,,,,27,669
3,1011,1034,1,,1020.0,1020.0,0.0,,,,,,,27,669
4,1215,1238,1,,1050.0,1055.0,5.0,,,,,,,27,669
0,407,432,1,,1020.0,1020.0,0.0,,,,,,,27,670
1,611,636,1,,1000.0,995.0,5.0,,,,,,,27,670
2,811,835,1,,1020.0,1020.0,0.0,,,,,,,27,670
3,1015,1039,1,,1050.0,1055.0,5.0,,,,,,,27,670
4,1225,1250,1,,1075.0,1070.0,5.0,,,,,,,27,670
0,207,230,1,,1020.0,1020.0,0.0,,,,,,,27,671
1,411,434,1,,1000.0,995.0,5.0,,,,,,,27,671
2,611,633,1,,1020.0,1025.0,5.0,,,,,,,27,671
3,815,838,1,,1050.0,1050.0,0.0,,,,,,,27,671
4,1025,1048,1,,1075.0,1070.0,5.0,,,,,,,27,671
5,1240,1262,1,,1060.0,1060.0,0.0,,,,,,,27,671
0,211,235,1,,1000.0,995.0,5.0,,,,,,,27,672
1,411,434,1,,1020.0,1020.0,0.0,,,,,,,27,672
2,615,638,1,,1050.0,1055.0,5.0,,,,,,,27,672
3,825,849,1,,1075.0,1070.0,5.0,,,,,,,27,672
4,1040,1063,1,,1060.0,1060.0,0.0,,,,,,,27,672
5,1252,1275,1,,1030.0,1035.0,5.0,,,,,,,27,672
0,211,234,1,,1020.0,1020.0,0.0,,,,,,,27,673
1,415,438,1,,1050.0,1055.0,5.0,,,,,,,27,673
2,625,649,1,,1075.0,1070.0,5.0,,,,,,,27,673
3,840,863,1,,1060.0,1060.0,0.0,,,,,,,27,673
4,1052,1075,1,,1030.0,1035.0,5.0,,,,,,,27,673
5,1258,1282,1,,1005.0,1005.0,0.0,,,,,,,27,673
0,215,240,1,,1050.0,1050.0,0.0,,,,,,,27,674
1,425,450,1,,1075.0,1070.0,5.0,,,,,,,27,674
2,640,664,1,,1060.0,1060.0,0.0,,,,,,,27,674
3,852,876,1,,1030.0,1035.0,5.0,,,,,,,27,674
4,1058,1083,1,,1005.0,1005.0,0.0,,,,,,,27,674
0,225,250,1,,1075.0,1070.0,5.0,,,,,,,27,675
1,440,464,1,,1060.0,1060.0,0.0,,,,,,,27,675
2,652,676,1,,1030.0,1035.0,5.0,,,,,,,27,675
3,858,883,1,,1005.0,1005.0,0.0,,,,,,,27,675
4,1059,1084,1,,2070.0,2070.0,0.0,,,,,,,27,675
0,240,263,1,,1060.0,1060.0,0.0,,,,,,,27,676
1,452,475,1,,1030.0,1035.0,5.0,,,,,,,27,676
2,658,682,1,,1005.0,1005.0,0.0,,,,,,,27,676
3,859,883,1,,2070.0,2065.0,5.0,,,,,,,27,676
4,1273,1296,1,,1045.0,1050.0,5.0,,,,,,,27,676
0,252,275,1,,1030.0,985.0,45.0,,,,,,,27,677
1,458,472,1,,1005.0,1055.0,50.0,,,,,,,27,677
2,659,683,1,,2070.0,2065.0,5.0,,,,,,,27,677
3,1073,1096,1,,1045.0,1050.0,5.0,,,,,,,27,677
4,1282,1306,1,,1025.0,1025.0,0.0,,,,,,,27,677
0,258,272,1,,1005.0,1055.0,50.0,,,,,,,27,678
1,459,483,1,,2070.0,2065.0,5.0,,,,,,,27,678
2,873,896,1,,1045.0,1050.0,5.0,,,,,,,27,678
3,1082,1106,1,,1025.0,1025.0,0.0,,,,,,,27,678
4,1287,1311,1,,1010.0,960.0,50.0,,,,,,,27,678
0,259,284,1,,2070.0,2070.0,0.0,,,,,,,27,679
1,673,698,1,,1045.0,1040.0,5.0,,,,,,,27,679
2,882,906,1,,1025.0,1030.0,5.0,,,,,,,27,679
3,1087,1112,1,,1010.0,960.0,50.0,,,,,,,27,679
4,1289,1304,1,,1025.0,1020.0,5.0,,,,,,,27,679
0,473,498,1,,1045.0,1040.0,5.0,,,,,,,27,680
1,682,706,1,,1025.0,1030.0,5.0,,,,,,,27,680
2,887,912,1,,1010.0,960.0,50.0,,,,,,,27,680
3,1089,1104,1,,1025.0,1070.0,45.0,,,,,,,27,680
0,66,91,1,,1035.0,1035.0,0.0,,,,,,,27,681
1,273,298,1,,1045.0,1050.0,5.0,,,,,,,27,681
2,482,508,1,,1025.0,1025.0,0.0,,,,,,,27,681
3,687,713,1,,1010.0,1005.0,5.0,,,,,,,27,681
4,889,914,1,,1025.0,1025.0,0.0,,,,,,,27,681
5,1094,1119,1,,1050.0,1055.0,5.0,,,,,,,27,681
0,73,98,1,,1045.0,1040.0,5.0,,,,,,,27,682
1,282,306,1,,1025.0,1030.0,5.0,,,,,,,27,682
2,487,512,1,,1010.0,960.0,50.0,,,,,,,27,682
3,689,704,1,,1025.0,1070.0,45.0,,,,,,,27,682
4,894,918,1,,1050.0,1050.0,0.0,,,,,,,27,682
5,1104,1128,1,,1035.0,1030.0,5.0,,,,,,,27,682
6,1311,1334,1,,1010.0,970.0,40.0,,,,,,,27,682
0,82,106,1,,1025.0,1030.0,5.0,,,,,,,27,683
1,287,312,1,,1010.0,960.0,50.0,,,,,,,27,683
2,489,504,1,,1025.0,1070.0,45.0,,,,,,,27,683
3,694,718,1,,1050.0,995.0,55.0,,,,,,,27,683
4,904,917,1,,1035.0,1035.0,0.0,,,,,,,27,683
5,1111,1124,1,,1010.0,1075.0,65.0,,,,,,,27,683
6,1313,1339,1,,990.0,985.0,5.0,,,,,,,27,683
0,87,112,1,,1010.0,960.0,50.0,,,,,,,27,684
1,289,304,1,,1025.0,1070.0,45.0,,,,,,,27,684
2,494,518,1,,1050.0,1050.0,0.0,,,,,,,27,684
3,704,728,1,,1035.0,980.0,55.0,,,,,,,27,684
4,911,924,1,,1010.0,1075.0,65.0,,,,,,,27,684
5,1113,1139,1,,990.0,985.0,5.0,,,,,,,27,684
0,89,104,1,,1025.0,1070.0,45.0,,,,,,,27,685
1,294,318,1,,1050.0,1050.0,0.0,,,,,,,27,685
2,504,528,1,,1035.0,1030.0,5.0,,,,,,,27,685
3,711,734,1,,1010.0,1025.0,15.0,,,,,,,27,685
4,913,939,1,,990.0,985.0,5.0,,,,,,,27,685
5,1111,1136,1,,1970.0,1920.0,50.0,,,,,,,27,685
0,94,118,1,,1050.0,1050.0,0.0,,,,,,,27,686
1,304,328,1,,1035.0,1030.0,5.0,,,,,,,27,686
2,511,534,1,,1010.0,1025.0,15.0,,,,,,,27,686
3,713,739,1,,990.0,980.0,10.0,,,,,,,27,686
4,911,935,1,,1970.0,1970.0,0.0,,,,,,,27,686
5,1305,1329,1,,1025.0,1025.0,0.0,,,,,,,27,686
0,104,128,1,,1035.0,1030.0,5.0,,,,,,,27,687
1,311,334,1,,1010.0,1025.0,15.0,,,,,,,27,687
2,513,539,1,,990.0,980.0,10.0,,,,,,,27,687
3,711,735,1,,1970.0,1970.0,0.0,,,,,,,27,687
4,1105,1129,1,,1025.0,1025.0,0.0,,,,,,,27,687
0,111,134,1,,1010.0,1020.0,10.0,,,,,,,27,688
1,313,338,1,,990.0,980.0,10.0,,,,,,,27,688
2,511,534,1,,1970.0,1970.0,0.0,,,,,,,27,688
3,905,928,1,,1025.0,1030.0,5.0,,,,,,,27,688
4,1110,1134,1,,1040.0,1040.0,0.0,,,,,,,27,688
0,113,138,1,,990.0,980.0,10.0,,,,,,,27,689
1,311,334,1,,1970.0,1970.0,0.0,,,,,,,27,689
2,705,728,1,,1025.0,1030.0,5.0,,,,,,,27,689
3,910,934,1,,1040.0,1040.0,0.0,,,,,,,27,689
4,1118,1142,1,,1005.0,1010.0,5.0,,,,,,,27,689
0,111,135,1,,1970.0,1970.0,0.0,,,,,,,27,690
1,505,529,1,,1025.0,1025.0,0.0,,,,,,,27,690
2,710,734,1,,1040.0,1045.0,5.0,,,,,,,27,690
3,918,943,1,,1005.0,1010.0,5.0,,,,,,,27,690
4,1119,1145,1,,970.0,965.0,5.0,,,,,,,27,690
0,305,329,1,,1025.0,1025.0,0.0,,,,,,,27,691
1,510,534,1,,1040.0,1045.0,5.0,,,,,,,27,691
2,718,743,1,,1005.0,1010.0,5.0,,,,,,,27,691
3,919,945,1,,970.0,965.0,5.0,,,,,,,27,691
4,1113,1138,1,,985.0,985.0,0.0,,,,,,,27,691
5,1310,1335,1,,1000.0,995.0,5.0,,,,,,,27,691
0,105,129,1,,1025.0,1025.0,0.0,,,,,,,27,692
1,310,334,1,,1040.0,1045.0,5.0,,,,,,,27,692
2,518,543,1,,1005.0,1010.0,5.0,,,,,,,27,692
3,719,745,1,,970.0,965.0,5.0,,,,,,,27,692
4,913,938,1,,985.0,985.0,0.0,,,,,,,27,692
5,1110,1135,1,,1000.0,995.0,5.0,,,,,,,27,692
6,1310,1334,1,,1020.0,1020.0,0.0,,,,,,,27,692
0,110,134,1,,1040.0,1045.0,5.0,,,,,,,27,693
1,318,343,1,,1005.0,1010.0,5.0,,,,,,,27,693
2,519,545,1,,970.0,965.0,5.0,,,,,,,27,693
3,713,738,1,,985.0,985.0,0.0,,,,,,,27,693
4,910,935,1,,1000.0,995.0,5.0,,,,,,,27,693
5,1110,1134,1,,1020.0,1020.0,0.0,,,,,,,27,693
0,118,142,1,,1005.0,1010.0,5.0,,,,,,,27,694
1,319,344,1,,970.0,970.0,0.0,,,,,,,27,694
2,513,538,1,,1985.0,1980.0,5.0,,,,,,,27,694
3,910,934,1,,1020.0,1020.0,0.0,,,,,,,27,694
4,1114,1138,1,,1030.0,1030.0,0.0,,,,,,,27,694
5,1320,1344,1,,1000.0,995.0,5.0,,,,,,,27,694
0,313,338,1,,1985.0,1980.0,5.0,,,,,,,27,695
1,710,734,1,,1020.0,1020.0,0.0,,,,,,,27,695
2,914,938,1,,2030.0,2030.0,0.0,,,,,,,27,695
0,113,138,1,,985.0,985.0,0.0,,,,,,,27,696
1,310,335,1,,1000.0,995.0,5.0,,,,,,,27,696
2,510,534,1,,1020.0,1020.0,0.0,,,,,,,27,696
3,714,738,1,,2030.0,2030.0,0.0,,,,,,,27,696
4,1120,1144,1,,1010.0,1015.0,5.0,,,,,,,27,696
5,1322,1347,1,,1005.0,1000.0,5.0,,,,,,,27,696
0,110,135,1,,1000.0,995.0,5.0,,,,,,,27,697
1,310,334,1,,1020.0,1020.0,0.0,,,,,,,27,697
2,514,538,1,,2030.0,2030.0,0.0,,,,,,,27,697
3,920,944,1,,1010.0,1015.0,5.0,,,,,,,27,697
4,1122,1147,1,,1005.0,1000.0,5.0,,,,,,,27,697
0,110,134,1,,1020.0,1020.0,0.0,,,,,,,27,698
1,314,338,1,,1030.0,1030.0,0.0,,,,,,,27,698
2,520,544,1,,1000.0,1000.0,0.0,,,,,,,27,698
3,720,744,1,,1010.0,1010.0,0.0,,,,,,,27,698
4,922,946,1,,1005.0,1000.0,5.0,,,,,,,27,698
5,1123,1146,1,,1010.0,1010.0,0.0,,,,,,,27,698
0,114,138,1,,2030.0,2030.0,0.0,,,,,,,27,699
1,520,544,1,,2015.0,2010.0,5.0,,,,,,,27,699
2,923,946,1,,1985.0,1995.0,10.0,,,,,,,27,699
0,320,344,1,,2015.0,2010.0,5.0,,,,,,,27,700
1,723,746,1,,1985.0,1995.0,10.0,,,,,,,27,700
2,1120,1145,1,,995.0,990.0,5.0,,,,,,,27,700
0,322,347,1,,1005.0,1000.0,5.0,,,,,,,27,701
1,523,547,1,,1010.0,1015.0,5.0,,,,,,,27,701
2,725,750,1,,975.0,980.0,5.0,,,,,,,27,701
3,920,946,1,,995.0,990.0,5.0,,,,,,,27,701
0,122,147,1,,1005.0,1000.0,5.0,,,,,,,27,702
1,323,347,1,,1010.0,1015.0,5.0,,,,,,,27,702
2,525,550,1,,975.0,980.0,5.0,,,,,,,27,702
3,720,746,1,,995.0,990.0,5.0,,,,,,,27,702
4,919,944,1,,1030.0,1030.0,0.0,,,,,,,27,702
0,123,146,1,,1010.0,1010.0,0.0,,,,,,,27,703
1,325,348,1,,975.0,980.0,5.0,,,,,,,27,703
2,520,544,1,,995.0,995.0,0.0,,,,,,,27,703
3,719,743,1,,2070.0,2065.0,5.0,,,,,,,27,703
0,125,148,1,,975.0,980.0,5.0,,,,,,,27,704
1,320,344,1,,995.0,990.0,5.0,,,,,,,27,704
2,519,542,1,,1030.0,990.0,40.0,,,,,,,27,704
3,725,740,1,,1040.0,1070.0,30.0,,,,,,,27,704
4,933,954,1,,1080.0,1090.0,10.0,,,,,,,27,704
5,1149,1172,1,,1025.0,1025.0,0.0,,,,,,,27,704
0,120,144,1,,995.0,995.0,0.0,,,,,,,27,705
1,319,343,1,,2070.0,2065.0,5.0,,,,,,,27,705
2,733,756,1,,2105.0,2110.0,5.0,,,,,,,27,705
3,1154,1178,1,,1005.0,1005.0,0.0,,,,,,,27,705
4,1355,1379,1,,1050.0,1045.0,5.0,,,,,,,27,705
0,119,143,1,,2070.0,2065.0,5.0,,,,,,,27,706
1,533,556,1,,1080.0,1080.0,0.0,,,,,,,27,706
2,749,772,1,,1025.0,1030.0,5.0,,,,,,,27,706
3,954,978,1,,1005.0,1005.0,0.0,,,,,,,27,706
4,1155,1179,1,,1050.0,1045.0,5.0,,,,,,,27,706
0,125,149,1,,1040.0,1035.0,5.0,,,,,,,27,707
1,333,356,1,,1080.0,1080.0,0.0,,,,,,,27,707
2,549,572,1,,1025.0,1030.0,5.0,,,,,,,27,707
3,754,778,1,,1005.0,1005.0,0.0,,,,,,,27,707
4,955,979,1,,1050.0,1045.0,5.0,,,,,,,27,707
0,133,154,1,,1080.0,1090.0,10.0,,,,,,,27,708
1,349,372,1,,1025.0,1025.0,0.0,,,,,,,27,708
2,554,577,1,,1005.0,1005.0,0.0,,,,,,,27,708
3,755,778,1,,1050.0,1040.0,10.0,,,,,,,27,708
4,965,986,1,,1070.0,1015.0,55.0,,,,,,,27,708
5,1179,1189,1,,1035.0,1100.0,65.0,,,,,,,27,708
0,149,172,1,,1025.0,1025.0,0.0,,,,,,,27,709
1,354,377,1,,1005.0,1005.0,0.0,,,,,,,27,709
2,555,578,1,,1050.0,1040.0,10.0,,,,,,,27,709
3,765,786,1,,1070.0,1015.0,55.0,,,,,,,27,709
4,979,989,1,,1035.0,1100.0,65.0,,,,,,,27,709
5,1186,1209,1,,995.0,995.0,0.0,,,,,,,27,709
0,154,178,1,,1005.0,1000.0,5.0,,,,,,,27,710
1,355,378,1,,1050.0,1040.0,10.0,,,,,,,27,710
2,565,586,1,,1070.0,1015.0,55.0,,,,,,,27,710
3,779,789,1,,1035.0,1100.0,65.0,,,,,,,27,710
4,986,1009,1,,995.0,995.0,0.0,,,,,,,27,710
5,1185,1208,1,,960.0,965.0,5.0,,,,,,,27,710
0,155,179,1,,1050.0,1045.0,5.0,,,,,,,27,711
1,365,388,1,,2105.0,2110.0,5.0,,,,,,,27,711
2,786,810,1,,1955.0,1965.0,10.0,,,,,,,27,711
0,165,188,1,,2105.0,2110.0,5.0,,,,,,,27,712
1,586,610,1,,1955.0,1965.0,10.0,,,,,,,27,712
2,977,1003,1,,2000.0,1945.0,55.0,,,,,,,27,712
0,179,189,1,,1035.0,1100.0,65.0,,,,,,,27,713
1,386,409,1,,995.0,995.0,0.0,,,,,,,27,713
2,585,608,1,,960.0,965.0,5.0,,,,,,,27,713
3,777,801,1,,980.0,975.0,5.0,,,,,,,27,713
4,973,996,1,,1020.0,1020.0,0.0,,,,,,,27,713
5,1177,1200,1,,1015.0,1010.0,5.0,,,,,,,27,713
0,186,210,1,,1955.0,1965.0,10.0,,,,,,,27,714
1,577,603,1,,2000.0,1990.0,10.0,,,,,,,27,714
2,977,1001,1,,1015.0,1010.0,5.0,,,,,,,27,714
3,1180,1203,1,,985.0,990.0,5.0,,,,,,,27,714
4,1377,1401,1,,955.0,950.0,5.0,,,,,,,27,714
0,377,401,1,,980.0,975.0,5.0,,,,,,,27,715
1,573,596,1,,1020.0,1020.0,0.0,,,,,,,27,715
2,777,800,1,,1015.0,1010.0,5.0,,,,,,,27,715
3,980,1002,1,,985.0,990.0,5.0,,,,,,,27,715
4,1177,1200,1,,955.0,955.0,0.0,,,,,,,27,715
5,1368,1391,1,,970.0,970.0,0.0,,,,,,,27,715
0,177,202,1,,2000.0,1950.0,50.0,,,,,,,27,716
1,577,592,1,,1015.0,1060.0,45.0,,,,,,,27,716
2,780,804,1,,1940.0,1940.0,0.0,,,,,,,27,716
3,1168,1192,1,,970.0,970.0,0.0,,,,,,,27,716
4,1362,1386,1,,1015.0,1010.0,5.0,,,,,,,27,716
0,173,198,1,,1020.0,1020.0,0.0,,,,,,,27,717
1,377,402,1,,1015.0,1010.0,5.0,,,,,,,27,717
2,580,604,1,,985.0,990.0,5.0,,,,,,,27,717
3,777,802,1,,955.0,955.0,0.0,,,,,,,27,717
4,968,993,1,,970.0,970.0,0.0,,,,,,,27,717
5,1162,1187,1,,1015.0,1015.0,0.0,,,,,,,27,717
0,177,192,1,,1015.0,1055.0,40.0,,,,,,,27,718
1,380,403,1,,985.0,990.0,5.0,,,,,,,27,718
2,577,601,1,,955.0,955.0,0.0,,,,,,,27,718
3,768,792,1,,970.0,970.0,0.0,,,,,,,27,718
4,962,986,1,,1015.0,1010.0,5.0,,,,,,,27,718
5,1165,1188,1,,1035.0,1040.0,5.0,,,,,,,27,718
0,180,204,1,,985.0,985.0,0.0,,,,,,,27,719
1,377,401,1,,955.0,955.0,0.0,,,,,,,27,719
2,568,592,1,,970.0,970.0,0.0,,,,,,,27,719
3,762,786,1,,1015.0,1010.0,5.0,,,,,,,27,719
4,965,988,1,,1035.0,1040.0,5.0,,,,,,,27,719
0,177,201,1,,955.0,955.0,0.0,,,,,,,27,720
1,368,392,1,,970.0,970.0,0.0,,,,,,,27,720
2,562,586,1,,1015.0,1010.0,5.0,,,,,,,27,720
3,765,788,1,,1035.0,1040.0,5.0,,,,,,,27,720
4,972,996,1,,2035.0,2035.0,0.0,,,,,,,27,720
0,168,192,1,,970.0,970.0,0.0,,,,,,,27,721
1,362,386,1,,1015.0,1010.0,5.0,,,,,,,27,721
2,565,588,1,,1035.0,1040.0,5.0,,,,,,,27,721
3,772,796,1,,2035.0,2035.0,0.0,,,,,,,27,721
4,1179,1203,1,,1000.0,1000.0,0.0,,,,,,,27,721
0,162,186,1,,1015.0,1010.0,5.0,,,,,,,27,722
1,365,388,1,,1035.0,1040.0,5.0,,,,,,,27,722
2,572,596,1,,2035.0,2035.0,0.0,,,,,,,27,722
3,979,1003,1,,1000.0,1000.0,0.0,,,,,,,27,722
4,1179,1203,1,,1050.0,1045.0,5.0,,,,,,,27,722
0,165,188,1,,1035.0,1040.0,5.0,,,,,,,27,723
1,372,396,1,,2035.0,2035.0,0.0,,,,,,,27,723
2,779,803,1,,1000.0,1000.0,0.0,,,,,,,27,723
3,979,1003,1,,1050.0,1045.0,5.0,,,,,,,27,723
4,1189,1212,1,,1060.0,1060.0,0.0,,,,,,,27,723
0,172,195,1,,1025.0,1025.0,0.0,,,,,,,27,724
1,377,400,1,,1010.0,1015.0,5.0,,,,,,,27,724
2,579,603,1,,1000.0,995.0,5.0,,,,,,,27,724
3,779,802,1,,1050.0,1045.0,5.0,,,,,,,27,724
4,989,1011,1,,1060.0,1060.0,0.0,,,,,,,27,724
5,1201,1223,1,,1020.0,1025.0,5.0,,,,,,,27,724
0,379,403,1,,2050.0,2040.0,10.0,,,,,,,27,725
1,789,811,1,,1060.0,1060.0,0.0,,,,,,,27,725
2,1001,1023,1,,1020.0,1025.0,5.0,,,,,,,27,725
3,1205,1228,1,,1000.0,1005.0,5.0,,,,,,,27,725
0,179,204,1,,1000.0,1000.0,0.0,,,,,,,27,726
1,379,404,1,,1050.0,1040.0,10.0,,,,,,,27,726
2,589,612,1,,1060.0,1060.0,0.0,,,,,,,27,726
3,801,824,1,,1020.0,1030.0,10.0,,,,,,,27,726
0,179,203,1,,1050.0,1045.0,5.0,,,,,,,27,727
1,389,412,1,,1060.0,1060.0,0.0,,,,,,,27,727
2,601,624,1,,1020.0,1030.0,10.0,,,,,,,27,727
3,805,830,1,,1000.0,1000.0,0.0,,,,,,,27,727
4,1005,1030,1,,1020.0,1015.0,5.0,,,,,,,27,727
5,1209,1233,1,,1035.0,1035.0,0.0,,,,,,,27,727
0,189,214,1,,1060.0,1060.0,0.0,,,,,,,27,728
1,401,426,1,,1020.0,1020.0,0.0,,,,,,,27,728
2,605,630,1,,1000.0,1005.0,5.0,,,,,,,27,728
3,805,831,1,,1020.0,1015.0,5.0,,,,,,,27,728
4,1009,1034,1,,2090.0,2090.0,0.0,,,,,,,27,728
0,201,223,1,,1020.0,1025.0,5.0,,,,,,,27,729
1,405,428,1,,1000.0,1000.0,0.0,,,,,,,27,729
2,605,628,1,,1020.0,1020.0,0.0,,,,,,,27,729
3,809,832,1,,1035.0,1030.0,5.0,,,,,,,27,729
4,1016,1038,1,,1055.0,1060.0,5.0,,,,,,,27,729
5,1227,1250,1,,1045.0,1045.0,0.0,,,,,,,27,729
0,205,230,1,,1000.0,1005.0,5.0,,,,,,,27,730
1,405,431,1,,3110.0,3105.0,5.0,,,,,,,27,730
2,1027,1052,1,,1045.0,1050.0,5.0,,,,,,,27,730
0,205,230,1,,2055.0,2050.0,5.0,,,,,,,27,731
1,616,640,1,,1055.0,1050.0,5.0,,,,,,,27,731
2,827,850,1,,1045.0,1050.0,5.0,,,,,,,27,731
3,1036,1060,1,,2035.0,2030.0,5.0,,,,,,,27,731
0,209,234,1,,1035.0,1030.0,5.0,,,,,,,27,732
1,416,440,1,,1055.0,1050.0,5.0,,,,,,,27,732
2,627,650,1,,1045.0,1050.0,5.0,,,,,,,27,732
3,836,860,1,,2035.0,2030.0,5.0,,,,,,,27,732
4,1243,1266,1,,1010.0,1010.0,0.0,,,,,,,27,732
0,216,240,1,,1055.0,1050.0,5.0,,,,,,,27,733
1,427,450,1,,1045.0,1050.0,5.0,,,,,,,27,733
2,636,660,1,,2035.0,2030.0,5.0,,,,,,,27,733
3,1043,1066,1,,1010.0,1010.0,0.0,,,,,,,27,733
4,1245,1268,1,,1050.0,1045.0,5.0,,,,,,,27,733
0,227,252,1,,1045.0,1050.0,5.0,,,,,,,27,734
1,436,462,1,,2035.0,2025.0,10.0,,,,,,,27,734
2,843,867,1,,2060.0,2055.0,5.0,,,,,,,27,734
3,1255,1278,1,,1030.0,1035.0,5.0,,,,,,,27,734
0,236,262,1,,2035.0,2025.0,10.0,,,,,,,27,735
1,643,667,1,,2060.0,2055.0,5.0,,,,,,,27,735
2,1055,1078,1,,1030.0,1035.0,5.0,,,,,,,27,735
3,1261,1285,1,,1040.0,1035.0,5.0,,,,,,,27,735
0,443,467,1,,2060.0,2055.0,5.0,,,,,,,27,736
1,855,878,1,,1030.0,1035.0,5.0,,,,,,,27,736
2,1061,1085,1,,2030.0,2025.0,5.0,,,,,,,27,736
0,243,267,1,,2060.0,2055.0,5.0,,,,,,,27,737
1,655,678,1,,1030.0,1035.0,5.0,,,,,,,27,737
2,861,885,1,,2030.0,2025.0,5.0,,,,,,,27,737
0,455,478,1,,1030.0,1035.0,5.0,,,,,,,27,738
1,661,685,1,,1040.0,1035.0,5.0,,,,,,,27,738
2,869,892,1,,990.0,990.0,0.0,,,,,,,27,738
3,1067,1090,1,,970.0,975.0,5.0,,,,,,,27,738
0,255,278,1,,1030.0,1040.0,10.0,,,,,,,27,739
1,461,486,1,,1040.0,1035.0,5.0,,,,,,,27,739
2,669,693,1,,990.0,995.0,5.0,,,,,,,27,739
3,867,892,1,,970.0,970.0,0.0,,,,,,,27,739
4,1061,1086,1,,1005.0,1005.0,0.0,,,,,,,27,739
0,261,285,1,,1040.0,1035.0,5.0,,,,,,,27,740
1,469,492,1,,990.0,990.0,0.0,,,,,,,27,740
2,667,690,1,,970.0,975.0,5.0,,,,,,,27,740
3,861,885,1,,1005.0,1005.0,0.0,,,,,,,27,740
0,61,85,1,,1040.0,1035.0,5.0,,,,,,,27,741
1,269,292,1,,990.0,990.0,0.0,,,,,,,27,741
2,467,490,1,,970.0,975.0,5.0,,,,,,,27,741
3,661,685,1,,1005.0,1005.0,0.0,,,,,,,27,741
4,862,886,1,,3015.0,3015.0,0.0,,,,,,,27,741
0,69,92,1,,990.0,990.0,0.0,,,,,,,27,742
1,267,290,1,,4990.0,4995.0,5.0,,,,,,,27,742
2,1265,1289,1,,970.0,970.0,0.0,,,,,,,27,742
0,67,90,1,,4990.0,4995.0,5.0,,,,,,,27,743
1,1065,1089,1,,970.0,970.0,0.0,,,,,,,27,743
2,1259,1283,1,,990.0,985.0,5.0,,,,,,,27,743
0,61,85,1,,1005.0,1005.0,0.0,,,,,,,27,744
1,262,286,1,,3015.0,3015.0,0.0,,,,,,,27,744
2,865,889,1,,970.0,970.0,0.0,,,,,,,27,744
3,1059,1083,1,,990.0,985.0,5.0,,,,,,,27,744
4,1257,1280,1,,1040.0,1045.0,5.0,,,,,,,27,744
0,62,87,1,,2035.0,2035.0,0.0,,,,,,,27,745
1,469,494,1,,980.0,980.0,0.0,,,,,,,27,745
2,665,690,1,,970.0,970.0,0.0,,,,,,,27,745
3,859,884,1,,990.0,990.0,0.0,,,,,,,27,745
4,1057,1082,1,,2085.0,2080.0,5.0,,,,,,,27,745
0,465,489,1,,970.0,970.0,0.0,,,,,,,27,746
1,659,683,1,,990.0,985.0,5.0,,,,,,,27,746
2,857,880,1,,2085.0,2090.0,5.0,,,,,,,27,746
3,1274,1298,1,,1045.0,1045.0,0.0,,,,,,,27,746
0,265,289,1,,970.0,970.0,0.0,,,,,,,27,747
1,459,483,1,,990.0,940.0,50.0,,,,,,,27,747
2,657,671,1,,2085.0,2135.0,50.0,,,,,,,27,747
3,1074,1098,1,,1045.0,1045.0,0.0,,,,,,,27,747
4,1283,1307,1,,1010.0,1010.0,0.0,,,,,,,27,747
0,65,80,1,,970.0,1020.0,50.0,,,,,,,27,748
1,259,284,1,,3075.0,3070.0,5.0,,,,,,,27,748
2,874,898,1,,1045.0,1050.0,5.0,,,,,,,27,748
3,1083,1108,1,,1010.0,1010.0,0.0,,,,,,,27,748
0,257,272,1,,2085.0,2130.0,45.0,,,,,,,27,749
1,674,698,1,,1045.0,1050.0,5.0,,,,,,,27,749
2,883,908,1,,1010.0,1010.0,0.0,,,,,,,27,749
3,1085,1110,1,,975.0,980.0,5.0,,,,,,,27,749
0,474,498,1,,1045.0,1050.0,5.0,,,,,,,27,750
1,683,708,1,,1010.0,1010.0,0.0,,,,,,,27,750
2,885,910,1,,975.0,980.0,5.0,,,,,,,27,750
3,1080,1106,1,,2000.0,1990.0,10.0,,,,,,,27,750
0,274,298,1,,1045.0,1050.0,5.0,,,,,,,27,751
1,483,508,1,,1010.0,1010.0,0.0,,,,,,,27,751
2,685,710,1,,975.0,980.0,5.0,,,,,,,27,751
3,880,906,1,,2000.0,1990.0,10.0,,,,,,,27,751
4,1280,1304,1,,1020.0,1020.0,0.0,,,,,,,27,751
0,74,98,1,,1045.0,1050.0,5.0,,,,,,,27,752
1,283,308,1,,1010.0,1010.0,0.0,,,,,,,27,752
2,485,510,1,,975.0,980.0,5.0,,,,,,,27,752
3,680,706,1,,2000.0,1990.0,10.0,,,,,,,27,752
4,1080,1104,1,,1020.0,1020.0,0.0,,,,,,,27,752
5,1284,1308,1,,1025.0,1030.0,5.0,,,,,,,27,752
0,83,108,1,,1010.0,1010.0,0.0,,,,,,,27,753
1,285,310,1,,975.0,980.0,5.0,,,,,,,27,753
2,480,506,1,,2000.0,1990.0,10.0,,,,,,,27,753
3,880,904,1,,1020.0,1020.0,0.0,,,,,,,27,753
4,1084,1108,1,,1025.0,1030.0,5.0,,,,,,,27,753
5,1289,1314,1,,1025.0,1020.0,5.0,,,,,,,27,753
0,85,110,1,,975.0,975.0,0.0,,,,,,,27,754
1,280,305,1,,2000.0,1995.0,5.0,,,,,,,27,754
2,680,704,1,,1020.0,1020.0,0.0,,,,,,,27,754
3,884,908,1,,1025.0,1030.0,5.0,,,,,,,27,754
4,1089,1114,1,,1025.0,1020.0,5.0,,,,,,,27,754
5,1294,1318,1,,1030.0,1030.0,0.0,,,,,,,27,754
0,80,105,1,,2000.0,1955.0,45.0,,,,,,,27,755
1,480,496,1,,1020.0,1060.0,40.0,,,,,,,27,755
2,684,708,1,,1025.0,1030.0,5.0,,,,,,,27,755
3,889,914,1,,1025.0,1020.0,5.0,,,,,,,27,755
4,1094,1118,1,,1030.0,1030.0,0.0,,,,,,,27,755
0,280,304,1,,1020.0,1020.0,0.0,,,,,,,27,756
1,484,508,1,,1025.0,1030.0,5.0,,,,,,,27,756
2,689,714,1,,1025.0,1020.0,5.0,,,,,,,27,756
3,894,918,1,,1030.0,1030.0,0.0,,,,,,,27,756
4,1100,1124,1,,1015.0,1020.0,5.0,,,,,,,27,756
5,1303,1328,1,,990.0,940.0,50.0,,,,,,,27,756
0,80,104,1,,1020.0,1020.0,0.0,,,,,,,27,757
1,284,308,1,,1025.0,1030.0,5.0,,,,,,,27,757
2,489,514,1,,1025.0,1020.0,5.0,,,,,,,27,757
3,694,718,1,,1030.0,1030.0,0.0,,,,,,,27,757
4,900,924,1,,1015.0,1020.0,5.0,,,,,,,27,757
5,1103,1128,1,,990.0,940.0,50.0,,,,,,,27,757
0,84,108,1,,1025.0,1030.0,5.0,,,,,,,27,758
1,289,314,1,,1025.0,1020.0,5.0,,,,,,,27,758
2,494,518,1,,1030.0,1030.0,0.0,,,,,,,27,758
3,700,724,1,,1015.0,1020.0,5.0,,,,,,,27,758
4,903,928,1,,990.0,940.0,50.0,,,,,,,27,758
5,1101,1116,1,,2030.0,2025.0,5.0,,,,,,,27,758
0,89,114,1,,1025.0,1020.0,5.0,,,,,,,27,759
1,294,318,1,,1030.0,1030.0,0.0,,,,,,,27,759
2,500,524,1,,1015.0,1020.0,5.0,,,,,,,27,759
3,703,728,1,,990.0,940.0,50.0,,,,,,,27,759
4,901,916,1,,2030.0,2080.0,50.0,,,,,,,27,759
0,94,118,1,,1030.0,1030.0,0.0,,,,,,,27,760
1,300,324,1,,1015.0,1020.0,5.0,,,,,,,27,760
2,503,528,1,,3020.0,3020.0,0.0,,,,,,,27,760
3,1107,1132,1,,1050.0,1000.0,50.0,,,,,,,27,760
0,100,124,1,,1015.0,1020.0,5.0,,,,,,,27,761
1,303,328,1,,3020.0,3020.0,0.0,,,,,,,27,761
2,907,932,1,,1050.0,1000.0,50.0,,,,,,,27,761
3,1117,1132,1,,1045.0,1090.0,45.0,,,,,,,27,761
0,301,325,1,,4125.0,4120.0,5.0,,,,,,,27,762
1,1126,1149,1,,1025.0,1035.0,10.0,,,,,,,27,762
2,1331,1356,1,,1000.0,995.0,5.0,,,,,,,27,762
0,717,732,1,,1045.0,1085.0,40.0,,,,,,,27,763
1,926,949,1,,1025.0,1035.0,10.0,,,,,,,27,763
2,1131,1156,1,,1000.0,995.0,5.0,,,,,,,27,763
0,307,320,1,,1050.0,1045.0,5.0,,,,,,,27,764
1,517,529,1,,1045.0,1100.0,55.0,,,,,,,27,764
2,726,749,1,,1025.0,1035.0,10.0,,,,,,,27,764
3,931,956,1,,1000.0,995.0,5.0,,,,,,,27,764
4,1131,1155,1,,2015.0,2015.0,0.0,,,,,,,27,764
0,107,132,1,,1050.0,1000.0,50.0,,,,,,,27,765
1,317,332,1,,1045.0,1090.0,45.0,,,,,,,27,765
2,526,550,1,,2025.0,2030.0,5.0,,,,,,,27,765
3,931,956,1,,2015.0,2015.0,0.0,,,,,,,27,765
4,1334,1359,1,,1045.0,1040.0,5.0,,,,,,,27,765
0,117,132,1,,1045.0,1090.0,45.0,,,,,,,27,766
1,326,350,1,,1025.0,985.0,40.0,,,,,,,27,766
2,531,547,1,,1000.0,1045.0,45.0,,,,,,,27,766
3,731,756,1,,2015.0,2015.0,0.0,,,,,,,27,766
4,1134,1159,1,,1045.0,1045.0,0.0,,,,,,,27,766
0,126,150,1,,1025.0,985.0,40.0,,,,,,,27,767
1,331,347,1,,1000.0,1045.0,45.0,,,,,,,27,767
2,531,556,1,,2015.0,2010.0,5.0,,,,,,,27,767
3,934,958,1,,1045.0,1050.0,5.0,,,,,,,27,767
4,1143,1168,1,,1045.0,1040.0,5.0,,,,,,,27,767
5,1352,1376,1,,1035.0,1040.0,5.0,,,,,,,27,767
0,131,147,1,,1000.0,1045.0,45.0,,,,,,,27,768
1,331,356,1,,2015.0,2010.0,5.0,,,,,,,27,768
2,734,758,1,,1045.0,1050.0,5.0,,,,,,,27,768
3,943,968,1,,1045.0,1040.0,5.0,,,,,,,27,768
4,1152,1176,1,,1035.0,1040.0,5.0,,,,,,,27,768
5,1359,1384,1,,1000.0,1000.0,0.0,,,,,,,27,768
0,131,156,1,,2015.0,2015.0,0.0,,,,,,,27,769
1,534,559,1,,1045.0,1045.0,0.0,,,,,,,27,769
2,743,768,1,,1045.0,1040.0,5.0,,,,,,,27,769
3,952,976,1,,1035.0,1040.0,5.0,,,,,,,27,769
0,334,358,1,,2090.0,2090.0,0.0,,,,,,,27,770
1,752,776,1,,1035.0,1030.0,5.0,,,,,,,27,770
2,959,982,1,,1000.0,1010.0,10.0,,,,,,,27,770
0,134,158,1,,2090.0,2090.0,0.0,,,,,,,27,771
1,552,576,1,,2035.0,2040.0,5.0,,,,,,,27,771
2,959,984,1,,1940.0,1935.0,5.0,,,,,,,27,771
0,352,374,1,,1035.0,1040.0,5.0,,,,,,,27,772
1,559,582,1,,1000.0,1000.0,0.0,,,,,,,27,772
2,759,782,1,,1940.0,1940.0,0.0,,,,,,,27,772
3,1147,1170,1,,985.0,980.0,5.0,,,,,,,27,772
0,152,174,1,,1035.0,1035.0,0.0,,,,,,,27,773
1,359,381,1,,1975.0,1975.0,0.0,,,,,,,27,773
2,754,776,1,,965.0,965.0,0.0,,,,,,,27,773
3,947,969,1,,985.0,935.0,50.0,,,,,,,27,773
4,1144,1156,1,,2100.0,2150.0,50.0,,,,,,,27,773
0,159,181,1,,2940.0,2940.0,0.0,,,,,,,27,774
1,747,769,1,,985.0,935.0,50.0,,,,,,,27,774
2,944,956,1,,2100.0,2150.0,50.0,,,,,,,27,774
0,159,182,1,,1940.0,1940.0,0.0,,,,,,,27,775
1,547,570,1,,985.0,980.0,5.0,,,,,,,27,775
2,744,766,1,,2100.0,2100.0,0.0,,,,,,,27,775
3,1164,1186,1,,1060.0,1060.0,0.0,,,,,,,27,775
0,964,986,1,,1060.0,1060.0,0.0,,,,,,,27,776
1,1176,1198,1,,1075.0,1070.0,5.0,,,,,,,27,776
0,344,366,1,,2100.0,2100.0,0.0,,,,,,,27,777
1,764,786,1,,1060.0,1060.0,0.0,,,,,,,27,777
2,976,998,1,,1075.0,1080.0,5.0,,,,,,,27,777
3,1191,1214,1,,1040.0,1040.0,0.0,,,,,,,27,777
0,144,166,1,,2100.0,2100.0,0.0,,,,,,,27,778
1,564,586,1,,1060.0,1060.0,0.0,,,,,,,27,778
2,776,798,1,,1075.0,1080.0,5.0,,,,,,,27,778
3,991,1014,1,,1040.0,1040.0,0.0,,,,,,,27,778
0,364,386,1,,1060.0,1060.0,0.0,,,,,,,27,779
1,576,598,1,,1075.0,1080.0,5.0,,,,,,,27,779
2,791,814,1,,1040.0,1040.0,0.0,,,,,,,27,779
3,999,1022,1,,1040.0,1040.0,0.0,,,,,,,27,779
0,164,186,1,,1060.0,1060.0,0.0,,,,,,,27,780
1,376,398,1,,1075.0,1080.0,5.0,,,,,,,27,780
2,591,614,1,,1040.0,1040.0,0.0,,,,,,,27,780
3,799,822,1,,1040.0,1040.0,0.0,,,,,,,27,780
4,1007,1030,1,,1045.0,1040.0,5.0,,,,,,,27,780
5,1216,1238,1,,1055.0,1010.0,45.0,,,,,,,27,780
0,176,198,1,,1075.0,1080.0,5.0,,,,,,,27,781
1,391,414,1,,1040.0,1040.0,0.0,,,,,,,27,781
2,599,622,1,,1040.0,1040.0,0.0,,,,,,,27,781
3,807,830,1,,1045.0,1040.0,5.0,,,,,,,27,781
4,1016,1038,1,,1055.0,1060.0,5.0,,,,,,,27,781
5,1227,1250,1,,1020.0,1015.0,5.0,,,,,,,27,781
0,191,214,1,,1040.0,1040.0,0.0,,,,,,,27,782
1,399,422,1,,1040.0,1040.0,0.0,,,,,,,27,782
2,607,630,1,,2100.0,2100.0,0.0,,,,,,,27,782
3,1027,1050,1,,2005.0,2010.0,5.0,,,,,,,27,782
0,199,220,1,,3140.0,3140.0,0.0,,,,,,,27,783
0,207,232,1,,1045.0,1045.0,0.0,,,,,,,27,784
1,416,441,1,,1055.0,1050.0,5.0,,,,,,,27,784
0,216,238,1,,1055.0,1060.0,5.0,,,,,,,27,785
1,427,450,1,,1020.0,1015.0,5.0,,,,,,,27,785
2,631,653,1,,985.0,990.0,5.0,,,,,,,27,785
3,828,851,1,,1965.0,1965.0,0.0,,,,,,,27,785
0,227,250,1,,1020.0,1015.0,5.0,,,,,,,27,786
1,431,453,1,,985.0,990.0,5.0,,,,,,,27,786
2,628,651,1,,1965.0,1965.0,0.0,,,,,,,27,786
0,231,253,1,,985.0,990.0,5.0,,,,,,,27,787
1,428,451,1,,980.0,975.0,5.0,,,,,,,27,787
2,624,646,1,,985.0,990.0,5.0,,,,,,,27,787
0,228,251,1,,980.0,975.0,5.0,,,,,,,27,788
1,424,446,1,,985.0,990.0,5.0,,,,,,,27,788
2,621,644,1,,4060.0,4060.0,0.0,,,,,,,27,788
0,421,444,1,,2025.0,2025.0,0.0,,,,,,,27,789
1,826,849,1,,2035.0,1995.0,40.0,,,,,,,27,789
2,1233,1248,1,,995.0,1035.0,40.0,,,,,,,27,789
0,221,244,1,,4060.0,4020.0,40.0,,,,,,,27,790
1,1033,1048,1,,995.0,1035.0,40.0,,,,,,,27,790
2,1232,1255,1,,960.0,965.0,5.0,,,,,,,27,790
0,628,652,1,,1025.0,980.0,45.0,,,,,,,27,791
1,833,848,1,,995.0,1040.0,45.0,,,,,,,27,791
2,1032,1056,1,,960.0,960.0,0.0,,,,,,,27,791
3,1224,1248,1,,950.0,950.0,0.0,,,,,,,27,791
0,633,648,1,,995.0,1035.0,40.0,,,,,,,27,792
1,832,855,1,,960.0,965.0,5.0,,,,,,,27,792
2,1024,1048,1,,950.0,950.0,0.0,,,,,,,27,792
3,1214,1238,1,,995.0,990.0,5.0,,,,,,,27,792
0,433,448,1,,995.0,1035.0,40.0,,,,,,,27,793
1,632,655,1,,960.0,965.0,5.0,,,,,,,27,793
2,824,848,1,,950.0,950.0,0.0,,,,,,,27,793
3,1014,1038,1,,995.0,990.0,5.0,,,,,,,27,793
4,1213,1236,1,,1035.0,1035.0,0.0,,,,,,,27,793
0,233,248,1,,995.0,1035.0,40.0,,,,,,,27,794
1,432,455,1,,960.0,965.0,5.0,,,,,,,27,794
2,624,648,1,,950.0,950.0,0.0,,,,,,,27,794
3,814,838,1,,995.0,990.0,5.0,,,,,,,27,794
4,1013,1036,1,,1035.0,1035.0,0.0,,,,,,,27,794
0,232,256,1,,960.0,960.0,0.0,,,,,,,27,795
1,424,448,1,,950.0,950.0,0.0,,,,,,,27,795
2,614,638,1,,2030.0,2030.0,0.0,,,,,,,27,795
3,1020,1044,1,,2060.0,2060.0,0.0,,,,,,,27,795
0,224,248,1,,950.0,950.0,0.0,,,,,,,27,796
1,414,438,1,,995.0,990.0,5.0,,,,,,,27,796
2,613,636,1,,4090.0,4090.0,0.0,,,,,,,27,796
0,413,436,1,,4090.0,4090.0,0.0,,,,,,,27,797
1,1231,1254,1,,970.0,970.0,0.0,,,,,,,27,797
0,213,236,1,,1035.0,980.0,55.0,,,,,,,27,798
1,420,432,1,,3055.0,3110.0,55.0,,,,,,,27,798
2,1031,1054,1,,970.0,970.0,0.0,,,,,,,27,798
3,1225,1248,1,,975.0,970.0,5.0,,,,,,,27,798
0,220,243,1,,3055.0,3055.0,0.0,,,,,,,27,799
1,831,854,1,,970.0,970.0,0.0,,,,,,,27,799
2,1025,1048,1,,975.0,970.0,5.0,,,,,,,27,799
0,432,456,1,,995.0,1000.0,5.0,,,,,,,27,800
1,631,656,1,,970.0,920.0,50.0,,,,,,,27,800
2,825,840,1,,975.0,1020.0,45.0,,,,,,,27,800
0,431,454,1,,970.0,970.0,0.0,,,,,,,27,801
1,625,648,1,,975.0,970.0,5.0,,,,,,,27,801
2,820,842,1,,3060.0,3070.0,10.0,,,,,,,27,801
0,231,254,1,,970.0,970.0,0.0,,,,,,,27,802
1,425,448,1,,975.0,970.0,5.0,,,,,,,27,802
2,620,642,1,,3060.0,3070.0,10.0,,,,,,,27,802
0,225,248,1,,975.0,970.0,5.0,,,,,,,27,803
1,420,442,1,,5035.0,5040.0,5.0,,,,,,,27,803
0,220,242,1,,5035.0,5040.0,5.0,,,,,,,27,804
1,1227,1250,1,,945.0,945.0,0.0,,,,,,,27,804
0,632,657,1,,1010.0,955.0,55.0,,,,,,,27,805
1,834,848,1,,965.0,1020.0,55.0,,,,,,,27,805
2,1027,1052,1,,945.0,940.0,5.0,,,,,,,27,805
3,1216,1240,1,,965.0,960.0,5.0,,,,,,,27,805
0,432,448,1,,1975.0,2010.0,35.0,,,,,,,27,806
1,827,850,1,,945.0,945.0,0.0,,,,,,,27,806
2,1016,1039,1,,965.0,965.0,0.0,,,,,,,27,806
0,627,650,1,,945.0,940.0,5.0,,,,,,,27,807
1,816,838,1,,965.0,960.0,5.0,,,,,,,27,807
2,1009,1030,1,,2020.0,2020.0,0.0,,,,,,,27,807
0,427,450,1,,945.0,940.0,5.0,,,,,,,27,808
1,616,638,1,,965.0,960.0,5.0,,,,,,,27,808
2,809,830,1,,2020.0,2020.0,0.0,,,,,,,27,808
3,1213,1234,1,,1060.0,935.0,125.0,,,,,,,27,808
0,227,250,1,,945.0,940.0,5.0,,,,,,,27,809
1,416,438,1,,965.0,960.0,5.0,,,,,,,27,809
2,609,630,1,,2020.0,2020.0,0.0,,,,,,,27,809
3,1013,1034,1,,1060.0,935.0,125.0,,,,,,,27,809
0,216,238,1,,965.0,960.0,5.0,,,,,,,27,810
1,409,430,1,,2020.0,2020.0,0.0,,,,,,,27,810
2,813,834,1,,1060.0,935.0,125.0,,,,,,,27,810
3,1025,1021,1,,2055.0,2185.0,130.0,,,,,,,27,810
0,209,230,1,,2020.0,2020.0,0.0,,,,,,,27,811
1,613,634,1,,1060.0,935.0,125.0,,,,,,,27,811
2,825,821,1,,2055.0,2185.0,130.0,,,,,,,27,811
0,413,434,1,,1060.0,935.0,125.0,,,,,,,27,812
1,625,621,1,,2055.0,2185.0,130.0,,,,,,,27,812
0,213,234,1,,2095.0,2100.0,5.0,,,,,,,27,813
1,632,654,1,,1020.0,1020.0,0.0,,,,,,,27,813
2,836,858,1,,3090.0,3090.0,0.0,,,,,,,27,813
0,432,454,1,,1020.0,1020.0,0.0,,,,,,,27,814
1,636,658,1,,3090.0,3090.0,0.0,,,,,,,27,814
2,1254,1276,1,,1040.0,1075.0,35.0,,,,,,,27,814
0,240,252,1,,2070.0,2125.0,55.0,,,,,,,27,817
1,654,677,1,,2045.0,2050.0,5.0,,,,,,,27,817
2,1063,1087,1,,2025.0,1965.0,60.0,,,,,,,27,817
0,454,477,1,,2045.0,2050.0,5.0,,,,,,,27,818
1,863,887,1,,2025.0,1965.0,60.0,,,,,,,27,818
2,1268,1280,1,,1050.0,1105.0,55.0,,,,,,,27,818
0,254,277,1,,2045.0,2050.0,5.0,,,,,,,27,819
1,663,687,1,,2025.0,2020.0,5.0,,,,,,,27,819
2,1068,1091,1,,1050.0,1050.0,0.0,,,,,,,27,819
0,868,890,1,,1050.0,1050.0,0.0,,,,,,,27,820
0,263,287,1,,2025.0,1965.0,60.0,,,,,,,27,821
1,668,680,1,,1050.0,1105.0,55.0,,,,,,,27,821
2,878,901,1,,2985.0,2985.0,0.0,,,,,,,27,821
0,63,88,1,,2025.0,2025.0,0.0,,,,,,,27,822
1,468,493,1,,1050.0,1045.0,5.0,,,,,,,27,822
2,678,702,1,,2000.0,1950.0,50.0,,,,,,,27,822
3,1078,1092,1,,985.0,1035.0,50.0,,,,,,,27,822
0,268,293,1,,1050.0,1045.0,5.0,,,,,,,27,823
1,478,502,1,,1020.0,1020.0,0.0,,,,,,,27,823
2,682,706,1,,980.0,930.0,50.0,,,,,,,27,823
3,878,892,1,,985.0,1035.0,50.0,,,,,,,27,823
4,1075,1099,1,,1010.0,940.0,70.0,,,,,,,27,823
5,1277,1287,1,,1060.0,1130.0,70.0,,,,,,,27,823
0,68,94,1,,1050.0,1045.0,5.0,,,,,,,27,824
1,278,303,1,,1020.0,970.0,50.0,,,,,,,27,824
2,482,497,1,,1965.0,2015.0,50.0,,,,,,,27,824
3,875,900,1,,3145.0,3100.0,45.0,,,,,,,27,824
0,78,103,1,,2985.0,2985.0,0.0,,,,,,,27,825
1,675,700,1,,3145.0,3140.0,5.0,,,,,,,27,825
0,475,499,1,,3145.0,3105.0,40.0,,,,,,,27,826
0,275,300,1,,3145.0,3140.0,5.0,,,,,,,27,827
1,904,928,1,,2065.0,2070.0,5.0,,,,,,,27,827
0,75,102,1,,1010.0,1010.0,0.0,,,,,,,27,828
1,277,304,1,,1060.0,1050.0,10.0,,,,,,,27,828
2,489,514,1,,1075.0,1075.0,0.0,,,,,,,27,828
3,704,729,1,,2065.0,2075.0,10.0,,,,,,,27,828
4,1117,1144,1,,1030.0,980.0,50.0,,,,,,,27,828
0,504,528,1,,2065.0,2075.0,10.0,,,,,,,27,829
1,917,943,1,,1030.0,1025.0,5.0,,,,,,,27,829
2,1123,1148,1,,1065.0,1065.0,0.0,,,,,,,27,829
0,89,112,1,,1075.0,1080.0,5.0,,,,,,,27,830
1,304,328,1,,2065.0,2070.0,5.0,,,,,,,27,830
2,717,742,1,,1030.0,1025.0,5.0,,,,,,,27,830
3,923,947,1,,1065.0,1065.0,0.0,,,,,,,27,830
4,1136,1160,1,,1065.0,1020.0,45.0,,,,,,,27,830
5,1349,1364,1,,1045.0,1095.0,50.0,,,,,,,27,830
0,517,540,1,,1030.0,1030.0,0.0,,,,,,,27,831
1,723,746,1,,1065.0,1095.0,30.0,,,,,,,27,831
2,936,965,1,,2110.0,1940.0,170.0,,,,,,,27,831
0,317,340,1,,4205.0,4065.0,140.0,,,,,,,27,832
1,1158,1153,1,,1990.0,2125.0,135.0,,,,,,,27,832
0,117,140,1,,4205.0,4065.0,140.0,,,,,,,27,833
0,123,136,1,,1065.0,1120.0,55.0,,,,,,,27,834
1,336,360,1,,2110.0,1985.0,125.0,,,,,,,27,834
2,758,757,1,,1005.0,1125.0,120.0,,,,,,,27,834
3,959,982,1,,985.0,990.0,5.0,,,,,,,27,834
4,1156,1180,1,,2070.0,2065.0,5.0,,,,,,,27,834
0,558,557,1,,1990.0,2105.0,115.0,,,,,,,27,835
1,956,978,1,,2070.0,2070.0,0.0,,,,,,,27,835
0,358,369,1,,1005.0,1055.0,50.0,,,,,,,27,836
1,559,580,1,,3055.0,3050.0,5.0,,,,,,,27,836
2,1170,1190,1,,1020.0,1030.0,10.0,,,,,,,27,836
0,359,380,1,,4075.0,4020.0,55.0,,,,,,,27,837
1,1174,1184,1,,1945.0,2000.0,55.0,,,,,,,27,837
0,156,180,1,,2070.0,2065.0,5.0,,,,,,,27,839
1,570,593,1,,2965.0,2965.0,0.0,,,,,,,27,839
2,1163,1186,1,,2035.0,2030.0,5.0,,,,,,,27,839
0,370,393,1,,1020.0,975.0,45.0,,,,,,,27,840
1,574,588,1,,970.0,1020.0,50.0,,,,,,,27,840
2,768,792,1,,975.0,970.0,5.0,,,,,,,27,840
3,963,986,1,,2035.0,2030.0,5.0,,,,,,,27,840
0,170,192,1,,1020.0,960.0,60.0,,,,,,,27,841
1,374,384,1,,1945.0,2010.0,65.0,,,,,,,27,841
2,763,786,1,,2035.0,2025.0,10.0,,,,,,,27,841
3,1170,1191,1,,1020.0,1025.0,5.0,,,,,,,27,841
0,174,196,1,,1945.0,1945.0,0.0,,,,,,,27,842
1,563,585,1,,2035.0,2025.0,10.0,,,,,,,27,842
2,970,990,1,,1020.0,1030.0,10.0,,,,,,,27,842
3,1174,1196,1,,975.0,975.0,0.0,,,,,,,27,842
4,1369,1391,1,,960.0,955.0,5.0,,,,,,,27,842
0,363,376,1,,2035.0,2080.0,45.0,,,,,,,27,843
1,770,792,1,,1020.0,1020.0,0.0,,,,,,,27,843
2,974,996,1,,975.0,980.0,5.0,,,,,,,27,843
3,1169,1192,1,,960.0,960.0,0.0,,,,,,,27,843
4,1361,1384,1,,970.0,970.0,0.0,,,,,,,27,843
0,163,186,1,,2035.0,2035.0,0.0,,,,,,,27,844
1,570,593,1,,1995.0,2000.0,5.0,,,,,,,27,844
2,969,993,1,,1930.0,1925.0,5.0,,,,,,,27,844
3,1355,1378,1,,1010.0,1010.0,0.0,,,,,,,27,844
0,370,392,1,,1020.0,1030.0,10.0,,,,,,,27,845
1,574,598,1,,975.0,975.0,0.0,,,,,,,27,845
2,769,793,1,,1930.0,1925.0,5.0,,,,,,,27,845
3,1155,1178,1,,2040.0,2040.0,0.0,,,,,,,27,845
0,170,192,1,,1020.0,1030.0,10.0,,,,,,,27,846
1,374,398,1,,975.0,975.0,0.0,,,,,,,27,846
2,569,593,1,,1930.0,1925.0,5.0,,,,,,,27,846
3,955,978,1,,2040.0,2040.0,0.0,,,,,,,27,846
4,1363,1386,1,,1015.0,1015.0,0.0,,,,,,,27,846
0,174,188,1,,975.0,1020.0,45.0,,,,,,,27,847
1,369,392,1,,960.0,960.0,0.0,,,,,,,27,847
2,561,584,1,,970.0,970.0,0.0,,,,,,,27,847
3,755,778,1,,3055.0,3050.0,5.0,,,,,,,27,847
4,1366,1388,1,,985.0,990.0,5.0,,,,,,,27,847
0,169,192,1,,960.0,960.0,0.0,,,,,,,27,848
1,361,384,1,,970.0,970.0,0.0,,,,,,,27,848
2,555,578,1,,3055.0,2995.0,60.0,,,,,,,27,848
0,161,184,1,,970.0,970.0,0.0,,,,,,,27,849
1,355,378,1,,3055.0,2995.0,60.0,,,,,,,27,849
0,155,178,1,,4040.0,4045.0,5.0,,,,,,,27,850
1,963,987,1,,3010.0,3005.0,5.0,,,,,,,27,850
0,763,787,1,,3010.0,3005.0,5.0,,,,,,,27,851
0,366,380,1,,985.0,1035.0,50.0,,,,,,,27,852
1,563,587,1,,1985.0,1930.0,55.0,,,,,,,27,852
2,960,973,1,,1025.0,1075.0,50.0,,,,,,,27,852
0,363,387,1,,3010.0,3005.0,5.0,,,,,,,27,853
1,965,988,1,,2010.0,1960.0,50.0,,,,,,,27,853
2,1367,1380,1,,965.0,1015.0,50.0,,,,,,,27,853
0,163,187,1,,3010.0,3005.0,5.0,,,,,,,27,854
1,765,788,1,,2010.0,1960.0,50.0,,,,,,,27,854
2,1167,1180,1,,965.0,1015.0,50.0,,,,,,,27,854
0,565,588,1,,1030.0,905.0,125.0,,,,,,,27,855
1,771,769,1,,980.0,1055.0,75.0,,,,,,,27,855
2,967,980,1,,965.0,1010.0,45.0,,,,,,,27,855
3,1160,1182,1,,2035.0,2040.0,5.0,,,,,,,27,855
0,365,388,1,,2010.0,2010.0,0.0,,,,,,,27,856
1,767,790,1,,965.0,965.0,0.0,,,,,,,27,856
0,165,188,1,,2010.0,2010.0,0.0,,,,,,,27,857
1,567,590,1,,965.0,965.0,0.0,,,,,,,27,857
0,367,390,1,,965.0,965.0,0.0,,,,,,,27,858
1,560,583,1,,4095.0,4095.0,0.0,,,,,,,27,858
0,167,190,1,,965.0,965.0,0.0,,,,,,,27,859
1,360,383,1,,4095.0,4095.0,0.0,,,,,,,27,859
0,160,183,1,,4095.0,4095.0,0.0,,,,,,,27,860
0,367,381,1,,2060.0,2105.0,45.0,,,,,,,27,861
0,167,181,1,,1040.0,1035.0,5.0,,,,,,,27,862
1,375,388,1,,1020.0,1070.0,50.0,,,,,,,27,862
2,579,602,1,,1000.0,1000.0,0.0,,,,,,,27,862
3,779,802,1,,3090.0,3095.0,5.0,,,,,,,27,862
0,175,188,1,,1020.0,1070.0,50.0,,,,,,,27,863
1,379,402,1,,1000.0,1000.0,0.0,,,,,,,27,863
2,579,602,1,,3090.0,3095.0,5.0,,,,,,,27,863
0,179,202,1,,1000.0,1000.0,0.0,,,,,,,27,864
1,379,402,1,,3090.0,3095.0,5.0,,,,,,,27,864
2,997,1021,1,,2055.0,2055.0,0.0,,,,,,,27,864
0,179,204,1,,1035.0,1030.0,5.0,,,,,,,27,865
1,386,410,1,,1030.0,1030.0,0.0,,,,,,,27,865
2,592,616,1,,1025.0,1030.0,5.0,,,,,,,27,865
3,797,822,1,,2055.0,2050.0,5.0,,,,,,,27,865
4,1208,1232,1,,1025.0,1030.0,5.0,,,,,,,27,865
0,645,666,1,,1085.0,1080.0,5.0,,,,,,,27,866
1,862,882,1,,1075.0,1080.0,5.0,,,,,,,27,866
2,1077,1098,1,,1040.0,1040.0,0.0,,,,,,,27,866
0,230,252,1,,1075.0,1070.0,5.0,,,,,,,27,867
1,445,466,1,,1085.0,1090.0,5.0,,,,,,,27,867
2,662,684,1,,1075.0,1070.0,5.0,,,,,,,27,867
3,877,898,1,,1040.0,1040.0,0.0,,,,,,,27,867
0,245,266,1,,1085.0,1080.0,5.0,,,,,,,27,868
1,462,482,1,,1075.0,1080.0,5.0,,,,,,,27,868
2,677,698,1,,1040.0,1040.0,0.0,,,,,,,27,868
3,885,906,1,,1960.0,1910.0,50.0,,,,,,,27,868
4,1277,1288,1,,1010.0,1050.0,40.0,,,,,,,27,868
0,262,284,1,,1075.0,1070.0,5.0,,,,,,,27,869
1,477,498,1,,1040.0,1040.0,0.0,,,,,,,27,869
2,685,706,1,,2970.0,2970.0,0.0,,,,,,,27,869
3,1279,1300,1,,1030.0,1030.0,0.0,,,,,,,27,869
0,277,298,1,,1040.0,990.0,50.0,,,,,,,27,870
1,485,496,1,,1960.0,1960.0,0.0,,,,,,,27,870
2,877,888,1,,1010.0,1050.0,40.0,,,,,,,27,870
3,1079,1098,1,,1030.0,1040.0,10.0,,,,,,,27,870
4,1285,1306,1,,1075.0,955.0,120.0,,,,,,,27,870
0,77,98,1,,1040.0,990.0,50.0,,,,,,,27,871
1,285,296,1,,2970.0,3020.0,50.0,,,,,,,27,871
2,879,900,1,,1030.0,1030.0,0.0,,,,,,,27,871
3,1085,1106,1,,1075.0,955.0,120.0,,,,,,,27,871
0,85,96,1,,4000.0,4050.0,50.0,,,,,,,27,872
1,885,906,1,,1075.0,955.0,120.0,,,,,,,27,872
2,1100,1097,1,,2070.0,2070.0,0.0,,,,,,,27,872
0,479,500,1,,1030.0,1030.0,0.0,,,,,,,27,873
1,685,706,1,,1075.0,955.0,120.0,,,,,,,27,873
2,900,897,1,,2070.0,2075.0,5.0,,,,,,,27,873
0,279,300,1,,1030.0,1030.0,0.0,,,,,,,27,874
1,485,506,1,,1075.0,955.0,120.0,,,,,,,27,874
2,700,697,1,,2070.0,2075.0,5.0,,,,,,,27,874
3,1114,1112,1,,2100.0,2215.0,115.0,,,,,,,27,874
0,79,100,1,,1030.0,1030.0,0.0,,,,,,,27,875
1,285,306,1,,1075.0,955.0,120.0,,,,,,,27,875
2,500,497,1,,2070.0,2075.0,5.0,,,,,,,27,875
3,914,912,1,,2100.0,2215.0,115.0,,,,,,,27,875
0,85,106,1,,1075.0,955.0,120.0,,,,,,,27,876
1,300,297,1,,2070.0,2075.0,5.0,,,,,,,27,876
2,714,712,1,,2100.0,2215.0,115.0,,,,,,,27,876
3,1134,1155,1,,1090.0,1085.0,5.0,,,,,,,27,876
4,1352,1372,1,,1070.0,1080.0,10.0,,,,,,,27,876
0,514,512,1,,2100.0,2220.0,120.0,,,,,,,27,877
1,934,956,1,,1090.0,1090.0,0.0,,,,,,,27,877
0,314,311,1,,2100.0,2215.0,115.0,,,,,,,27,878
1,734,754,1,,1090.0,1090.0,0.0,,,,,,,27,878
2,952,972,1,,1070.0,1115.0,45.0,,,,,,,27,878
3,1166,1195,1,,2005.0,1960.0,45.0,,,,,,,27,878
0,114,112,1,,2100.0,2215.0,115.0,,,,,,,27,879
1,534,555,1,,1090.0,1085.0,5.0,,,,,,,27,879
2,752,772,1,,1070.0,1115.0,45.0,,,,,,,27,879
3,966,995,1,,2005.0,1965.0,40.0,,,,,,,27,879
0,334,355,1,,1090.0,1085.0,5.0,,,,,,,27,880
1,552,572,1,,1070.0,1080.0,10.0,,,,,,,27,880
2,766,788,1,,2005.0,2000.0,5.0,,,,,,,27,880
0,134,156,1,,1090.0,1090.0,0.0,,,,,,,27,881
1,352,374,1,,1070.0,1075.0,5.0,,,,,,,27,881
0,152,174,1,,1070.0,1075.0,5.0,,,,,,,27,882
1,366,389,1,,5080.0,5075.0,5.0,,,,,,,27,882
0,567,590,1,,3075.0,3080.0,5.0,,,,,,,27,883
1,1182,1206,1,,1070.0,1070.0,0.0,,,,,,,27,883
0,982,1006,1,,1070.0,1030.0,40.0,,,,,,,27,884
0,782,804,1,,1070.0,945.0,125.0,,,,,,,27,885
0,796,820,1,,3080.0,2925.0,155.0,,,,,,,27,886
0,382,406,1,,1070.0,955.0,115.0,,,,,,,27,887
1,596,597,1,,1035.0,1155.0,120.0,,,,,,,27,887
2,803,828,1,,3145.0,3140.0,5.0,,,,,,,27,887
0,396,393,1,,4180.0,4305.0,125.0,,,,,,,27,888
0,196,193,1,,4180.0,4305.0,125.0,,,,,,,27,889
0,832,852,1,,1085.0,945.0,140.0,,,,,,,27,890
1,1049,1041,1,,2005.0,2155.0,150.0,,,,,,,27,890
0,432,452,1,,1085.0,945.0,140.0,,,,,,,27,892
1,649,641,1,,2005.0,2155.0,150.0,,,,,,,27,892
0,232,252,1,,1085.0,1135.0,50.0,,,,,,,27,893
1,449,479,1,,1015.0,925.0,90.0,,,,,,,27,893
2,652,664,1,,990.0,1035.0,45.0,,,,,,,27,893
3,850,871,1,,2030.0,1985.0,45.0,,,,,,,27,893
4,1256,1268,1,,1040.0,1130.0,90.0,,,,,,,27,893
0,249,279,1,,2005.0,1960.0,45.0,,,,,,,27,894
1,650,671,1,,3070.0,3115.0,45.0,,,,,,,27,894
2,1264,1294,1,,1045.0,865.0,180.0,,,,,,,27,894
0,450,471,1,,4115.0,3980.0,135.0,,,,,,,27,895
1,1273,1267,1,,1005.0,1135.0,130.0,,,,,,,27,895
0,250,270,1,,2030.0,2030.0,0.0,,,,,,,27,896
1,656,676,1,,1040.0,1040.0,0.0,,,,,,,27,896
0,456,468,1,,1040.0,1130.0,90.0,,,,,,,27,897
1,664,694,1,,2050.0,2000.0,50.0,,,,,,,27,897
2,1074,1094,1,,2015.0,1970.0,45.0,,,,,,,27,897
0,256,268,1,,1040.0,1130.0,90.0,,,,,,,27,898
1,464,494,1,,1045.0,1000.0,45.0,,,,,,,27,898
2,673,694,1,,1005.0,1010.0,5.0,,,,,,,27,898
3,874,896,1,,2015.0,2010.0,5.0,,,,,,,27,898
4,1277,1298,1,,1035.0,1040.0,5.0,,,,,,,27,898
0,674,694,1,,2015.0,1970.0,45.0,,,,,,,27,899
1,1077,1088,1,,1035.0,1080.0,45.0,,,,,,,27,899
2,1284,1304,1,,1055.0,1020.0,35.0,,,,,,,27,899
0,474,496,1,,2015.0,1960.0,55.0,,,,,,,27,900
1,877,888,1,,1035.0,1090.0,55.0,,,,,,,27,900
2,1084,1106,1,,1055.0,930.0,125.0,,,,,,,27,900
0,73,96,1,,1005.0,1000.0,5.0,,,,,,,27,901
1,274,296,1,,2015.0,2010.0,5.0,,,,,,,27,901
2,677,698,1,,1035.0,1040.0,5.0,,,,,,,27,901
0,477,500,1,,1035.0,1040.0,5.0,,,,,,,27,902
1,684,708,1,,1055.0,1050.0,5.0,,,,,,,27,902
2,895,918,1,,985.0,950.0,35.0,,,,,,,27,902
3,1092,1108,1,,1920.0,1950.0,30.0,,,,,,,27,902
0,277,298,1,,1035.0,1040.0,5.0,,,,,,,27,903
1,484,506,1,,1055.0,1060.0,5.0,,,,,,,27,903
2,695,718,1,,3885.0,3880.0,5.0,,,,,,,27,903
0,77,98,1,,1035.0,1040.0,5.0,,,,,,,27,904
1,284,306,1,,1055.0,1060.0,5.0,,,,,,,27,904
2,495,518,1,,3885.0,3880.0,5.0,,,,,,,27,904
0,266,290,1,,3965.0,3960.0,5.0,,,,,,,27,905
1,1059,1082,1,,955.0,955.0,0.0,,,,,,,27,905
2,1250,1273,1,,965.0,965.0,0.0,,,,,,,27,905
0,66,90,1,,3965.0,3960.0,5.0,,,,,,,27,906
1,859,882,1,,955.0,955.0,0.0,,,,,,,27,906
2,1050,1073,1,,965.0,965.0,0.0,,,,,,,27,906
3,1243,1266,1,,970.0,960.0,10.0,,,,,,,27,906
0,459,482,1,,955.0,955.0,0.0,,,,,,,27,907
1,650,673,1,,965.0,965.0,0.0,,,,,,,27,907
2,843,866,1,,970.0,960.0,10.0,,,,,,,27,907
3,1037,1058,1,,1905.0,1915.0,10.0,,,,,,,27,907
0,259,284,1,,955.0,950.0,5.0,,,,,,,27,908
1,450,474,1,,965.0,960.0,5.0,,,,,,,27,908
2,643,666,1,,970.0,970.0,0.0,,,,,,,27,908
3,837,860,1,,2835.0,2840.0,5.0,,,,,,,27,908
0,250,274,1,,965.0,960.0,5.0,,,,,,,27,909
1,443,466,1,,970.0,970.0,0.0,,,,,,,27,909
2,637,660,1,,2835.0,2840.0,5.0,,,,,,,27,909
0,243,266,1,,970.0,970.0,0.0,,,,,,,27,910
1,437,460,1,,2835.0,2840.0,5.0,,,,,,,27,910
2,1004,1028,1,,1905.0,1900.0,5.0,,,,,,,27,910
0,237,260,1,,2835.0,2840.0,5.0,,,,,,,27,911
1,804,828,1,,1905.0,1900.0,5.0,,,,,,,27,911
2,1185,1208,1,,960.0,960.0,0.0,,,,,,,27,911
0,604,628,1,,1905.0,1900.0,5.0,,,,,,,27,912
1,985,1008,1,,960.0,965.0,5.0,,,,,,,27,912
0,404,420,1,,950.0,945.0,5.0,,,,,,,27,913
1,594,609,1,,955.0,1000.0,45.0,,,,,,,27,913
2,785,809,1,,960.0,965.0,5.0,,,,,,,27,913
3,977,1002,1,,1870.0,1875.0,5.0,,,,,,,27,913
0,204,227,1,,1905.0,1900.0,5.0,,,,,,,27,914
1,585,607,1,,960.0,965.0,5.0,,,,,,,27,914
2,777,800,1,,1870.0,1875.0,5.0,,,,,,,27,914
3,1151,1175,1,,1885.0,1880.0,5.0,,,,,,,27,914
0,385,408,1,,960.0,965.0,5.0,,,,,,,27,915
1,577,601,1,,1870.0,1875.0,5.0,,,,,,,27,915
2,951,976,1,,940.0,885.0,55.0,,,,,,,27,915
3,1139,1153,1,,945.0,995.0,50.0,,,,,,,27,915
4,1328,1352,1,,960.0,960.0,0.0,,,,,,,27,915
0,185,207,1,,960.0,965.0,5.0,,,,,,,27,916
1,377,400,1,,1870.0,1875.0,5.0,,,,,,,27,916
2,751,775,1,,1885.0,1875.0,10.0,,,,,,,27,916
3,1128,1150,1,,960.0,960.0,0.0,,,,,,,27,916
0,177,201,1,,1870.0,1875.0,5.0,,,,,,,27,917
1,551,576,1,,940.0,885.0,55.0,,,,,,,27,917
2,739,753,1,,945.0,995.0,50.0,,,,,,,27,917
3,928,952,1,,960.0,960.0,0.0,,,,,,,27,917
0,351,375,1,,1885.0,1875.0,10.0,,,,,,,27,918
1,728,750,1,,960.0,960.0,0.0,,,,,,,27,918
2,920,942,1,,2760.0,2710.0,50.0,,,,,,,27,918
0,151,174,1,,1885.0,1880.0,5.0,,,,,,,27,919
1,528,550,1,,960.0,960.0,0.0,,,,,,,27,919
0,328,348,1,,2805.0,2820.0,15.0,,,,,,,27,920
1,889,912,1,,2825.0,2810.0,15.0,,,,,,,27,920
0,128,148,1,,960.0,960.0,0.0,,,,,,,27,921
1,320,340,1,,2760.0,2695.0,65.0,,,,,,,27,921
2,872,879,1,,940.0,1005.0,65.0,,,,,,,27,921
3,1060,1080,1,,1970.0,1965.0,5.0,,,,,,,27,921
0,1220,1242,1,,950.0,950.0,0.0,,,,,,,27,922
0,238,260,1,,995.0,1000.0,5.0,,,,,,,27,923
1,437,460,1,,1980.0,1980.0,0.0,,,,,,,27,923
2,833,856,1,,935.0,935.0,0.0,,,,,,,27,923
3,1020,1043,1,,950.0,945.0,5.0,,,,,,,27,923
0,820,842,1,,950.0,950.0,0.0,,,,,,,27,924
0,620,632,1,,950.0,990.0,40.0,,,,,,,27,925
0,420,432,1,,950.0,990.0,40.0,,,,,,,27,926
1,610,630,1,,3895.0,3945.0,50.0,,,,,,,27,926
0,115,91,1,,525.0,755.0,230.0,,,,,,,27,927
1,220,242,1,,950.0,950.0,0.0,,,,,,,27,927
2,410,432,1,,4810.0,4810.0,0.0,,,,,,,27,927
3,1372,1394,1,,925.0,920.0,5.0,,,,,,,27,927
0,210,230,1,,3895.0,3945.0,50.0,,,,,,,27,928
0,789,800,1,,915.0,970.0,55.0,,,,,,,27,929
1,972,994,1,,1870.0,1870.0,0.0,,,,,,,27,929
0,189,200,1,,915.0,970.0,55.0,,,,,,,27,932
1,372,394,1,,1870.0,1870.0,0.0,,,,,,,27,932
2,746,768,1,,1900.0,1900.0,0.0,,,,,,,27,932
3,1126,1148,1,,945.0,940.0,5.0,,,,,,,27,932
0,1115,1135,1,,990.0,945.0,45.0,,,,,,,27,933
0,915,935,1,,2015.0,2015.0,0.0,,,,,,,27,934
0,146,156,1,,955.0,1055.0,100.0,,,,,,,27,935
1,337,367,1,,945.0,890.0,55.0,,,,,,,27,935
2,526,545,1,,945.0,995.0,50.0,,,,,,,27,935
3,715,744,1,,990.0,930.0,60.0,,,,,,,27,935
4,913,930,1,,1025.0,1080.0,55.0,,,,,,,27,935
0,137,166,1,,945.0,895.0,50.0,,,,,,,27,936
1,326,345,1,,945.0,995.0,50.0,,,,,,,27,936
2,515,544,1,,990.0,930.0,60.0,,,,,,,27,936
3,713,730,1,,1025.0,990.0,35.0,,,,,,,27,936
4,918,928,1,,1975.0,2020.0,45.0,,,,,,,27,936
0,315,334,1,,990.0,950.0,40.0,,,,,,,27,937
1,513,524,1,,1025.0,1020.0,5.0,,,,,,,27,937
2,718,728,1,,1975.0,2020.0,45.0,,,,,,,27,937
3,1113,1132,1,,940.0,995.0,55.0,,,,,,,27,937
4,1301,1331,1,,960.0,865.0,95.0,,,,,,,27,937
0,115,135,1,,990.0,945.0,45.0,,,,,,,27,938
1,313,324,1,,1025.0,1070.0,45.0,,,,,,,27,938
2,518,538,1,,1010.0,970.0,40.0,,,,,,,27,938
3,720,732,1,,965.0,960.0,5.0,,,,,,,27,938
0,113,124,1,,1025.0,1020.0,5.0,,,,,,,27,939
1,318,328,1,,1975.0,2020.0,45.0,,,,,,,27,939
2,713,732,1,,940.0,995.0,55.0,,,,,,,27,939
3,901,931,1,,960.0,905.0,55.0,,,,,,,27,939
4,1093,1112,1,,985.0,940.0,45.0,,,,,,,27,939
0,118,138,1,,1010.0,970.0,40.0,,,,,,,27,940
1,320,332,1,,965.0,960.0,5.0,,,,,,,27,940
2,513,524,1,,2885.0,2930.0,45.0,,,,,,,27,940
3,1090,1110,1,,990.0,990.0,0.0,,,,,,,27,940
0,313,336,1,,1900.0,1900.0,0.0,,,,,,,27,941
1,693,716,1,,985.0,885.0,100.0,,,,,,,27,941
2,890,893,1,,1935.0,2035.0,100.0,,,,,,,27,941
0,113,137,1,,1900.0,1895.0,5.0,,,,,,,27,942
1,493,516,1,,985.0,940.0,45.0,,,,,,,27,942
2,690,704,1,,2860.0,2910.0,50.0,,,,,,,27,942
0,101,123,1,,960.0,965.0,5.0,,,,,,,27,943
1,293,316,1,,985.0,980.0,5.0,,,,,,,27,943
2,490,512,1,,1935.0,1940.0,5.0,,,,,,,27,943
3,877,900,1,,1875.0,1870.0,5.0,,,,,,,27,943
4,1252,1274,1,,975.0,930.0,45.0,,,,,,,27,943
0,93,116,1,,985.0,980.0,5.0,,,,,,,27,944
1,290,312,1,,1935.0,1940.0,5.0,,,,,,,27,944
2,677,700,1,,1875.0,1870.0,5.0,,,,,,,27,944
3,1052,1074,1,,975.0,930.0,45.0,,,,,,,27,944
4,1247,1260,1,,1000.0,1000.0,0.0,,,,,,,27,944
0,90,110,1,,990.0,995.0,5.0,,,,,,,27,945
1,288,309,1,,945.0,945.0,0.0,,,,,,,27,945
2,477,498,1,,925.0,930.0,5.0,,,,,,,27,945
3,662,684,1,,950.0,900.0,50.0,,,,,,,27,945
4,852,864,1,,975.0,1020.0,45.0,,,,,,,27,945
0,277,300,1,,2850.0,2800.0,50.0,,,,,,,27,946
1,847,860,1,,1980.0,1980.0,0.0,,,,,,,27,946
2,1243,1256,1,,965.0,1010.0,45.0,,,,,,,27,946
0,77,100,1,,2850.0,2800.0,50.0,,,,,,,27,947
1,647,660,1,,1980.0,1980.0,0.0,,,,,,,27,947
2,1043,1056,1,,965.0,1010.0,45.0,,,,,,,27,947
0,62,84,1,,950.0,900.0,50.0,,,,,,,27,948
1,252,264,1,,975.0,1020.0,45.0,,,,,,,27,948
2,447,468,1,,2945.0,2950.0,5.0,,,,,,,27,948
3,1036,1058,1,,1955.0,1950.0,5.0,,,,,,,27,948
0,247,267,1,,1980.0,1985.0,5.0,,,,,,,27,949
1,643,664,1,,965.0,960.0,5.0,,,,,,,27,949
2,836,856,1,,2960.0,2960.0,0.0,,,,,,,27,949
0,636,658,1,,1955.0,1950.0,5.0,,,,,,,27,950
1,1027,1048,1,,1005.0,1005.0,0.0,,,,,,,27,950
0,436,458,1,,1955.0,1950.0,5.0,,,,,,,27,951
1,827,848,1,,1005.0,1005.0,0.0,,,,,,,27,951
2,1028,1049,1,,985.0,935.0,50.0,,,,,,,27,951
0,236,258,1,,1955.0,1950.0,5.0,,,,,,,27,952
1,627,648,1,,1005.0,1005.0,0.0,,,,,,,27,952
2,828,849,1,,985.0,935.0,50.0,,,,,,,27,952
3,1025,1036,1,,945.0,1000.0,55.0,,,,,,,27,952
4,1214,1236,1,,920.0,920.0,0.0,,,,,,,27,952
0,228,250,1,,995.0,950.0,45.0,,,,,,,27,953
1,427,440,1,,1005.0,1050.0,45.0,,,,,,,27,953
2,628,650,1,,2850.0,2850.0,0.0,,,,,,,27,953
0,227,248,1,,1005.0,1005.0,0.0,,,,,,,27,954
1,428,449,1,,1930.0,1880.0,50.0,,,,,,,27,954
2,814,825,1,,920.0,975.0,55.0,,,,,,,27,954
0,228,250,1,,2850.0,2850.0,0.0,,,,,,,27,955
1,798,820,1,,1930.0,1930.0,0.0,,,,,,,27,955
2,1184,1206,1,,1005.0,1010.0,5.0,,,,,,,27,955
0,414,436,1,,920.0,920.0,0.0,,,,,,,27,956
1,598,620,1,,2935.0,2930.0,5.0,,,,,,,27,956
0,214,236,1,,920.0,920.0,0.0,,,,,,,27,957
1,398,420,1,,2935.0,2930.0,5.0,,,,,,,27,957
2,985,1006,1,,1970.0,1970.0,0.0,,,,,,,27,957
0,198,220,1,,2935.0,2930.0,5.0,,,,,,,27,958
1,785,806,1,,1970.0,1970.0,0.0,,,,,,,27,958
0,585,606,1,,1970.0,1970.0,0.0,,,,,,,27,959
1,979,1000,1,,1985.0,1985.0,0.0,,,,,,,27,959
0,184,202,1,,1005.0,1065.0,60.0,,,,,,,27,960
1,385,415,1,,1000.0,875.0,125.0,,,,,,,27,960
2,585,590,1,,970.0,1040.0,70.0,,,,,,,27,960
3,779,798,1,,985.0,1040.0,55.0,,,,,,,27,960
4,976,1006,1,,1000.0,945.0,55.0,,,,,,,27,960
5,1176,1195,1,,1025.0,1080.0,55.0,,,,,,,27,960
0,185,214,1,,1970.0,1965.0,5.0,,,,,,,27,961
1,579,607,1,,985.0,995.0,10.0,,,,,,,27,961
2,776,806,1,,1000.0,940.0,60.0,,,,,,,27,961
3,976,994,1,,1025.0,1085.0,60.0,,,,,,,27,961
4,1181,1211,1,,990.0,980.0,10.0,,,,,,,27,961
0,185,183,1,,970.0,1080.0,110.0,,,,,,,27,962
1,379,399,1,,1985.0,1985.0,0.0,,,,,,,27,962
2,776,796,1,,1025.0,915.0,110.0,,,,,,,27,962
3,981,979,1,,990.0,1010.0,20.0,,,,,,,27,962
0,179,207,1,,985.0,995.0,10.0,,,,,,,27,963
1,376,406,1,,1000.0,940.0,60.0,,,,,,,27,963
2,576,594,1,,1025.0,1085.0,60.0,,,,,,,27,963
3,781,811,1,,990.0,980.0,10.0,,,,,,,27,963
4,979,1007,1,,955.0,960.0,5.0,,,,,,,27,963
5,1170,1199,1,,970.0,865.0,105.0,,,,,,,27,963
0,176,206,1,,1000.0,945.0,55.0,,,,,,,27,964
1,376,395,1,,1025.0,1080.0,55.0,,,,,,,27,964
2,581,611,1,,990.0,885.0,105.0,,,,,,,27,964
3,779,788,1,,955.0,1060.0,105.0,,,,,,,27,964
4,970,1000,1,,970.0,860.0,110.0,,,,,,,27,964
5,1164,1172,1,,995.0,1000.0,5.0,,,,,,,27,964
0,176,195,1,,1025.0,1080.0,55.0,,,,,,,27,965
1,381,411,1,,990.0,885.0,105.0,,,,,,,27,965
2,579,588,1,,955.0,1060.0,105.0,,,,,,,27,965
3,770,800,1,,970.0,860.0,110.0,,,,,,,27,965
4,964,972,1,,995.0,1000.0,5.0,,,,,,,27,965
5,1163,1172,1,,1010.0,1110.0,100.0,,,,,,,27,965
0,181,210,1,,990.0,890.0,100.0,,,,,,,27,966
1,379,388,1,,955.0,1000.0,45.0,,,,,,,27,966
2,570,588,1,,970.0,920.0,50.0,,,,,,,27,966
3,764,772,1,,995.0,1040.0,45.0,,,,,,,27,966
4,963,980,1,,1010.0,1070.0,60.0,,,,,,,27,966
5,1165,1194,1,,980.0,975.0,5.0,,,,,,,27,966
0,179,207,1,,955.0,905.0,50.0,,,,,,,27,967
1,370,388,1,,970.0,920.0,50.0,,,,,,,27,967
2,564,572,1,,995.0,1040.0,45.0,,,,,,,27,967
3,763,780,1,,1010.0,1070.0,60.0,,,,,,,27,967
4,965,994,1,,980.0,975.0,5.0,,,,,,,27,967
5,1161,1189,1,,945.0,950.0,5.0,,,,,,,27,967
6,1350,1379,1,,940.0,880.0,60.0,,,,,,,27,967
0,164,194,1,,995.0,940.0,55.0,,,,,,,27,968
1,363,382,1,,1010.0,1065.0,55.0,,,,,,,27,968
2,565,595,1,,980.0,980.0,0.0,,,,,,,27,968
3,761,791,1,,945.0,845.0,100.0,,,,,,,27,968
4,950,960,1,,940.0,940.0,0.0,,,,,,,27,968
5,1138,1148,1,,995.0,1040.0,45.0,,,,,,,27,968
6,1337,1356,1,,1005.0,1010.0,5.0,,,,,,,27,968
0,163,180,1,,1010.0,1070.0,60.0,,,,,,,27,969
1,365,394,1,,980.0,980.0,0.0,,,,,,,27,969
2,561,590,1,,1885.0,1830.0,55.0,,,,,,,27,969
3,938,956,1,,995.0,1050.0,55.0,,,,,,,27,969
4,1137,1166,1,,1005.0,950.0,55.0,,,,,,,27,969
0,165,194,1,,980.0,980.0,0.0,,,,,,,27,970
1,361,390,1,,1885.0,1830.0,55.0,,,,,,,27,970
2,738,756,1,,995.0,1050.0,55.0,,,,,,,27,970
3,937,966,1,,1005.0,950.0,55.0,,,,,,,27,970
4,1138,1156,1,,1000.0,905.0,95.0,,,,,,,27,970
0,161,191,1,,945.0,845.0,100.0,,,,,,,27,971
1,350,360,1,,940.0,940.0,0.0,,,,,,,27,971
2,538,548,1,,995.0,1040.0,45.0,,,,,,,27,971
3,737,756,1,,1005.0,1010.0,5.0,,,,,,,27,971
4,938,958,1,,1000.0,950.0,50.0,,,,,,,27,971
5,1138,1148,1,,950.0,1050.0,100.0,,,,,,,27,971
0,113,124,1,,5950.0,6000.0,50.0,,,,,,,27,972
0,112,113,1,,4955.0,5055.0,100.0,,,,,,,27,973
1,1103,1124,1,,2000.0,2000.0,0.0,,,,,,,27,973
0,903,924,1,,2000.0,2005.0,5.0,,,,,,,27,974
1,1303,1325,1,,965.0,915.0,50.0,,,,,,,27,974
0,703,724,1,,2000.0,2005.0,5.0,,,,,,,27,975
1,1103,1125,1,,965.0,965.0,0.0,,,,,,,27,975
0,503,524,1,,2965.0,2970.0,5.0,,,,,,,27,976
0,303,324,1,,2965.0,2970.0,5.0,,,,,,,27,977
0,103,124,1,,2965.0,2970.0,5.0,,,,,,,27,978
0,496,520,1,,2020.0,2020.0,0.0,,,,,,,27,979
1,900,924,1,,2050.0,2000.0,50.0,,,,,,,27,979
0,103,129,1,,965.0,965.0,0.0,,,,,,,27,980
0,96,123,1,,2020.0,2015.0,5.0,,,,,,,27,981
1,500,526,1,,2050.0,2010.0,40.0,,,,,,,27,981
2,910,928,1,,970.0,1015.0,45.0,,,,,,,27,981
0,710,728,1,,970.0,1010.0,40.0,,,,,,,27,982
1,904,930,1,,3000.0,2950.0,50.0,,,,,,,27,982
0,704,731,1,,3000.0,2995.0,5.0,,,,,,,27,983
1,1304,1330,1,,1040.0,935.0,105.0,,,,,,,27,983
0,504,531,1,,3000.0,2995.0,5.0,,,,,,,27,984
1,1104,1130,1,,1040.0,935.0,105.0,,,,,,,27,984
2,1312,1317,1,,1035.0,1010.0,25.0,,,,,,,27,984
0,110,136,1,,5010.0,4905.0,105.0,,,,,,,27,985
1,1112,1117,1,,1035.0,1135.0,100.0,,,,,,,27,985
0,104,127,1,,3000.0,3000.0,0.0,,,,,,,27,986
1,704,727,1,,1040.0,930.0,110.0,,,,,,,27,986
2,912,913,1,,1035.0,1010.0,25.0,,,,,,,27,986
3,1119,1115,1,,2070.0,2205.0,135.0,,,,,,,27,986
0,504,527,1,,2075.0,1940.0,135.0,,,,,,,27,987
1,919,915,1,,2070.0,2205.0,135.0,,,,,,,27,987
0,304,316,1,,1040.0,955.0,85.0,,,,,,,27,988
1,512,507,1,,3105.0,3235.0,130.0,,,,,,,27,988
2,1133,1154,1,,1065.0,1070.0,5.0,,,,,,,27,988
3,1346,1368,1,,1065.0,955.0,110.0,,,,,,,27,988
0,519,540,1,,3135.0,3130.0,5.0,,,,,,,27,989
1,1146,1166,1,,1065.0,955.0,110.0,,,,,,,27,989
0,112,105,1,,1035.0,1175.0,140.0,,,,,,,27,990
1,319,340,1,,3135.0,3130.0,5.0,,,,,,,27,990
2,946,966,1,,1065.0,955.0,110.0,,,,,,,27,990
3,1159,1157,1,,1025.0,1095.0,70.0,,,,,,,27,990
4,1364,1376,1,,1020.0,1065.0,45.0,,,,,,,27,990
0,119,140,1,,3135.0,3130.0,5.0,,,,,,,27,991
1,746,766,1,,1065.0,955.0,110.0,,,,,,,27,991
2,959,957,1,,1025.0,1095.0,70.0,,,,,,,27,991
3,1164,1176,1,,1020.0,1065.0,45.0,,,,,,,27,991
0,333,354,1,,1065.0,1060.0,5.0,,,,,,,27,992
1,546,566,1,,1065.0,955.0,110.0,,,,,,,27,992
2,759,757,1,,1025.0,1095.0,70.0,,,,,,,27,992
3,964,976,1,,1020.0,1065.0,45.0,,,,,,,27,992
0,133,153,1,,1065.0,1065.0,0.0,,,,,,,27,993
1,346,366,1,,1065.0,1060.0,5.0,,,,,,,27,993
2,559,578,1,,1025.0,990.0,35.0,,,,,,,27,993
3,764,776,1,,1020.0,1060.0,40.0,,,,,,,27,993
4,968,988,1,,2115.0,2110.0,5.0,,,,,,,27,993
0,146,166,1,,1065.0,1060.0,5.0,,,,,,,27,994
1,359,378,1,,1025.0,990.0,35.0,,,,,,,27,994
2,564,576,1,,1020.0,1060.0,40.0,,,,,,,27,994
3,768,788,1,,2115.0,2110.0,5.0,,,,,,,27,994
0,159,178,1,,1025.0,1030.0,5.0,,,,,,,27,995
1,364,384,1,,1020.0,1020.0,0.0,,,,,,,27,995
2,568,588,1,,2115.0,2110.0,5.0,,,,,,,27,995
0,164,187,1,,1020.0,1015.0,5.0,,,,,,,27,996
1,368,390,1,,2115.0,2115.0,0.0,,,,,,,27,996
2,791,813,1,,3155.0,3155.0,0.0,,,,,,,27,996
0,168,190,1,,2115.0,2115.0,0.0,,,,,,,27,997
1,591,613,1,,3155.0,3155.0,0.0,,,,,,,27,997
2,1222,1244,1,,1035.0,1030.0,5.0,,,,,,,27,997
0,391,413,1,,2145.0,2095.0,50.0,,,,,,,27,998
1,820,832,1,,1010.0,1060.0,50.0,,,,,,,27,998
2,1022,1044,1,,1035.0,1030.0,5.0,,,,,,,27,998
3,1229,1250,1,,1060.0,1060.0,0.0,,,,,,,27,998
0,191,213,1,,2145.0,2095.0,50.0,,,,,,,27,999
1,620,632,1,,1010.0,1060.0,50.0,,,,,,,27,999
2,822,844,1,,1035.0,1030.0,5.0,,,,,,,27,999
3,1029,1050,1,,1060.0,1060.0,0.0,,,,,,,27,999
4,1241,1262,1,,1070.0,1075.0,5.0,,,,,,,27,999
0,622,632,1,,2095.0,2140.0,45.0,,,,,,,27,1000
1,1041,1060,1,,1070.0,1080.0,10.0,,,,,,,27,1000
0,257,272,1,,3130.0,3170.0,40.0,,,,,,,27,1001
1,883,906,1,,2075.0,2080.0,5.0,,,,,,,27,1001
0,683,706,1,,2075.0,2080.0,5.0,,,,,,,27,1002
1,1098,1122,1,,1015.0,1015.0,0.0,,,,,,,27,1002
0,266,288,1,,1085.0,1090.0,5.0,,,,,,,27,1003
1,483,506,1,,1055.0,985.0,70.0,,,,,,,27,1003
2,694,703,1,,1020.0,1090.0,70.0,,,,,,,27,1003
3,898,921,1,,1015.0,1015.0,0.0,,,,,,,27,1003
0,66,88,1,,1085.0,1090.0,5.0,,,,,,,27,1004
1,283,306,1,,1055.0,985.0,70.0,,,,,,,27,1004
2,494,503,1,,1020.0,1090.0,70.0,,,,,,,27,1004
3,698,721,1,,1015.0,1015.0,0.0,,,,,,,27,1004
4,901,924,1,,2090.0,2090.0,0.0,,,,,,,27,1004
0,83,106,1,,1055.0,985.0,70.0,,,,,,,27,1005
1,294,303,1,,1020.0,1090.0,70.0,,,,,,,27,1005
2,498,521,1,,1015.0,1015.0,0.0,,,,,,,27,1005
3,701,724,1,,2090.0,2090.0,0.0,,,,,,,27,1005
0,298,320,1,,5150.0,5105.0,45.0,,,,,,,27,1006
0,98,118,1,,3105.0,3110.0,5.0,,,,,,,27,1007
1,719,740,1,,2045.0,2000.0,45.0,,,,,,,27,1007
2,1128,1140,1,,975.0,1025.0,50.0,,,,,,,27,1007
0,101,123,1,,2090.0,2085.0,5.0,,,,,,,27,1008
1,519,540,1,,2045.0,2060.0,15.0,,,,,,,27,1008
2,928,952,1,,975.0,970.0,5.0,,,,,,,27,1008
0,319,340,1,,1040.0,1040.0,0.0,,,,,,,27,1009
1,527,548,1,,1005.0,1010.0,5.0,,,,,,,27,1009
2,728,750,1,,975.0,975.0,0.0,,,,,,,27,1009
3,923,945,1,,1970.0,1915.0,55.0,,,,,,,27,1009
0,119,138,1,,1040.0,1045.0,5.0,,,,,,,27,1010
1,327,347,1,,1005.0,965.0,40.0,,,,,,,27,1010
2,528,540,1,,975.0,1020.0,45.0,,,,,,,27,1010
3,723,744,1,,1970.0,1865.0,105.0,,,,,,,27,1010
4,1117,1117,1,,1000.0,1105.0,105.0,,,,,,,27,1010
5,1317,1338,1,,995.0,895.0,100.0,,,,,,,27,1010
0,127,153,1,,1980.0,1945.0,35.0,,,,,,,27,1011
1,523,542,1,,2970.0,3025.0,55.0,,,,,,,27,1011
0,323,342,1,,2970.0,3025.0,55.0,,,,,,,27,1012
1,917,947,1,,995.0,850.0,145.0,,,,,,,27,1012
0,123,144,1,,1970.0,1865.0,105.0,,,,,,,27,1013
1,517,517,1,,1995.0,2000.0,5.0,,,,,,,27,1013
2,916,917,1,,970.0,1075.0,105.0,,,,,,,27,1013
0,317,328,1,,1000.0,1050.0,50.0,,,,,,,27,1014
1,517,538,1,,995.0,895.0,100.0,,,,,,,27,1014
2,716,717,1,,970.0,1075.0,105.0,,,,,,,27,1014
3,910,932,1,,960.0,955.0,5.0,,,,,,,27,1014
0,117,128,1,,1000.0,1050.0,50.0,,,,,,,27,1015
1,317,338,1,,995.0,895.0,100.0,,,,,,,27,1015
2,516,517,1,,970.0,1075.0,105.0,,,,,,,27,1015
3,710,732,1,,960.0,955.0,5.0,,,,,,,27,1015
4,902,923,1,,2015.0,2015.0,0.0,,,,,,,27,1015
0,117,138,1,,995.0,895.0,100.0,,,,,,,27,1016
1,316,317,1,,970.0,1075.0,105.0,,,,,,,27,1016
2,510,532,1,,960.0,955.0,5.0,,,,,,,27,1016
3,702,723,1,,2015.0,2015.0,0.0,,,,,,,27,1016
4,1105,1126,1,,1035.0,1030.0,5.0,,,,,,,27,1016
0,701,730,1,,2055.0,2060.0,5.0,,,,,,,27,1017
1,1112,1142,1,,1000.0,1000.0,0.0,,,,,,,27,1017
0,110,132,1,,2975.0,2970.0,5.0,,,,,,,27,1018
1,705,726,1,,1035.0,1030.0,5.0,,,,,,,27,1018
0,505,526,1,,1035.0,1030.0,5.0,,,,,,,27,1019
1,712,732,1,,3945.0,3900.0,45.0,,,,,,,27,1019
0,305,326,1,,1035.0,1030.0,5.0,,,,,,,27,1020
1,512,532,1,,4975.0,4980.0,5.0,,,,,,,27,1020
0,105,124,1,,1035.0,1030.0,5.0,,,,,,,27,1021
1,312,330,1,,1000.0,1060.0,60.0,,,,,,,27,1021
2,512,542,1,,2945.0,2890.0,55.0,,,,,,,27,1021
3,1101,1120,1,,1030.0,1030.0,0.0,,,,,,,27,1021
0,112,142,1,,1000.0,1000.0,0.0,,,,,,,27,1022
1,312,342,1,,2945.0,2890.0,55.0,,,,,,,27,1022
2,901,920,1,,1030.0,1030.0,0.0,,,,,,,27,1022
3,1107,1126,1,,1035.0,1085.0,50.0,,,,,,,27,1022
0,112,142,1,,2945.0,2890.0,55.0,,,,,,,27,1023
1,701,720,1,,1030.0,1030.0,0.0,,,,,,,27,1023
2,907,926,1,,1035.0,1085.0,50.0,,,,,,,27,1023
3,1114,1143,1,,1015.0,1015.0,0.0,,,,,,,27,1023
4,1317,1346,1,,980.0,930.0,50.0,,,,,,,27,1023
0,707,730,1,,3030.0,3020.0,10.0,,,,,,,27,1024
0,507,530,1,,3030.0,3020.0,10.0,,,,,,,27,1025
0,307,330,1,,3030.0,3020.0,10.0,,,,,,,27,1026
0,107,128,1,,3030.0,3030.0,0.0,,,,,,,27,1027
0,1261,1272,1,,960.0,1010.0,50.0,,,,,,,27,1029
0,113,134,1,,5700.0,5705.0,5.0,,,,,,,27,1030
0,853,875,1,,3125.0,3125.0,0.0,,,,,,,27,1032
0,653,675,1,,3125.0,3125.0,0.0,,,,,,,27,1033
0,253,264,1,,6045.0,6045.0,0.0,,,,,,,27,1035
0,862,872,1,,3115.0,3165.0,50.0,,,,,,,27,1038
0,62,84,1,,3115.0,3110.0,5.0,,,,,,,27,1042
1,685,706,1,,1080.0,1080.0,0.0,,,,,,,27,1042
2,901,922,1,,2065.0,2065.0,0.0,,,,,,,27,1042
0,266,288,1,,1095.0,1090.0,5.0,,,,,,,27,1043
1,485,506,1,,1080.0,1080.0,0.0,,,,,,,27,1043
2,701,722,1,,2065.0,2070.0,5.0,,,,,,,27,1043
3,1114,1136,1,,980.0,980.0,0.0,,,,,,,27,1043
0,285,308,1,,1080.0,1080.0,0.0,,,,,,,27,1044
1,501,524,1,,5155.0,5150.0,5.0,,,,,,,27,1044
0,85,106,1,,1080.0,1080.0,0.0,,,,,,,27,1045
1,301,322,1,,2065.0,2065.0,0.0,,,,,,,27,1045
2,714,735,1,,3090.0,3085.0,5.0,,,,,,,27,1045
0,101,122,1,,2065.0,2070.0,5.0,,,,,,,27,1046
1,514,536,1,,980.0,980.0,0.0,,,,,,,27,1046
2,710,732,1,,2110.0,2105.0,5.0,,,,,,,27,1046
0,314,336,1,,980.0,980.0,0.0,,,,,,,27,1047
1,510,532,1,,2110.0,2105.0,5.0,,,,,,,27,1047
0,114,136,1,,980.0,980.0,0.0,,,,,,,27,1048
1,310,332,1,,2110.0,2105.0,5.0,,,,,,,27,1048
0,532,554,1,,4315.0,4320.0,5.0,,,,,,,27,1049
0,116,125,1,,1080.0,1135.0,55.0,,,,,,,27,1050
1,332,352,1,,1095.0,1100.0,5.0,,,,,,,27,1050
0,132,152,1,,5380.0,5340.0,40.0,,,,,,,27,1051
1,1208,1220,1,,1075.0,1110.0,35.0,,,,,,,27,1051
0,151,172,1,,5360.0,5350.0,10.0,,,,,,,27,1052
1,1223,1242,1,,1085.0,1090.0,5.0,,,,,,,27,1052
0,474,496,1,,1105.0,1100.0,5.0,,,,,,,27,1053
0,274,295,1,,1105.0,1105.0,0.0,,,,,,,27,1054
1,495,516,1,,3145.0,3100.0,45.0,,,,,,,27,1054
2,1124,1136,1,,1065.0,1110.0,45.0,,,,,,,27,1054
3,1337,1358,1,,1110.0,1110.0,0.0,,,,,,,27,1054
0,74,94,1,,1105.0,1100.0,5.0,,,,,,,27,1055
1,295,314,1,,3145.0,3110.0,35.0,,,,,,,27,1055
2,924,936,1,,1065.0,1110.0,45.0,,,,,,,27,1055
3,1137,1158,1,,1110.0,1100.0,10.0,,,,,,,27,1055
0,95,117,1,,4210.0,4215.0,5.0,,,,,,,27,1056
1,937,960,1,,1110.0,1060.0,50.0,,,,,,,27,1056
0,524,536,1,,1065.0,1110.0,45.0,,,,,,,27,1057
1,737,758,1,,1110.0,1110.0,0.0,,,,,,,27,1057
2,959,980,1,,2145.0,2145.0,0.0,,,,,,,27,1057
0,324,336,1,,1065.0,1110.0,45.0,,,,,,,27,1058
1,537,558,1,,1110.0,1070.0,40.0,,,,,,,27,1058
2,759,772,1,,2145.0,2185.0,40.0,,,,,,,27,1058
3,1188,1209,1,,1020.0,1025.0,5.0,,,,,,,27,1058
0,204,227,1,,1040.0,1040.0,0.0,,,,,,,27,1059
1,412,435,1,,1065.0,945.0,120.0,,,,,,,27,1059
2,625,624,1,,3195.0,3320.0,125.0,,,,,,,27,1059
3,1264,1288,1,,1055.0,1050.0,5.0,,,,,,,27,1059
0,212,236,1,,1065.0,945.0,120.0,,,,,,,27,1060
1,425,425,1,,1045.0,1120.0,75.0,,,,,,,27,1060
2,634,649,1,,2150.0,2200.0,50.0,,,,,,,27,1060
3,1064,1089,1,,1055.0,1045.0,10.0,,,,,,,27,1060
4,1275,1298,1,,1110.0,1070.0,40.0,,,,,,,27,1060
0,225,224,1,,3195.0,3310.0,115.0,,,,,,,27,1061
1,864,886,1,,1055.0,1055.0,0.0,,,,,,,27,1061
2,1075,1097,1,,2225.0,2225.0,0.0,,,,,,,27,1061
0,664,686,1,,1055.0,1055.0,0.0,,,,,,,27,1062
1,875,897,1,,2225.0,2225.0,0.0,,,,,,,27,1062
0,464,486,1,,1055.0,1050.0,5.0,,,,,,,27,1063
1,675,696,1,,2225.0,2230.0,5.0,,,,,,,27,1063
0,264,286,1,,1055.0,1055.0,0.0,,,,,,,27,1064
1,475,497,1,,2225.0,2225.0,0.0,,,,,,,27,1064
0,64,86,1,,1055.0,1055.0,0.0,,,,,,,27,1065
1,275,297,1,,2225.0,2225.0,0.0,,,,,,,27,1065
2,720,742,1,,3135.0,3140.0,5.0,,,,,,,27,1065
0,75,97,1,,1110.0,1105.0,5.0,,,,,,,27,1066
1,297,318,1,,1115.0,1120.0,5.0,,,,,,,27,1066
2,520,542,1,,3135.0,3140.0,5.0,,,,,,,27,1066
3,1147,1170,1,,1010.0,1045.0,35.0,,,,,,,27,1066
4,1349,1379,1,,1040.0,1000.0,40.0,,,,,,,27,1066
0,320,340,1,,1095.0,1100.0,5.0,,,,,,,27,1067
1,539,560,1,,2040.0,2040.0,0.0,,,,,,,27,1067
2,947,968,1,,2050.0,2050.0,0.0,,,,,,,27,1067
3,1357,1378,1,,1055.0,1050.0,5.0,,,,,,,27,1067
0,120,142,1,,4145.0,4185.0,40.0,,,,,,,27,1068
1,949,979,1,,1040.0,995.0,45.0,,,,,,,27,1068
2,1157,1178,1,,1055.0,1055.0,0.0,,,,,,,27,1068
0,547,570,1,,2050.0,2050.0,0.0,,,,,,,27,1069
1,957,980,1,,1055.0,1050.0,5.0,,,,,,,27,1069
2,1168,1190,1,,1055.0,1060.0,5.0,,,,,,,27,1069
0,347,370,1,,1010.0,1045.0,35.0,,,,,,,27,1070
1,549,579,1,,1040.0,1005.0,35.0,,,,,,,27,1070
2,757,780,1,,1055.0,1050.0,5.0,,,,,,,27,1070
0,557,578,1,,1055.0,1055.0,0.0,,,,,,,27,1071
1,768,789,1,,1055.0,1060.0,5.0,,,,,,,27,1071
2,979,1001,1,,2020.0,2020.0,0.0,,,,,,,27,1071
0,149,179,1,,1040.0,995.0,45.0,,,,,,,27,1072
1,357,378,1,,1055.0,1055.0,0.0,,,,,,,27,1072
2,568,589,1,,1055.0,1060.0,5.0,,,,,,,27,1072
3,779,801,1,,2020.0,2020.0,0.0,,,,,,,27,1072
0,157,178,1,,1055.0,1050.0,5.0,,,,,,,27,1073
1,368,388,1,,1055.0,1060.0,5.0,,,,,,,27,1073
2,579,600,1,,1020.0,1020.0,0.0,,,,,,,27,1073
3,783,804,1,,1000.0,1000.0,0.0,,,,,,,27,1073
4,983,1004,1,,2045.0,2040.0,5.0,,,,,,,27,1073
0,168,189,1,,3075.0,3080.0,5.0,,,,,,,27,1074
0,383,406,1,,2045.0,2045.0,0.0,,,,,,,27,1076
1,792,815,1,,3045.0,3050.0,5.0,,,,,,,27,1076
0,183,206,1,,2045.0,2040.0,5.0,,,,,,,27,1077
1,592,614,1,,3045.0,3050.0,5.0,,,,,,,27,1077
0,1001,1023,1,,2035.0,2035.0,0.0,,,,,,,27,1078
0,192,212,1,,1035.0,1040.0,5.0,,,,,,,27,1079
1,399,420,1,,2010.0,2010.0,0.0,,,,,,,27,1079
2,801,822,1,,1010.0,1010.0,0.0,,,,,,,27,1079
3,1003,1024,1,,1025.0,1020.0,5.0,,,,,,,27,1079
4,1208,1228,1,,1045.0,1050.0,5.0,,,,,,,27,1079
0,601,621,1,,1010.0,1005.0,5.0,,,,,,,27,1080
1,803,822,1,,1025.0,1030.0,5.0,,,,,,,27,1080
2,1008,1028,1,,1045.0,1040.0,5.0,,,,,,,27,1080
0,401,424,1,,2035.0,2030.0,5.0,,,,,,,27,1081
1,808,830,1,,1045.0,1045.0,0.0,,,,,,,27,1081
0,201,225,1,,1010.0,1005.0,5.0,,,,,,,27,1082
1,403,426,1,,1025.0,1030.0,5.0,,,,,,,27,1082
2,608,632,1,,1045.0,1040.0,5.0,,,,,,,27,1082
0,203,226,1,,1025.0,1030.0,5.0,,,,,,,27,1083
1,408,432,1,,1045.0,1040.0,5.0,,,,,,,27,1083
2,617,640,1,,3025.0,3030.0,5.0,,,,,,,27,1083
3,1222,1246,1,,1005.0,950.0,55.0,,,,,,,27,1083
0,208,231,1,,1045.0,1045.0,0.0,,,,,,,27,1084
1,417,440,1,,4030.0,3980.0,50.0,,,,,,,27,1084
2,1223,1236,1,,1045.0,1100.0,55.0,,,,,,,27,1084
0,217,239,1,,1040.0,1080.0,40.0,,,,,,,27,1085
1,425,455,1,,1985.0,1950.0,35.0,,,,,,,27,1085
2,822,845,1,,2050.0,2045.0,5.0,,,,,,,27,1085
3,1232,1254,1,,1055.0,1060.0,5.0,,,,,,,27,1085
0,225,255,1,,1985.0,1950.0,35.0,,,,,,,27,1086
1,622,645,1,,2050.0,2045.0,5.0,,,,,,,27,1086
2,1032,1054,1,,1055.0,1060.0,5.0,,,,,,,27,1086
0,422,445,1,,2050.0,2045.0,5.0,,,,,,,27,1087
1,832,854,1,,1055.0,1060.0,5.0,,,,,,,27,1087
0,222,245,1,,2050.0,2045.0,5.0,,,,,,,27,1088
1,632,654,1,,1055.0,1060.0,5.0,,,,,,,27,1088
0,432,454,1,,1055.0,1060.0,5.0,,,,,,,27,1089
1,643,666,1,,2020.0,1970.0,50.0,,,,,,,27,1089
2,1047,1060,1,,2025.0,2070.0,45.0,,,,,,,27,1089
0,232,254,1,,1055.0,1055.0,0.0,,,,,,,27,1090
1,443,465,1,,4045.0,3995.0,50.0,,,,,,,27,1090
2,1252,1264,1,,1045.0,1090.0,45.0,,,,,,,27,1090
0,243,265,1,,5090.0,5085.0,5.0,,,,,,,27,1091
1,1261,1282,1,,1045.0,1050.0,5.0,,,,,,,27,1091
0,1061,1082,1,,1045.0,1050.0,5.0,,,,,,,27,1092
0,452,472,1,,1045.0,1050.0,5.0,,,,,,,27,1093
1,661,682,1,,1045.0,1040.0,5.0,,,,,,,27,1093
0,252,272,1,,1045.0,1050.0,5.0,,,,,,,27,1094
1,461,482,1,,1045.0,1040.0,5.0,,,,,,,27,1094
0,261,282,1,,1045.0,1040.0,5.0,,,,,,,27,1095
1,470,490,1,,5115.0,5115.0,0.0,,,,,,,27,1095
0,61,80,1,,1045.0,1050.0,5.0,,,,,,,27,1096
1,270,290,1,,5115.0,5110.0,5.0,,,,,,,27,1096
2,1293,1312,1,,1035.0,1090.0,55.0,,,,,,,27,1096
0,70,90,1,,5115.0,5110.0,5.0,,,,,,,27,1097
1,1093,1112,1,,1035.0,1090.0,55.0,,,,,,,27,1097
0,683,702,1,,1050.0,1055.0,5.0,,,,,,,27,1098
1,893,913,1,,1035.0,1040.0,5.0,,,,,,,27,1098
2,1100,1121,1,,2005.0,2005.0,0.0,,,,,,,27,1098
0,483,502,1,,1050.0,1055.0,5.0,,,,,,,27,1099
1,693,713,1,,1035.0,1040.0,5.0,,,,,,,27,1099
2,900,921,1,,2005.0,2005.0,0.0,,,,,,,27,1099
3,1301,1322,1,,985.0,980.0,5.0,,,,,,,27,1099
0,283,304,1,,1050.0,1050.0,0.0,,,,,,,27,1100
1,493,514,1,,3040.0,3040.0,0.0,,,,,,,27,1100
2,1101,1122,1,,985.0,990.0,5.0,,,,,,,27,1100
0,293,316,1,,1035.0,1040.0,5.0,,,,,,,27,1101
1,500,524,1,,2005.0,2000.0,5.0,,,,,,,27,1101
2,901,924,1,,985.0,940.0,45.0,,,,,,,27,1101
0,93,115,1,,3040.0,3040.0,0.0,,,,,,,27,1102
1,701,723,1,,985.0,990.0,5.0,,,,,,,27,1102
2,898,921,1,,2010.0,1955.0,55.0,,,,,,,27,1102
3,1300,1312,1,,1020.0,1020.0,0.0,,,,,,,27,1102
0,501,526,1,,985.0,980.0,5.0,,,,,,,27,1103
1,698,722,1,,2010.0,2010.0,0.0,,,,,,,27,1103
2,1100,1124,1,,1020.0,1020.0,0.0,,,,,,,27,1103
0,301,324,1,,985.0,990.0,5.0,,,,,,,27,1104
1,498,522,1,,3030.0,3025.0,5.0,,,,,,,27,1104
0,101,123,1,,985.0,990.0,5.0,,,,,,,27,1105
1,298,321,1,,2010.0,1955.0,55.0,,,,,,,27,1105
2,700,712,1,,1020.0,1070.0,50.0,,,,,,,27,1105
3,904,926,1,,1000.0,1010.0,10.0,,,,,,,27,1105
0,98,121,1,,2010.0,1955.0,55.0,,,,,,,27,1106
1,500,512,1,,1020.0,1070.0,50.0,,,,,,,27,1106
2,704,726,1,,1000.0,1000.0,0.0,,,,,,,27,1106
0,300,312,1,,1020.0,1070.0,50.0,,,,,,,27,1107
1,504,526,1,,1000.0,1000.0,0.0,,,,,,,27,1107
0,100,112,1,,1020.0,1070.0,50.0,,,,,,,27,1108
1,304,326,1,,1000.0,1010.0,10.0,,,,,,,27,1108
2,504,528,1,,4950.0,4940.0,10.0,,,,,,,27,1108
0,104,126,1,,1000.0,1010.0,10.0,,,,,,,27,1109
1,304,328,1,,4950.0,4940.0,10.0,,,,,,,27,1109
2,1294,1316,1,,1050.0,1050.0,0.0,,,,,,,27,1109
0,488,518,1,,2030.0,1980.0,50.0,,,,,,,27,1110
1,894,914,1,,1050.0,1050.0,0.0,,,,,,,27,1110
2,1104,1124,1,,1050.0,1050.0,0.0,,,,,,,27,1110
0,694,716,1,,1050.0,1050.0,0.0,,,,,,,27,1111
0,494,516,1,,1050.0,1050.0,0.0,,,,,,,27,1112
1,704,726,1,,4125.0,4125.0,0.0,,,,,,,27,1112
0,85,97,1,,1045.0,1095.0,50.0,,,,,,,27,1113
1,294,316,1,,1050.0,1050.0,0.0,,,,,,,27,1113
2,504,526,1,,1050.0,1010.0,40.0,,,,,,,27,1113
3,714,728,1,,2040.0,2085.0,45.0,,,,,,,27,1113
4,1122,1145,1,,1035.0,1035.0,0.0,,,,,,,27,1113
0,94,116,1,,1050.0,1050.0,0.0,,,,,,,27,1114
1,304,326,1,,1050.0,1010.0,40.0,,,,,,,27,1114
2,514,528,1,,2040.0,2085.0,45.0,,,,,,,27,1114
3,922,945,1,,1035.0,1035.0,0.0,,,,,,,27,1114
4,1129,1152,1,,1030.0,1025.0,5.0,,,,,,,27,1114
0,104,126,1,,1050.0,930.0,120.0,,,,,,,27,1115
1,314,312,1,,2040.0,2165.0,125.0,,,,,,,27,1115
2,722,745,1,,1035.0,1035.0,0.0,,,,,,,27,1115
3,929,952,1,,1030.0,1025.0,5.0,,,,,,,27,1115
4,1135,1157,1,,1020.0,975.0,45.0,,,,,,,27,1115
0,114,135,1,,2040.0,2045.0,5.0,,,,,,,27,1116
1,522,544,1,,2065.0,2060.0,5.0,,,,,,,27,1116
2,935,956,1,,1020.0,1020.0,0.0,,,,,,,27,1116
3,1139,1160,1,,1025.0,950.0,75.0,,,,,,,27,1116
0,529,523,1,,1030.0,1170.0,140.0,,,,,,,27,1117
1,735,757,1,,2045.0,1900.0,145.0,,,,,,,27,1117
2,1144,1137,1,,1985.0,2130.0,145.0,,,,,,,27,1117
0,329,323,1,,1030.0,1170.0,140.0,,,,,,,27,1118
1,535,557,1,,1020.0,975.0,45.0,,,,,,,27,1118
2,739,752,1,,1025.0,925.0,100.0,,,,,,,27,1118
3,944,937,1,,1985.0,2135.0,150.0,,,,,,,27,1118
0,129,152,1,,1030.0,1025.0,5.0,,,,,,,27,1119
1,335,357,1,,1020.0,975.0,45.0,,,,,,,27,1119
2,539,552,1,,3010.0,3060.0,50.0,,,,,,,27,1119
0,135,156,1,,1020.0,1020.0,0.0,,,,,,,27,1120
1,339,360,1,,1025.0,950.0,75.0,,,,,,,27,1120
2,544,550,1,,1985.0,2060.0,75.0,,,,,,,27,1120
3,941,962,1,,2065.0,2070.0,5.0,,,,,,,27,1120
0,741,764,1,,3140.0,3130.0,10.0,,,,,,,27,1121
0,144,150,1,,1985.0,2060.0,75.0,,,,,,,27,1122
1,541,562,1,,2065.0,2070.0,5.0,,,,,,,27,1122
2,954,976,1,,1075.0,1070.0,5.0,,,,,,,27,1122
0,341,362,1,,3140.0,3135.0,5.0,,,,,,,27,1123
1,969,989,1,,1030.0,980.0,50.0,,,,,,,27,1123
2,1175,1185,1,,1965.0,2015.0,50.0,,,,,,,27,1123
0,769,792,1,,1030.0,1035.0,5.0,,,,,,,27,1124
1,975,999,1,,990.0,985.0,5.0,,,,,,,27,1124
2,1173,1196,1,,975.0,980.0,5.0,,,,,,,27,1124
0,354,376,1,,1075.0,1070.0,5.0,,,,,,,27,1125
1,569,590,1,,1030.0,990.0,40.0,,,,,,,27,1125
2,775,788,1,,990.0,1040.0,50.0,,,,,,,27,1125
3,973,996,1,,975.0,970.0,5.0,,,,,,,27,1125
4,1168,1190,1,,995.0,950.0,45.0,,,,,,,27,1125
0,369,390,1,,2020.0,2030.0,10.0,,,,,,,27,1126
1,773,796,1,,975.0,970.0,5.0,,,,,,,27,1126
2,968,990,1,,995.0,950.0,45.0,,,,,,,27,1126
3,1167,1180,1,,1040.0,1080.0,40.0,,,,,,,27,1126
0,169,192,1,,2995.0,3000.0,5.0,,,,,,,27,1127
1,768,792,1,,2035.0,2030.0,5.0,,,,,,,27,1127
0,373,396,1,,3010.0,3000.0,10.0,,,,,,,27,1128
0,173,196,1,,975.0,970.0,5.0,,,,,,,27,1129
1,368,390,1,,995.0,950.0,45.0,,,,,,,27,1129
2,567,580,1,,1040.0,1080.0,40.0,,,,,,,27,1129
0,168,190,1,,995.0,950.0,45.0,,,,,,,27,1130
1,367,380,1,,1040.0,1080.0,40.0,,,,,,,27,1130
2,575,596,1,,4245.0,4250.0,5.0,,,,,,,27,1130
0,375,398,1,,4245.0,4245.0,0.0,,,,,,,27,1131
1,1224,1247,1,,1135.0,1135.0,0.0,,,,,,,27,1131
0,175,196,1,,4245.0,4250.0,5.0,,,,,,,27,1132
1,1024,1046,1,,1135.0,1135.0,0.0,,,,,,,27,1132
2,1251,1273,1,,1125.0,1075.0,50.0,,,,,,,27,1132
0,824,846,1,,2260.0,2260.0,0.0,,,,,,,27,1133
0,624,647,1,,1135.0,1135.0,0.0,,,,,,,27,1134
1,851,874,1,,3210.0,3210.0,0.0,,,,,,,27,1134
0,651,676,1,,1125.0,1125.0,0.0,,,,,,,27,1135
1,876,901,1,,1050.0,910.0,140.0,,,,,,,27,1135
2,1086,1083,1,,1035.0,1175.0,140.0,,,,,,,27,1135
0,224,248,1,,1135.0,1130.0,5.0,,,,,,,27,1136
1,451,474,1,,1125.0,1130.0,5.0,,,,,,,27,1136
2,676,700,1,,1050.0,1005.0,45.0,,,,,,,27,1136
3,886,901,1,,1035.0,1085.0,50.0,,,,,,,27,1136
0,251,274,1,,1125.0,1130.0,5.0,,,,,,,27,1137
1,476,500,1,,1050.0,1005.0,45.0,,,,,,,27,1137
2,686,701,1,,1035.0,1085.0,50.0,,,,,,,27,1137
3,893,918,1,,2065.0,2060.0,5.0,,,,,,,27,1137
0,276,300,1,,1050.0,1005.0,45.0,,,,,,,27,1138
1,486,501,1,,1035.0,1085.0,50.0,,,,,,,27,1138
2,693,718,1,,2065.0,2060.0,5.0,,,,,,,27,1138
3,1106,1130,1,,1035.0,895.0,140.0,,,,,,,27,1138
0,76,98,1,,2085.0,2090.0,5.0,,,,,,,27,1139
1,493,516,1,,2065.0,2060.0,5.0,,,,,,,27,1139
2,906,928,1,,1035.0,1040.0,5.0,,,,,,,27,1139
0,86,100,1,,1035.0,1080.0,45.0,,,,,,,27,1140
0,93,118,1,,2065.0,2060.0,5.0,,,,,,,27,1141
1,506,530,1,,1035.0,1040.0,5.0,,,,,,,27,1141
2,713,738,1,,2025.0,2030.0,5.0,,,,,,,27,1141
3,1118,1144,1,,2085.0,2040.0,45.0,,,,,,,27,1141
0,306,330,1,,1035.0,1040.0,5.0,,,,,,,27,1142
1,513,538,1,,2025.0,1970.0,55.0,,,,,,,27,1142
2,918,932,1,,2085.0,2135.0,50.0,,,,,,,27,1142
0,1135,1158,1,,2130.0,2130.0,0.0,,,,,,,27,1143
0,114,140,1,,1095.0,1100.0,5.0,,,,,,,28,1145
1,333,360,1,,1060.0,1060.0,0.0,,,,,,,28,1145
2,545,572,1,,995.0,995.0,0.0,,,,,,,28,1145
3,744,771,1,,945.0,940.0,5.0,,,,,,,28,1145
4,933,959,1,,965.0,960.0,5.0,,,,,,,28,1145
5,1126,1151,1,,1085.0,1090.0,5.0,,,,,,,28,1145
0,133,163,1,,1060.0,1060.0,0.0,,,,,,,28,1146
1,345,375,1,,995.0,995.0,0.0,,,,,,,28,1146
2,544,574,1,,945.0,940.0,5.0,,,,,,,28,1146
3,733,762,1,,965.0,965.0,0.0,,,,,,,28,1146
4,926,955,1,,1085.0,1085.0,0.0,,,,,,,28,1146
5,1143,1172,1,,1330.0,1325.0,5.0,,,,,,,28,1146
0,126,155,1,,1240.0,1240.0,0.0,,,,,,,28,1151
1,374,403,1,,1295.0,1300.0,5.0,,,,,,,28,1151
2,633,663,1,,4270.0,4270.0,0.0,,,,,,,28,1151
0,174,202,1,,1295.0,1295.0,0.0,,,,,,,28,1152
1,433,461,1,,1195.0,1200.0,5.0,,,,,,,28,1152
2,672,701,1,,1100.0,1100.0,0.0,,,,,,,28,1152
3,892,921,1,,1000.0,1000.0,0.0,,,,,,,28,1152
4,1092,1121,1,,975.0,965.0,10.0,,,,,,,28,1152
