seg_id,Subject_ID,Mask_F1,Mask_Precision,Mask_Recall,Mask_Prob_Mean,Mask_Prob_Max,Mask_True_Sparsity,Mask_Pred_Sparsity
0,25,0.119420989143434,0.06350224502886462,0.9999999999999899,0.5702743487805129,0.8104828000068665,0.061875,0.974375
1,25,0.11956521739119179,0.0635838150289017,0.9999999999999899,0.5704126189276576,0.794055700302124,0.061875,0.973125
2,25,0.11913357400710806,0.06333973128598845,0.9999999999999899,0.5703962526656687,0.7771607637405396,0.061875,0.976875
3,25,0.11877624475093793,0.06313775510204078,0.9999999999999899,0.5704286426305771,0.7693700790405273,0.061875,0.98
4,25,0.11863391252235679,0.06305732484076429,0.9999999999999899,0.5706458686292172,0.7600441575050354,0.061875,0.98125
5,25,0.11856287425138534,0.06301718650541054,0.9999999999999899,0.5707171447575092,0.7538915872573853,0.061875,0.981875
6,25,0.10608800482208144,0.05601527689369825,0.9999999999999887,0.570771083701402,0.7411196231842041,0.055,0.981875
7,25,0.10653753026624282,0.05626598465473143,0.9999999999999887,0.5707019153796137,0.7436522841453552,0.055,0.9775
8,25,0.11764705882341855,0.062499999999999965,0.9999999999999899,0.5707551698759198,0.7403265237808228,0.06125,0.98
9,25,0.11856287425138534,0.06301718650541054,0.9999999999999899,0.5708906661719084,0.7404029369354248,0.061875,0.981875
10,25,0.11863391252235679,0.06305732484076429,0.9999999999999899,0.5707574549503625,0.7474051713943481,0.061875,0.98125
11,25,0.11863391252235679,0.06305732484076429,0.9999999999999899,0.5708397809788585,0.7439473867416382,0.061875,0.98125
12,25,0.11856287425138534,0.06301718650541054,0.9999999999999899,0.5708642180263996,0.7438335418701172,0.061875,0.981875
13,25,0.11813842482089107,0.0627774254914394,0.9999999999999899,0.5708526838943362,0.744586169719696,0.061875,0.985625
14,25,0.11827956989236169,0.06285714285714282,0.9999999999999899,0.5708335106633604,0.7484915256500244,0.061875,0.984375
15,25,0.11806797853298356,0.0627376425855513,0.9999999999999899,0.5707615930587053,0.7502052783966064,0.061875,0.98625
16,25,0.10677864427104455,0.05640050697084914,0.9999999999999888,0.570697605740279,0.750464141368866,0.055625,0.98625
17,25,0.11827956989236169,0.06285714285714282,0.9999999999999899,0.5707414215058089,0.7533527612686157,0.061875,0.984375
18,25,0.11827956989236169,0.06285714285714282,0.9999999999999899,0.5704366029985249,0.7714757323265076,0.061875,0.984375
19,25,0.11792733770090137,0.06265822784810123,0.9999999999999899,0.5706608603335916,0.7690502405166626,0.061875,0.9875
20,25,0.11778703152874087,0.0625790139064475,0.9999999999999899,0.5705695234052837,0.7668609619140625,0.061875,0.98875
21,25,0.11813842482089107,0.0627774254914394,0.9999999999999899,0.5705532363802195,0.7698874473571777,0.061875,0.985625
22,25,0.11799761620966234,0.06269791006966431,0.9999999999999899,0.57060347834602,0.7700386643409729,0.061875,0.986875
23,25,0.11764705882341855,0.062499999999999965,0.9999999999999899,0.5705796442180872,0.7668820023536682,0.061875,0.99
24,25,0.12994683992899825,0.06948831332912188,0.999999999999991,0.5705810477212071,0.7680949568748474,0.06875,0.989375
25,25,0.11750741839751536,0.06242118537200501,0.9999999999999899,0.5706974327936769,0.7655016779899597,0.061875,0.99125
26,25,0.11743772241981813,0.06238185255198484,0.9999999999999899,0.5705471194162964,0.7433132529258728,0.061875,0.991875
27,25,0.11729857819894156,0.0623033354310887,0.9999999999999899,0.5707203941047192,0.7466194033622742,0.061875,0.993125
28,25,0.11715976331349903,0.062225015713387774,0.9999999999999899,0.5707644773460925,0.7367244362831116,0.061875,0.994375
29,25,0.11736810906924328,0.06234256926952138,0.9999999999999899,0.5707217374257744,0.734943151473999,0.061875,0.9925
30,25,0.1175771971495329,0.06246056782334381,0.9999999999999899,0.5707201503217221,0.7351101040840149,0.061875,0.990625
31,25,0.11778703152874087,0.0625790139064475,0.9999999999999899,0.5706669997051358,0.7385081648826599,0.061875,0.98875
32,25,0.10538922155678626,0.05562579013906444,0.9999999999999887,0.5707212559878826,0.7406994104385376,0.055,0.98875
33,25,0.10532615200468765,0.055590650663297506,0.9999999999999887,0.5707825361937284,0.7422683835029602,0.055,0.989375
34,25,0.10564225690266092,0.05576679340937893,0.9999999999999887,0.5706381155923009,0.7462792992591858,0.055,0.98625
35,25,0.10576923076913046,0.055837563451776616,0.9999999999999887,0.5705849987454712,0.746853232383728,0.055,0.985
36,25,0.11792733770090137,0.06265822784810123,0.9999999999999899,0.5706386304460466,0.7507164478302002,0.061875,0.9875
37,25,0.11799761620966234,0.06269791006966431,0.9999999999999899,0.5706838807091117,0.7495320439338684,0.061875,0.986875
38,25,0.11813842482089107,0.0627774254914394,0.9999999999999899,0.5708068266138434,0.7417831420898438,0.061875,0.985625
39,25,0.11806797853298356,0.0627376425855513,0.9999999999999899,0.5708409458957613,0.7423253059387207,0.061875,0.98625
40,25,0.11835026897777257,0.06289707750952983,0.9999999999999899,0.5708150960505008,0.7437407374382019,0.061875,0.98375
41,25,0.1184210526314674,0.0629370629370629,0.9999999999999899,0.5707280783541501,0.7454471588134766,0.061875,0.983125
42,25,0.11799761620966234,0.06269791006966431,0.9999999999999899,0.570750887747854,0.7452670931816101,0.061875,0.986875
43,25,0.1184210526314674,0.0629370629370629,0.9999999999999899,0.5707420355454087,0.7467063069343567,0.061875,0.983125
44,25,0.10583283223080762,0.05587301587301584,0.9999999999999887,0.5708536394312977,0.7439104318618774,0.055,0.984375
45,25,0.10583283223080762,0.05587301587301584,0.9999999999999887,0.5708501056581735,0.7514850497245789,0.055,0.984375
46,25,0.11799761620966234,0.06269791006966431,0.9999999999999899,0.570942463632673,0.7538415789604187,0.061875,0.986875
47,25,0.1175771971495329,0.06246056782334381,0.9999999999999899,0.5705934729985893,0.7425627112388611,0.061875,0.990625
48,25,0.11778703152874087,0.0625790139064475,0.9999999999999899,0.5709253831580281,0.7518709897994995,0.061875,0.98875
49,25,0.11792733770090137,0.06265822784810123,0.9999999999999899,0.5709965572319925,0.752088725566864,0.061875,0.9875
50,25,0.11799761620966234,0.06269791006966431,0.9999999999999899,0.5710573481582105,0.7565794587135315,0.061875,0.986875
51,25,0.11764705882341855,0.062499999999999965,0.9999999999999899,0.571052606459707,0.7616613507270813,0.061875,0.99
52,25,0.11778703152874087,0.0625790139064475,0.9999999999999899,0.5710396991111338,0.76690274477005,0.061875,0.98875
53,25,0.11771700356707099,0.06253948199620969,0.9999999999999899,0.5710155080258846,0.7651576995849609,0.061875,0.989375
54,25,0.10520023909135268,0.05552050473186117,0.9999999999999887,0.5710234857723117,0.7615578770637512,0.055,0.990625
55,25,0.11813842482089107,0.0627774254914394,0.9999999999999899,0.5709235839731991,0.7492121458053589,0.061875,0.985625
56,25,0.11799761620966234,0.06269791006966431,0.9999999999999899,0.5708943393453956,0.7537789344787598,0.061875,0.986875
57,25,0.11743772241981813,0.06238185255198484,0.9999999999999899,0.5707371777482331,0.7505114674568176,0.061875,0.991875
58,25,0.11743772241981813,0.06238185255198484,0.9999999999999899,0.5709719499386847,0.7465118765830994,0.061875,0.991875
59,25,0.11764705882341855,0.062499999999999965,0.9999999999999899,0.5709601368568837,0.7467763423919678,0.061875,0.99
60,25,0.11743772241981813,0.06238185255198484,0.9999999999999899,0.5710021957568824,0.7474955320358276,0.061875,0.991875
61,25,0.11736810906924328,0.06234256926952138,0.9999999999999899,0.5709388400800526,0.7456491589546204,0.061875,0.9925
62,25,0.11743772241981813,0.06238185255198484,0.9999999999999899,0.5709275201708078,0.74729323387146,0.061875,0.991875
63,25,0.11792733770090137,0.06265822784810123,0.9999999999999899,0.5709335390105843,0.7453064918518066,0.061875,0.9875
64,25,0.11792733770090137,0.06265822784810123,0.9999999999999899,0.5707718832232058,0.7502354979515076,0.061875,0.9875
65,25,0.11771700356707099,0.06253948199620969,0.9999999999999899,0.5707835662178695,0.7536047697067261,0.061875,0.989375
66,25,0.11778703152874087,0.0625790139064475,0.9999999999999899,0.570621054135263,0.7505271434783936,0.061875,0.98875
67,25,0.11750741839751536,0.06242118537200501,0.9999999999999899,0.5705772162973881,0.7438141703605652,0.061875,0.99125
68,25,0.11771700356707099,0.06253948199620969,0.9999999999999899,0.5705572483316064,0.7392560839653015,0.061875,0.989375
69,25,0.11785714285703178,0.0626185958254269,0.9999999999999899,0.5706105984747409,0.7387677431106567,0.061875,0.988125
70,25,0.13025458851379162,0.06966434452184923,0.999999999999991,0.5705808711610735,0.7410910129547119,0.06875,0.986875
71,25,0.11778703152874087,0.0625790139064475,0.9999999999999899,0.5704768973402679,0.7410520315170288,0.061875,0.98875
72,25,0.11764705882341855,0.062499999999999965,0.9999999999999899,0.5706130803003907,0.7397205233573914,0.061875,0.99
73,25,0.11771700356707099,0.06253948199620969,0.9999999999999899,0.5706113254092634,0.7416292428970337,0.061875,0.989375
74,25,0.11764705882341855,0.062499999999999965,0.9999999999999899,0.5705836188793182,0.7431190013885498,0.061875,0.99
75,25,0.11778703152874087,0.0625790139064475,0.9999999999999899,0.5705928452685476,0.7428597211837769,0.061875,0.98875
76,25,0.1298701298700083,0.0694444444444444,0.999999999999991,0.5706454131193459,0.7439379096031189,0.06875,0.99
77,25,0.1298701298700083,0.0694444444444444,0.999999999999991,0.5707448981516063,0.742458164691925,0.06875,0.99
78,25,0.1175771971495329,0.06246056782334381,0.9999999999999899,0.5706450068019331,0.7368230819702148,0.061875,0.990625
79,25,0.11736810906924328,0.06234256926952138,0.9999999999999899,0.5707330436818302,0.7369984984397888,0.061875,0.9925
80,25,0.11743772241981813,0.06238185255198484,0.9999999999999899,0.5706263861991465,0.7391642332077026,0.061875,0.991875
81,25,0.11729857819894156,0.0623033354310887,0.9999999999999899,0.5707029901072382,0.7386537790298462,0.061875,0.993125
82,25,0.11729857819894156,0.0623033354310887,0.9999999999999899,0.5707017759606242,0.7391954660415649,0.061875,0.993125
83,25,0.1293356848911193,0.06913890634820863,0.999999999999991,0.5706703298166395,0.7582163214683533,0.06875,0.994375
84,25,0.11709047900639465,0.06218592964824117,0.9999999999999899,0.570473782364279,0.7510734796524048,0.061875,0.995
85,25,0.11702127659563438,0.06214689265536719,0.9999999999999899,0.5707664219662547,0.7535139918327332,0.061875,0.995625
86,25,0.11695215593609766,0.062107904642409,0.9999999999999899,0.5706977912038564,0.7575284838676453,0.061875,0.99625
87,25,0.11702127659563438,0.06214689265536719,0.9999999999999899,0.5706811652891338,0.757310152053833,0.061875,0.995625
88,25,0.11709047900639465,0.06218592964824117,0.9999999999999899,0.5706250541843474,0.7579887509346008,0.061875,0.995
89,25,0.1172291296624117,0.06226415094339619,0.9999999999999899,0.5705869873799384,0.7577444911003113,0.061875,0.99375
90,25,0.11743772241981813,0.06238185255198484,0.9999999999999899,0.570742504838854,0.7607243061065674,0.061875,0.991875
91,25,0.11785714285703178,0.0626185958254269,0.9999999999999899,0.570805901195854,0.7438087463378906,0.061875,0.988125
92,25,0.11736810906924328,0.06234256926952138,0.9999999999999899,0.5703828225657344,0.7449358701705933,0.061875,0.9925
93,25,0.1175771971495329,0.06246056782334381,0.9999999999999899,0.5705880852416158,0.7481873035430908,0.061875,0.990625
94,25,0.11799761620966234,0.06269791006966431,0.9999999999999899,0.5704881706647575,0.745822548866272,0.061875,0.986875
95,25,0.11827956989236169,0.06285714285714282,0.9999999999999899,0.5706840527616441,0.7467746138572693,0.061875,0.984375
96,25,0.1184210526314674,0.0629370629370629,0.9999999999999899,0.5706266072578728,0.7446829080581665,0.061875,0.983125
97,25,0.1184210526314674,0.0629370629370629,0.9999999999999899,0.5706116161867976,0.7451902627944946,0.061875,0.983125
98,25,0.1184210526314674,0.0629370629370629,0.9999999999999899,0.5706552910991013,0.7447690367698669,0.061875,0.983125
99,25,0.11849192100527439,0.06297709923664119,0.9999999999999899,0.570694826412946,0.746425986289978,0.061875,0.9825
100,25,0.11891891891880693,0.06321839080459767,0.9999999999999899,0.5705197080224752,0.7505268454551697,0.061875,0.97875
101,25,0.11934900542484245,0.06346153846153843,0.9999999999999899,0.5707454744167626,0.7445787787437439,0.061875,0.975
102,25,0.11906193625965938,0.06329923273657286,0.9999999999999899,0.5708614877052605,0.7454511523246765,0.061875,0.9775
103,25,0.11891891891880693,0.06321839080459767,0.9999999999999899,0.5709393491409719,0.7466982007026672,0.061875,0.97875
104,25,0.11906193625965938,0.06329923273657286,0.9999999999999899,0.5708610510267317,0.752277672290802,0.061875,0.9775
105,25,0.1188475390154943,0.06317804722399485,0.9999999999999899,0.5708818434923887,0.7543355226516724,0.061875,0.979375
106,25,0.11870503597111122,0.06309751434034414,0.9999999999999899,0.5707848177291452,0.753100574016571,0.061875,0.980625
107,25,0.10621605310792584,0.05608667941363923,0.9999999999999887,0.5707883264869451,0.7492725253105164,0.055,0.980625
108,25,0.1184210526314674,0.0629370629370629,0.9999999999999899,0.5704673500172794,0.766060471534729,0.061875,0.983125
109,25,0.11799761620966234,0.06269791006966431,0.9999999999999899,0.5705815364234149,0.7649816274642944,0.061875,0.986875
110,25,0.11827956989236169,0.06285714285714282,0.9999999999999899,0.5706520877219736,0.7636045813560486,0.061875,0.984375
111,25,0.11835026897777257,0.06289707750952983,0.9999999999999899,0.5706291334331035,0.7697418332099915,0.061875,0.98375
112,25,0.11849192100527439,0.06297709923664119,0.9999999999999899,0.5706668614782393,0.7708613276481628,0.061875,0.9825
113,25,0.11835026897777257,0.06289707750952983,0.9999999999999899,0.5706745541095734,0.7683107852935791,0.061875,0.98375
114,25,0.11835026897777257,0.06289707750952983,0.9999999999999899,0.5706277986057102,0.7649579048156738,0.061875,0.98375
115,25,0.11813842482089107,0.0627774254914394,0.9999999999999899,0.5705003827810288,0.7613242864608765,0.061875,0.985625
116,25,0.10647307924974782,0.05623003194888176,0.9999999999999887,0.5706244567781686,0.7430500388145447,0.055,0.978125
117,25,0.11318482841650958,0.05998723675813653,0.9999999999999895,0.5705943878553807,0.75492262840271,0.05875,0.979375
118,25,0.11827956989236169,0.06285714285714282,0.9999999999999899,0.5705380040034652,0.7608591914176941,0.061875,0.984375
119,25,0.11806797853298356,0.0627376425855513,0.9999999999999899,0.5707165084034205,0.7533075213432312,0.061875,0.98625
120,25,0.11792733770090137,0.06265822784810123,0.9999999999999899,0.5706616077199578,0.754102885723114,0.061875,0.9875
121,25,0.13017751479277753,0.06962025316455692,0.999999999999991,0.5708314686827362,0.7526910901069641,0.06875,0.9875
122,25,0.1300236406618168,0.06953223767383056,0.999999999999991,0.5707162517495453,0.7466654181480408,0.06875,0.98875
123,25,0.12994683992899825,0.06948831332912188,0.999999999999991,0.570816995985806,0.7466121912002563,0.06875,0.989375
124,25,0.1293356848911193,0.06913890634820863,0.999999999999991,0.5707590390369296,0.7475622296333313,0.06875,0.994375
125,25,0.12271386430666932,0.06536769327466999,0.9999999999999905,0.5706939538754523,0.7504087686538696,0.065,0.994375
126,25,0.1172291296624117,0.06226415094339619,0.9999999999999899,0.5705411333963275,0.750003457069397,0.061875,0.99375
127,25,0.12956419316831214,0.06926952141057931,0.999999999999991,0.5704476593807339,0.7542298436164856,0.06875,0.9925
128,25,0.12956419316831214,0.06926952141057931,0.999999999999991,0.5703140111081302,0.7454793453216553,0.06875,0.9925
129,25,0.11750741839751536,0.06242118537200501,0.9999999999999899,0.5706961389072239,0.7417129874229431,0.061875,0.99125
130,25,0.11792733770090137,0.06265822784810123,0.9999999999999899,0.5706875458359718,0.7539839744567871,0.061875,0.9875
131,25,0.11806797853298356,0.0627376425855513,0.9999999999999899,0.5707038965076208,0.7568932771682739,0.061875,0.98625
132,25,0.1175771971495329,0.06246056782334381,0.9999999999999899,0.5706278404593468,0.7517883777618408,0.061875,0.990625
133,25,0.11750741839751536,0.06242118537200501,0.9999999999999899,0.57059695744887,0.74864661693573,0.061875,0.99125
134,25,0.11799761620966234,0.06269791006966431,0.9999999999999899,0.570785803925246,0.744159460067749,0.061875,0.986875
135,25,0.11469534050168173,0.06091370558375631,0.979591836734684,0.5708132000267505,0.7475391030311584,0.06125,0.985
136,25,0.11575178997602235,0.06150919467343053,0.9797979797979699,0.5707046432234347,0.7542020678520203,0.061875,0.985625
137,25,0.11527035056435735,0.0612373737373737,0.9797979797979699,0.5705296600982547,0.7510364651679993,0.061875,0.99
138,25,0.11715976331349903,0.062225015713387774,0.9999999999999899,0.5699021443724632,0.8236453533172607,0.061875,0.994375
139,25,0.11743772241981813,0.06238185255198484,0.9999999999999899,0.5701915287971496,0.819461464881897,0.061875,0.991875
140,25,0.11785714285703178,0.0626185958254269,0.9999999999999899,0.5701806870475411,0.8229091763496399,0.061875,0.988125
141,25,0.11771700356707099,0.06253948199620969,0.9999999999999899,0.5701982155814767,0.8255093693733215,0.061875,0.989375
142,25,0.11771700356707099,0.06253948199620969,0.9999999999999899,0.5701672226190567,0.8275442719459534,0.061875,0.989375
143,25,0.10639569635375448,0.05618686868686865,0.9999999999999888,0.5701459463872015,0.8241409659385681,0.055625,0.99
144,25,0.10532615200468765,0.055590650663297506,0.9999999999999887,0.5700839602574707,0.8189680576324463,0.055,0.989375
145,25,0.10526315789463699,0.055555555555555525,0.9999999999999887,0.5699697149172426,0.822965145111084,0.055,0.99
146,25,0.10576923076913046,0.055837563451776616,0.9999999999999887,0.5705598548427224,0.7473258376121521,0.055,0.985
147,25,0.10557888422305522,0.05573147561747938,0.9999999999999887,0.5704136426001787,0.7582764625549316,0.055,0.986875
148,25,0.10557888422305522,0.05573147561747938,0.9999999999999887,0.5704386460967362,0.7646461725234985,0.055,0.986875
149,25,0.11011370436853733,0.05826472450918299,0.9999999999999892,0.5704993032850325,0.764419674873352,0.0575,0.986875
150,25,0.11750741839751536,0.06242118537200501,0.9999999999999899,0.5705432930402458,0.7587683796882629,0.061875,0.99125
151,25,0.11778703152874087,0.0625790139064475,0.9999999999999899,0.5706121855415404,0.7566723227500916,0.061875,0.98875
152,25,0.11799761620966234,0.06269791006966431,0.9999999999999899,0.5708438093215227,0.7433377504348755,0.061875,0.986875
153,25,0.11771700356707099,0.06253948199620969,0.9999999999999899,0.5706388439238071,0.7447178959846497,0.061875,0.989375
154,25,0.11750741839751536,0.06242118537200501,0.9999999999999899,0.5708044606819749,0.7454442977905273,0.061875,0.99125
155,25,0.11750741839751536,0.06242118537200501,0.9999999999999899,0.5707409488223493,0.7546460628509521,0.061875,0.99125
156,25,0.11750741839751536,0.06242118537200501,0.9999999999999899,0.570861566644162,0.7488551735877991,0.061875,0.99125
157,25,0.11316259678369299,0.05997474747474744,0.9999999999999896,0.5708615179546177,0.7488240003585815,0.059375,0.99
158,25,0.10545236668653868,0.05566097406704614,0.9999999999999887,0.5709012626670301,0.7540193200111389,0.055,0.988125
159,25,0.10545236668653868,0.05566097406704614,0.9999999999999887,0.570887236315757,0.7547193765640259,0.055,0.988125
160,25,0.10570570570560545,0.055802155992390585,0.9999999999999887,0.5707605403289199,0.7530314922332764,0.055,0.985625
161,25,0.11687537268921601,0.06206459784673841,0.9999999999999899,0.5707762763649226,0.7505722045898438,0.06125,0.986875
162,25,0.11813842482089107,0.0627774254914394,0.9999999999999899,0.5707644543424248,0.7541808485984802,0.061875,0.985625
163,25,0.11849192100527439,0.06297709923664119,0.9999999999999899,0.5709510209597647,0.7456302642822266,0.061875,0.9825
164,25,0.11856287425138534,0.06301718650541054,0.9999999999999899,0.5708855092898011,0.7416259050369263,0.061875,0.981875
165,25,0.1184210526314674,0.0629370629370629,0.9999999999999899,0.5709136283770203,0.7445152401924133,0.061875,0.983125
166,25,0.1184210526314674,0.0629370629370629,0.9999999999999899,0.5709183663874865,0.742064893245697,0.061875,0.983125
167,25,0.11806797853298356,0.0627376425855513,0.9999999999999899,0.5708681878261268,0.7402662634849548,0.061875,0.98625
168,25,0.11778703152874087,0.0625790139064475,0.9999999999999899,0.5708613426610828,0.7411361336708069,0.061875,0.98875
169,25,0.10645933014343974,0.056222362602653154,0.9999999999999888,0.5708087821863592,0.742059588432312,0.055625,0.989375
170,25,0.11323003575674645,0.060012634238787076,0.9999999999999896,0.5707552198320627,0.7427923083305359,0.059375,0.989375
171,25,0.11778703152874087,0.0625790139064475,0.9999999999999899,0.5705742972716689,0.7479274868965149,0.061875,0.98875
172,25,0.11750741839751536,0.06242118537200501,0.9999999999999899,0.5705810950696468,0.7582516074180603,0.061875,0.99125
173,25,0.11743772241981813,0.06238185255198484,0.9999999999999899,0.5706627532653511,0.7503683567047119,0.061875,0.991875
174,25,0.11729857819894156,0.0623033354310887,0.9999999999999899,0.5706401328928769,0.7651346325874329,0.061875,0.993125
175,25,0.11764705882341855,0.062499999999999965,0.9999999999999899,0.5707790522836149,0.7674111127853394,0.061875,0.99
176,25,0.11813842482089107,0.0627774254914394,0.9999999999999899,0.5707092398032546,0.769271969795227,0.061875,0.985625
177,25,0.12581602373875433,0.06713109563014562,0.9999999999999906,0.570710280612111,0.7748198509216309,0.06625,0.986875
178,25,0.12305854241326548,0.06556333545512409,0.9999999999999903,0.5704538982361556,0.7641799449920654,0.064375,0.981875
179,25,0.1184210526314674,0.0629370629370629,0.9999999999999899,0.5707017809711397,0.7549039125442505,0.061875,0.983125
180,25,0.1184210526314674,0.0629370629370629,0.9999999999999899,0.5706266451999545,0.7555763125419617,0.061875,0.983125
181,25,0.11856287425138534,0.06301718650541054,0.9999999999999899,0.5705830324441195,0.7615212202072144,0.061875,0.981875
182,25,0.11891891891880693,0.06321839080459767,0.9999999999999899,0.570637257732451,0.7540278434753418,0.061875,0.97875
183,25,0.11856287425138534,0.06301718650541054,0.9999999999999899,0.5706145343557,0.746554434299469,0.061875,0.981875
184,25,0.11906193625965938,0.06329923273657286,0.9999999999999899,0.570536719635129,0.7470210790634155,0.061875,0.9775
185,25,0.11117824773403384,0.058861164427383206,0.9999999999999892,0.57053282558918,0.7416287064552307,0.0575,0.976875
186,25,0.11849192100527439,0.06297709923664119,0.9999999999999899,0.570495806094259,0.7429434061050415,0.061875,0.9825
187,25,0.11920529801313277,0.0633802816901408,0.9999999999999899,0.5702121050655842,0.7756989598274231,0.061875,0.97625
188,25,0.11963746223553694,0.06362467866323904,0.9999999999999899,0.5704438523389399,0.7643601298332214,0.061875,0.9725
189,25,0.11963746223553694,0.06362467866323904,0.9999999999999899,0.5704517146945,0.7647913694381714,0.061875,0.9725
190,25,0.119420989143434,0.06350224502886462,0.9999999999999899,0.5704845948331058,0.7579123377799988,0.061875,0.974375
191,25,0.12991656734195225,0.0694710006373486,0.9999999999999909,0.5704997545480728,0.7557600736618042,0.068125,0.980625
192,25,0.13079667063007977,0.0699745547073791,0.999999999999991,0.5704623507894575,0.7572653293609619,0.06875,0.9825
193,25,0.11820895522376923,0.0628172588832487,0.9999999999999899,0.5704652921669185,0.7501658797264099,0.061875,0.985
194,25,0.11778703152874087,0.0625790139064475,0.9999999999999899,0.5705543264746666,0.743725597858429,0.061875,0.98875
195,25,0.11771700356707099,0.06253948199620969,0.9999999999999899,0.570457488168031,0.7504570484161377,0.061875,0.989375
196,25,0.11771700356707099,0.06253948199620969,0.9999999999999899,0.5705919609963894,0.748964786529541,0.061875,0.989375
197,25,0.1172291296624117,0.06226415094339619,0.9999999999999899,0.5706195662915706,0.7551600933074951,0.061875,0.99375
198,25,0.11709047900639465,0.06218592964824117,0.9999999999999899,0.570676575563848,0.7601290345191956,0.061875,0.995
199,25,0.10595238095228048,0.05593966059082335,0.9999999999999888,0.5706549098715186,0.766795814037323,0.055625,0.994375
200,25,0.10833333333323072,0.05726872246696032,0.9999999999999891,0.5706380346044898,0.7686991691589355,0.056875,0.993125
201,25,0.11778703152874087,0.0625790139064475,0.9999999999999899,0.5704912816546858,0.7782779335975647,0.061875,0.98875
202,25,0.11792733770090137,0.06265822784810123,0.9999999999999899,0.5707115348242223,0.7527649402618408,0.061875,0.9875
203,25,0.11750741839751536,0.06242118537200501,0.9999999999999899,0.5704403471574188,0.7490204572677612,0.061875,0.99125
204,25,0.1175771971495329,0.06246056782334381,0.9999999999999899,0.5707005330733955,0.7463536858558655,0.061875,0.990625
205,25,0.11792733770090137,0.06265822784810123,0.9999999999999899,0.570816300418228,0.7426266074180603,0.061875,0.9875
206,25,0.11799761620966234,0.06269791006966431,0.9999999999999899,0.5708040631376207,0.7396062612533569,0.061875,0.986875
207,25,0.11785714285703178,0.0626185958254269,0.9999999999999899,0.5708804084733129,0.7383167147636414,0.061875,0.988125
208,25,0.11455847255359114,0.06075949367088604,0.9999999999999897,0.5710165550932288,0.739831805229187,0.06,0.9875
209,25,0.11771700356707099,0.06253948199620969,0.9999999999999899,0.5710322143137455,0.7423632144927979,0.061875,0.989375
210,25,0.11750741839751536,0.06242118537200501,0.9999999999999899,0.5708799108862876,0.737134575843811,0.061875,0.99125
211,25,0.11785714285703178,0.0626185958254269,0.9999999999999899,0.5711117150634527,0.7442320585250854,0.061875,0.988125
212,25,0.11316259678368876,0.06012658227848098,0.9595959595959499,0.5707390450313687,0.8158397078514099,0.061875,0.9875
213,25,0.11230585424122669,0.05968253968253965,0.94949494949494,0.5706427902542055,0.8186269402503967,0.061875,0.984375
214,25,0.1258907363419205,0.06734434561626426,0.963636363636355,0.5706070006638765,0.8213164210319519,0.06875,0.98375
215,25,0.12499999999987747,0.0668789808917197,0.9545454545454459,0.5704349900409579,0.8266797661781311,0.06875,0.98125
216,25,0.12537313432823532,0.06709265175718845,0.9545454545454459,0.5703838529996574,0.8261379599571228,0.06875,0.978125
217,25,0.11438892233582995,0.060819462227912895,0.9595959595959499,0.5704827559739352,0.8188332319259644,0.061875,0.97625
218,25,0.11225105612541557,0.05969191270860073,0.9393939393939299,0.5703822092711925,0.8247544765472412,0.061875,0.97375
219,25,0.11211573236878458,0.059615384615384584,0.9393939393939299,0.5703376886248589,0.8371530771255493,0.061875,0.975
220,25,0.12095808383222155,0.06437221159974503,0.9999999999999901,0.5710006650537253,0.7958430647850037,0.063125,0.980625
221,25,0.1306413301661485,0.06988564167725536,0.999999999999991,0.5710191764310002,0.7917726635932922,0.06875,0.98375
222,25,0.11799761620966234,0.06269791006966431,0.9999999999999899,0.5709853770397604,0.7814784646034241,0.061875,0.986875
223,25,0.11792733770090137,0.06265822784810123,0.9999999999999899,0.5711373904906213,0.775969386100769,0.061875,0.9875
224,25,0.11736810906924328,0.06234256926952138,0.9999999999999899,0.5711509530805051,0.7753561735153198,0.061875,0.9925
225,25,0.11695215593609766,0.062107904642409,0.9999999999999899,0.5710386660136283,0.7653469443321228,0.061875,0.99625
226,25,0.11695215593609766,0.062107904642409,0.9999999999999899,0.5709275479428471,0.7662970423698425,0.061875,0.99625
227,25,0.12910798122053632,0.06900878293601,0.999999999999991,0.5708150396123528,0.7586401700973511,0.06875,0.99625
228,25,0.12720848056525175,0.06792452830188675,0.9999999999999908,0.5708596730604768,0.7589959502220154,0.0675,0.99375
229,25,0.1172291296624117,0.06226415094339619,0.9999999999999899,0.5706925870478153,0.7594174742698669,0.061875,0.99375
230,25,0.11729857819894156,0.0623033354310887,0.9999999999999899,0.570796102322638,0.754068911075592,0.061875,0.993125
231,25,0.1175771971495329,0.06246056782334381,0.9999999999999899,0.5708977587893606,0.7510809302330017,0.061875,0.990625
232,25,0.1175771971495329,0.06246056782334381,0.9999999999999899,0.5709927100688219,0.7503113150596619,0.061875,0.990625
233,25,0.1175771971495329,0.06246056782334381,0.9999999999999899,0.5710652151703834,0.7526112794876099,0.061875,0.990625
234,25,0.1274336283184646,0.06805293005671073,0.9999999999999908,0.5710965354181826,0.7469789981842041,0.0675,0.991875
235,25,0.11736810906924328,0.06234256926952138,0.9999999999999899,0.5710029242932797,0.7449244260787964,0.061875,0.9925
236,25,0.11729857819894156,0.0623033354310887,0.9999999999999899,0.5710877655260265,0.7414999604225159,0.061875,0.993125
237,25,0.11750741839751536,0.06242118537200501,0.9999999999999899,0.5710146909952164,0.7406988143920898,0.061875,0.99125
238,25,0.11743772241981813,0.06238185255198484,0.9999999999999899,0.5710265704430639,0.7444292902946472,0.061875,0.991875
239,25,0.11736810906924328,0.06234256926952138,0.9999999999999899,0.5710179833881557,0.7472811341285706,0.061875,0.9925
240,25,0.11750741839751536,0.06242118537200501,0.9999999999999899,0.5709774936176837,0.7490852475166321,0.061875,0.99125
241,25,0.11764705882341855,0.062499999999999965,0.9999999999999899,0.5709746201895177,0.7494170069694519,0.061875,0.99
242,25,0.10759115361615629,0.05685407454200881,0.9999999999999889,0.5712122758477927,0.75071781873703,0.05625,0.989375
243,25,0.10545236668653868,0.05566097406704614,0.9999999999999887,0.5710858746618033,0.7572022080421448,0.055,0.988125
244,25,0.10545236668653868,0.05566097406704614,0.9999999999999887,0.5710020444914699,0.7629859447479248,0.055,0.988125
245,25,0.10526315789463699,0.055555555555555525,0.9999999999999887,0.5710214279964566,0.7619739770889282,0.055,0.99
246,25,0.11799761620966234,0.06269791006966431,0.9999999999999899,0.5710280585102737,0.7583032846450806,0.061875,0.986875
247,25,0.11799761620966234,0.06269791006966431,0.9999999999999899,0.5711319832131266,0.7549786567687988,0.061875,0.986875
248,25,0.11799761620966234,0.06269791006966431,0.9999999999999899,0.5709666345827281,0.749993085861206,0.061875,0.986875
249,25,0.11778703152874087,0.0625790139064475,0.9999999999999899,0.5712411584332585,0.7476988434791565,0.061875,0.98875
250,25,0.1175771971495329,0.06246056782334381,0.9999999999999899,0.5711742197908461,0.7520665526390076,0.061875,0.990625
251,25,0.11764705882341855,0.062499999999999965,0.9999999999999899,0.5711448374949396,0.7525236010551453,0.061875,0.99
252,25,0.1175771971495329,0.06246056782334381,0.9999999999999899,0.5711737841367721,0.7472355365753174,0.061875,0.990625
253,25,0.11764705882341855,0.062499999999999965,0.9999999999999899,0.5712095152400434,0.7476279139518738,0.061875,0.99
254,25,0.10488676996414363,0.0553459119496855,0.9999999999999887,0.5711431008018554,0.7450534701347351,0.055,0.99375
255,25,0.10501193317412472,0.05541561712846344,0.9999999999999887,0.5709774675965309,0.7419207692146301,0.055,0.9925
256,25,0.11527035056435943,0.06116015132408571,0.9999999999999898,0.570915667526424,0.7491074800491333,0.060625,0.99125
257,25,0.11785714285703178,0.0626185958254269,0.9999999999999899,0.570745571795851,0.7485273480415344,0.061875,0.988125
258,25,0.11792733770090137,0.06265822784810123,0.9999999999999899,0.5707264918088913,0.7466415762901306,0.061875,0.9875
259,25,0.1175771971495329,0.06246056782334381,0.9999999999999899,0.5708870261721313,0.7466959953308105,0.061875,0.990625
260,25,0.11743772241981813,0.06238185255198484,0.9999999999999899,0.5701664648577571,0.7929903268814087,0.061875,0.991875
261,25,0.11764705882341855,0.062499999999999965,0.9999999999999899,0.5704225595295429,0.7940090298652649,0.061875,0.99
262,25,0.11785714285703178,0.0626185958254269,0.9999999999999899,0.5703489472530783,0.7887077927589417,0.061875,0.988125
263,25,0.11813842482089107,0.0627774254914394,0.9999999999999899,0.5704551073908806,0.7865162491798401,0.061875,0.985625
264,25,0.10810810810800572,0.05714285714285711,0.9999999999999889,0.5703601256757974,0.7924557328224182,0.05625,0.984375
265,25,0.10564225690266092,0.05576679340937893,0.9999999999999887,0.5703427459485829,0.791051983833313,0.055,0.98625
266,25,0.10576923076913046,0.055837563451776616,0.9999999999999887,0.5703007642924786,0.786882758140564,0.055,0.985
267,25,0.11750599520372619,0.06242038216560506,0.9999999999999899,0.5703369168005884,0.7837942242622375,0.06125,0.98125
268,25,0.1188475390154943,0.06317804722399485,0.9999999999999899,0.5706391555443406,0.7528877854347229,0.061875,0.979375
269,25,0.11899038461527256,0.06325878594249197,0.9999999999999899,0.5706224570423365,0.746074914932251,0.061875,0.978125
270,25,0.119420989143434,0.06350224502886462,0.9999999999999899,0.5707472918182611,0.7515038251876831,0.061875,0.974375
271,25,0.11920529801313277,0.0633802816901408,0.9999999999999899,0.5707966707274318,0.7482878565788269,0.061875,0.97625
272,25,0.11927710843362264,0.0634208840486867,0.9999999999999899,0.5709133605100214,0.744920551776886,0.061875,0.975625
273,25,0.11992731677759762,0.0637886597938144,0.9999999999999899,0.5709327972494066,0.7343499660491943,0.061875,0.97
274,25,0.11978221415596711,0.06370656370656366,0.9999999999999899,0.571012614686042,0.7398971319198608,0.061875,0.97125
275,25,0.12019230769219459,0.06393861892583116,0.99999999999999,0.570931035913527,0.7395334839820862,0.0625,0.9775
276,25,0.11877624475093793,0.06313775510204078,0.9999999999999899,0.5708628894016147,0.7403038740158081,0.061875,0.98
277,25,0.11863391252235679,0.06305732484076429,0.9999999999999899,0.5708564894273878,0.7484776973724365,0.061875,0.98125
278,25,0.11827956989236169,0.06285714285714282,0.9999999999999899,0.5708718589693308,0.7489927411079407,0.061875,0.984375
279,25,0.11827956989236169,0.06285714285714282,0.9999999999999899,0.5708498468622565,0.7511811852455139,0.061875,0.984375
280,25,0.11792733770090137,0.06265822784810123,0.9999999999999899,0.5709364996664226,0.7543216943740845,0.061875,0.9875
281,25,0.12351543942981272,0.06582278481012654,0.9999999999999905,0.5707646597363055,0.7554401755332947,0.065,0.9875
282,25,0.12388326384740571,0.06628425748884637,0.9454545454545369,0.5706686908379197,0.7878993153572083,0.06875,0.980625
283,25,0.13025458851379162,0.06966434452184923,0.999999999999991,0.5706437687948346,0.770659327507019,0.06875,0.986875
284,25,0.1306413301661485,0.06988564167725536,0.999999999999991,0.5703663572855294,0.7602790594100952,0.06875,0.98375
285,25,0.12358882947106634,0.06586447118429382,0.9999999999999905,0.5708971790783107,0.7610747218132019,0.065,0.986875
286,25,0.11764705882341855,0.062499999999999965,0.9999999999999899,0.5708055447414517,0.7630174160003662,0.061875,0.99
287,25,0.1175771971495329,0.06246056782334381,0.9999999999999899,0.5706154886446894,0.7706393599510193,0.061875,0.990625
288,25,0.11771700356707099,0.06253948199620969,0.9999999999999899,0.5705899556167424,0.7689205408096313,0.061875,0.989375
289,25,0.11785714285703178,0.0626185958254269,0.9999999999999899,0.5706388265639544,0.767132580280304,0.061875,0.988125
290,25,0.1304090100769378,0.06975269499048822,0.999999999999991,0.5706464304402471,0.7699732780456543,0.06875,0.985625
291,25,0.11813842482089107,0.0627774254914394,0.9999999999999899,0.5704184089973569,0.7724766135215759,0.061875,0.985625
292,25,0.11827956989236169,0.06285714285714282,0.9999999999999899,0.5706385017000138,0.7412919402122498,0.061875,0.984375
293,25,0.11806797853298356,0.0627376425855513,0.9999999999999899,0.570536115989089,0.7455400228500366,0.061875,0.98625
294,25,0.11799761620966234,0.06269791006966431,0.9999999999999899,0.5705487283691764,0.7459602355957031,0.061875,0.986875
295,25,0.11799761620966234,0.06269791006966431,0.9999999999999899,0.5704990783706307,0.7458702325820923,0.061875,0.986875
296,25,0.11771700356707099,0.06253948199620969,0.9999999999999899,0.5705700366199017,0.7496415972709656,0.061875,0.989375
297,25,0.11729857819894156,0.0623033354310887,0.9999999999999899,0.5705962860956788,0.741370677947998,0.061875,0.993125
298,25,0.10501193317412472,0.05541561712846344,0.9999999999999887,0.5705915717035532,0.7429024577140808,0.055,0.9925
299,25,0.10501193317412472,0.05541561712846344,0.9999999999999887,0.5706200096011161,0.7489632368087769,0.055,0.9925
300,25,0.1172291296624117,0.06226415094339619,0.9999999999999899,0.570574263446033,0.7554998993873596,0.061875,0.99375
301,25,0.11764705882341855,0.062499999999999965,0.9999999999999899,0.5706837707944215,0.7468703985214233,0.061875,0.99
302,25,0.11743772241981813,0.06238185255198484,0.9999999999999899,0.5703797833807767,0.7669720649719238,0.061875,0.991875
303,25,0.1175771971495329,0.06246056782334381,0.9999999999999899,0.5706584995612503,0.76291823387146,0.061875,0.990625
304,25,0.11778703152874087,0.0625790139064475,0.9999999999999899,0.5707595476694405,0.7588348388671875,0.061875,0.98875
305,25,0.11785714285703178,0.0626185958254269,0.9999999999999899,0.5707089187204838,0.7629673480987549,0.061875,0.988125
306,25,0.11764705882341855,0.062499999999999965,0.9999999999999899,0.5706453859806061,0.7596092224121094,0.061875,0.99
307,25,0.12092471843497607,0.06443461781427666,0.9807692307692214,0.570602605715394,0.7511911988258362,0.065,0.989375
308,25,0.1109785202862849,0.058972733037412774,0.9393939393939299,0.5703066211007536,0.7732590436935425,0.061875,0.985625
309,25,0.11302795954777718,0.06005056890012639,0.9595959595959499,0.570335239302367,0.7745835185050964,0.061875,0.98875
310,25,0.1258907363419205,0.06734434561626426,0.963636363636355,0.5704613665491343,0.7794035077095032,0.06875,0.98375
311,25,0.12559241706148938,0.0671736375158428,0.963636363636355,0.5702731761150062,0.7707152366638184,0.06875,0.98625
312,25,0.12440758293826666,0.06653992395437258,0.9545454545454459,0.5701182398572564,0.7689602375030518,0.06875,0.98625
313,25,0.12418687167344415,0.06641366223908915,0.9545454545454459,0.5702266958542168,0.7598028779029846,0.06875,0.988125
314,25,0.12426035502946398,0.06645569620253161,0.9545454545454459,0.5703217867948115,0.7569494843482971,0.06875,0.9875
315,25,0.12448132780071301,0.06637168141592917,0.9999999999999906,0.570468055550009,0.7576720714569092,0.065625,0.98875
316,25,0.11806797853298356,0.0627376425855513,0.9999999999999899,0.5704480714723468,0.7569717764854431,0.061875,0.98625
317,25,0.11827956989236169,0.06285714285714282,0.9999999999999899,0.5704869286902249,0.7601858973503113,0.061875,0.984375
318,25,0.10551558752987593,0.05569620253164554,0.9999999999999887,0.5704628931730986,0.7618361115455627,0.055,0.9875
319,25,0.11835026897777257,0.06289707750952983,0.9999999999999899,0.5704145486466586,0.7715846300125122,0.061875,0.98375
320,25,0.11849192100527439,0.06297709923664119,0.9999999999999899,0.570337388496846,0.7734319567680359,0.061875,0.9825
321,25,0.11856287425138534,0.06301718650541054,0.9999999999999899,0.5705827825702727,0.7752963304519653,0.061875,0.981875
322,25,0.1184210526314674,0.0629370629370629,0.9999999999999899,0.5705510492250323,0.7796174883842468,0.061875,0.983125
323,25,0.11785714285703178,0.0626185958254269,0.9999999999999899,0.5706547410599887,0.7515248656272888,0.061875,0.988125
324,25,0.11764705882341855,0.062499999999999965,0.9999999999999899,0.5706207970902324,0.7529467940330505,0.061875,0.99
325,25,0.11799761620966234,0.06269791006966431,0.9999999999999899,0.5705718615278602,0.7525489926338196,0.061875,0.986875
326,25,0.12979351032436226,0.06940063091482646,0.999999999999991,0.5705197877064347,0.7531554698944092,0.06875,0.990625
327,25,0.1175771971495329,0.06246056782334381,0.9999999999999899,0.5705578560754657,0.7541455030441284,0.061875,0.990625
328,25,0.1175771971495329,0.06246056782334381,0.9999999999999899,0.5705507164821029,0.7577006816864014,0.061875,0.990625
329,25,0.11309523809512705,0.060088551549652085,0.9595959595959499,0.5701746656745672,0.7601098418235779,0.061875,0.988125
330,25,0.11309523809512705,0.060088551549652085,0.9595959595959499,0.5704678486846387,0.7652305960655212,0.061875,0.988125
331,25,0.1129607609987,0.060012634238787076,0.9595959595959499,0.5705972548015416,0.7612007856369019,0.061875,0.989375
332,25,0.11309523809512705,0.060088551549652085,0.9595959595959499,0.570566461905837,0.7608333826065063,0.061875,0.988125
333,25,0.11269276393820486,0.05986137366099555,0.9595959595959499,0.5706574257090687,0.7593230605125427,0.061875,0.991875
334,25,0.1002985074625869,0.05293005671077502,0.9545454545454437,0.5705727860145271,0.7588659524917603,0.055,0.991875
335,25,0.11163895486924787,0.059305993690851704,0.94949494949494,0.5706300794705749,0.7538248300552368,0.061875,0.990625
336,25,0.11435378201299193,0.06075949367088604,0.96969696969696,0.5706952467933297,0.7475526332855225,0.061875,0.9875
337,25,0.11343283582078414,0.06027918781725885,0.9595959595959499,0.57078279517591,0.7378705739974976,0.061875,0.985
338,25,0.11778703152873773,0.06269791006966431,0.9705882352941082,0.5706166401691735,0.7415595650672913,0.06375,0.986875
339,25,0.12655233589579779,0.06767868437697656,0.9727272727272639,0.5704700664430856,0.7421843409538269,0.06875,0.988125
340,25,0.1276595744679634,0.06826801517067,0.9818181818181729,0.570223825275898,0.7382577061653137,0.06875,0.98875
341,25,0.1278863232680841,0.06839772007599743,0.9818181818181729,0.5705103498511016,0.7372757792472839,0.06875,0.986875
342,25,0.12868949232573437,0.06881313131313127,0.990909090909082,0.5706418187357485,0.7386594414710999,0.06875,0.99
343,25,0.1175771971495329,0.06246056782334381,0.9999999999999899,0.5703463804908097,0.742453932762146,0.061875,0.990625
344,25,0.11695215593609766,0.062107904642409,0.9999999999999899,0.5702802075073123,0.7496401071548462,0.061875,0.99625
345,25,0.11688311688300669,0.062068965517241344,0.9999999999999899,0.570262725353241,0.7489088773727417,0.061875,0.996875
346,25,0.1258083480304522,0.06712672521957336,0.9999999999999907,0.5703846735320985,0.7473801374435425,0.066875,0.99625
347,25,0.11709047900639465,0.06218592964824117,0.9999999999999899,0.5705165270157159,0.7398894429206848,0.061875,0.995
348,25,0.11688311688300669,0.062068965517241344,0.9999999999999899,0.5705440627038478,0.7396075129508972,0.061875,0.996875
349,25,0.11674528301875785,0.06199123356293046,0.9999999999999899,0.570330424439162,0.7392189502716064,0.061875,0.998125
350,25,0.1129607609987,0.060012634238787076,0.9595959595959499,0.570493429619819,0.752460777759552,0.061875,0.989375
351,25,0.11197141155438561,0.05949367088607591,0.94949494949494,0.5705054959096014,0.7521955370903015,0.061875,0.9875
352,25,0.1231497927766691,0.06586447118429382,0.9454545454545369,0.5704679752327502,0.7517072558403015,0.06875,0.986875
353,25,0.1231497927766691,0.06586447118429382,0.9454545454545369,0.5705715055391193,0.7518966197967529,0.06875,0.986875
354,25,0.10965435041705213,0.05826472450918299,0.92929292929292,0.5704216432757676,0.7484880089759827,0.061875,0.986875
355,25,0.10985074626854537,0.058375634517766464,0.92929292929292,0.5704807998239994,0.7579184174537659,0.061875,0.985
356,25,0.10985074626854537,0.058375634517766464,0.92929292929292,0.5705920993350446,0.7591438889503479,0.061875,0.985
357,25,0.1099163679807727,0.05841269841269838,0.92929292929292,0.5706229015998542,0.7601500749588013,0.061875,0.984375
358,25,0.11715976331349903,0.062225015713387774,0.9999999999999899,0.5705585422925651,0.7578845620155334,0.061875,0.994375
359,25,0.11709047900639465,0.06218592964824117,0.9999999999999899,0.570552162565291,0.7575836181640625,0.061875,0.995
360,25,0.11709047900639465,0.06218592964824117,0.9999999999999899,0.5706522249616682,0.7576058506965637,0.061875,0.995
361,25,0.11750741839751536,0.06242118537200501,0.9999999999999899,0.570549474004656,0.7452451586723328,0.061875,0.99125
362,25,0.11771700356707099,0.06253948199620969,0.9999999999999899,0.5705057133734226,0.7489511370658875,0.061875,0.989375
363,25,0.1175771971495329,0.06246056782334381,0.9999999999999899,0.5704956256784499,0.7507684826850891,0.061875,0.990625
364,25,0.1175771971495329,0.06246056782334381,0.9999999999999899,0.5704421480558812,0.7524096965789795,0.061875,0.990625
365,25,0.11778703152874087,0.0625790139064475,0.9999999999999899,0.570532398186624,0.7557399868965149,0.061875,0.98875
366,25,0.12477718360059586,0.06653992395437258,0.9999999999999906,0.5706228618510067,0.7478647828102112,0.065625,0.98625
367,25,0.13017751479277753,0.06962025316455692,0.999999999999991,0.5705958268418908,0.7524821758270264,0.06875,0.9875
368,25,0.11771700356707099,0.06253948199620969,0.9999999999999899,0.570660726558417,0.7518041133880615,0.061875,0.989375
369,25,0.1175771971495329,0.06246056782334381,0.9999999999999899,0.5703960057720542,0.7511218190193176,0.061875,0.990625
370,25,0.11750741839751536,0.06242118537200501,0.9999999999999899,0.5705258111096918,0.7538827061653137,0.061875,0.99125
371,25,0.11785714285703178,0.0626185958254269,0.9999999999999899,0.570557196252048,0.7527040243148804,0.061875,0.988125
372,25,0.11743772241981813,0.06238185255198484,0.9999999999999899,0.5706604695878923,0.748489260673523,0.061875,0.991875
373,25,0.11736810906924328,0.06234256926952138,0.9999999999999899,0.5706430690363049,0.7459210753440857,0.061875,0.9925
374,25,0.11715976331349903,0.062225015713387774,0.9999999999999899,0.5707315760292113,0.7457928657531738,0.061875,0.994375
375,25,0.1172291296624117,0.06226415094339619,0.9999999999999899,0.5706044602021575,0.746453046798706,0.061875,0.99375
376,25,0.11736810906924328,0.06234256926952138,0.9999999999999899,0.5706025106646121,0.7506052255630493,0.061875,0.9925
377,25,0.11736810906924328,0.06234256926952138,0.9999999999999899,0.570471129398793,0.7469712495803833,0.061875,0.9925
378,25,0.11702127659563438,0.06214689265536719,0.9999999999999899,0.5706369278393686,0.7446610331535339,0.061875,0.995625
379,25,0.11709047900639465,0.06218592964824117,0.9999999999999899,0.5707578109763563,0.7403798699378967,0.061875,0.995
380,25,0.11702127659563438,0.06214689265536719,0.9999999999999899,0.5707716268859804,0.743585467338562,0.061875,0.995625
381,25,0.11695215593609766,0.062107904642409,0.9999999999999899,0.5706866896897554,0.7406967878341675,0.061875,0.99625
382,25,0.10476190476180537,0.05527638190954771,0.9999999999999887,0.5707353558205068,0.7414720058441162,0.055,0.995
383,25,0.10932857991671173,0.05782526712759268,0.9999999999999892,0.5707239428348839,0.7435938119888306,0.0575,0.994375
384,25,0.11715976331349903,0.062225015713387774,0.9999999999999899,0.5705801697634161,0.7554238438606262,0.061875,0.994375
385,25,0.11715976331349903,0.062225015713387774,0.9999999999999899,0.57077611586079,0.7626592516899109,0.061875,0.994375
386,25,0.11715976331349903,0.062225015713387774,0.9999999999999899,0.5705721359141172,0.7576817870140076,0.061875,0.994375
387,25,0.11702127659563438,0.06214689265536719,0.9999999999999899,0.5704460026696324,0.800941526889801,0.061875,0.995625
388,25,0.11729857819894156,0.0623033354310887,0.9999999999999899,0.5705096809379756,0.7995504140853882,0.061875,0.993125
389,25,0.1175771971495329,0.06246056782334381,0.9999999999999899,0.5705405835434795,0.7986707091331482,0.061875,0.990625
390,25,0.11764705882341855,0.062499999999999965,0.9999999999999899,0.5705464058369398,0.7957644462585449,0.061875,0.99
391,25,0.11638954869347694,0.06179066834804536,0.9999999999999899,0.5705498692765832,0.7966080904006958,0.06125,0.99125
392,25,0.11743772241981813,0.06238185255198484,0.9999999999999899,0.5705198834650218,0.7983063459396362,0.061875,0.991875
393,25,0.1175771971495329,0.06246056782334381,0.9999999999999899,0.5704306909069419,0.7977237701416016,0.061875,0.990625
394,25,0.11764705882341855,0.062499999999999965,0.9999999999999899,0.5703365764953197,0.8004350066184998,0.061875,0.99
395,25,0.11785714285703178,0.0626185958254269,0.9999999999999899,0.5708075321651995,0.7431433796882629,0.061875,0.988125
396,25,0.1175771971495329,0.06246056782334381,0.9999999999999899,0.5708359196782112,0.7418782711029053,0.061875,0.990625
397,25,0.1175771971495329,0.06246056782334381,0.9999999999999899,0.5706868577748537,0.7433617115020752,0.061875,0.990625
398,25,0.11750741839751536,0.06242118537200501,0.9999999999999899,0.5707849957235157,0.7250624299049377,0.061875,0.99125
399,25,0.1140819964348299,0.06049149338374288,0.9999999999999897,0.5707893754728138,0.7262172698974609,0.06,0.991875
400,25,0.11736810906924328,0.06234256926952138,0.9999999999999899,0.5707092009484768,0.7466415762901306,0.061875,0.9925
401,25,0.11743772241981813,0.06238185255198484,0.9999999999999899,0.570221154037863,0.7732350826263428,0.061875,0.991875
402,25,0.11764705882341855,0.062499999999999965,0.9999999999999899,0.5704222177527845,0.7694517970085144,0.061875,0.99
403,25,0.11792733770090137,0.06265822784810123,0.9999999999999899,0.5703036752901971,0.7657496929168701,0.061875,0.9875
404,25,0.11820895522376923,0.0628172588832487,0.9999999999999899,0.5703850234113633,0.76239413022995,0.061875,0.985
405,25,0.11813842482089107,0.0627774254914394,0.9999999999999899,0.5704766029492021,0.7626717686653137,0.061875,0.985625
406,25,0.11813842482089107,0.0627774254914394,0.9999999999999899,0.5705178946256637,0.7615770101547241,0.061875,0.985625
407,25,0.11806797853298356,0.0627376425855513,0.9999999999999899,0.5705770607851446,0.7578080296516418,0.061875,0.98625
408,25,0.10589651022853978,0.055908513341804286,0.9999999999999887,0.5707877783849835,0.7597969174385071,0.055,0.98375
409,25,0.10583283223080762,0.05587301587301584,0.9999999999999887,0.5708764502592385,0.7484896183013916,0.055,0.984375
410,25,0.10589651022853978,0.055908513341804286,0.9999999999999887,0.5709463999047876,0.7597735524177551,0.055,0.98375
411,25,0.11483253588505907,0.06091370558375631,0.9999999999999897,0.5710034013167024,0.763283908367157,0.06,0.985
412,25,0.11799761620966234,0.06269791006966431,0.9999999999999899,0.5711600906215608,0.750037670135498,0.061875,0.986875
413,25,0.11792733770090137,0.06265822784810123,0.9999999999999899,0.5710326807573438,0.7464282512664795,0.061875,0.9875
414,25,0.11785714285703178,0.0626185958254269,0.9999999999999899,0.5711190684512257,0.7466298937797546,0.061875,0.988125
415,25,0.11785714285703178,0.0626185958254269,0.9999999999999899,0.571015941053629,0.7493790984153748,0.061875,0.988125
416,25,0.11778703152874087,0.0625790139064475,0.9999999999999899,0.5711270362883806,0.7404439449310303,0.061875,0.98875
417,25,0.11785714285703178,0.0626185958254269,0.9999999999999899,0.5710208156146109,0.7401461601257324,0.061875,0.988125
418,25,0.11778703152874087,0.0625790139064475,0.9999999999999899,0.5709738051891327,0.7390304207801819,0.061875,0.98875
419,25,0.10885167464104527,0.05755850727387726,0.9999999999999891,0.5710767002776265,0.7425668239593506,0.056875,0.988125
420,25,0.10576923076913046,0.055837563451776616,0.9999999999999887,0.5710669152624905,0.7351685166358948,0.055,0.985
421,25,0.1184210526314674,0.0629370629370629,0.9999999999999899,0.5709363912418485,0.7366297245025635,0.061875,0.983125
422,25,0.11806797853298356,0.0627376425855513,0.9999999999999899,0.5706073388457298,0.7828110456466675,0.061875,0.98625
423,25,0.10686095931987444,0.05644644002565744,0.9999999999999887,0.5707993763126433,0.7967869639396667,0.055,0.974375
424,25,0.10660205935786381,0.05630198336532306,0.9999999999999887,0.5707606443949044,0.7790743112564087,0.055,0.976875
425,25,0.10602409638544164,0.055979643765903274,0.9999999999999887,0.5707501395232976,0.7692468762397766,0.055,0.9825
426,25,0.11442193086997542,0.060682680151706664,0.9999999999999897,0.5707135817036033,0.7629859447479248,0.06,0.98875
427,25,0.11820895522376923,0.0628172588832487,0.9999999999999899,0.5706625935435296,0.7635392546653748,0.061875,0.985
428,25,0.11806797853298356,0.0627376425855513,0.9999999999999899,0.5706612676940859,0.7588977217674255,0.061875,0.98625
429,25,0.11813842482089107,0.0627774254914394,0.9999999999999899,0.5706810047663748,0.7562669515609741,0.061875,0.985625
430,25,0.11813842482089107,0.0627774254914394,0.9999999999999899,0.570610814075917,0.7570323944091797,0.061875,0.985625
431,25,0.11813842482089107,0.0627774254914394,0.9999999999999899,0.5706033448874951,0.75700843334198,0.061875,0.985625
432,25,0.11835026897777257,0.06289707750952983,0.9999999999999899,0.5707393538951874,0.7611330151557922,0.061875,0.98375
433,25,0.11849192100527439,0.06297709923664119,0.9999999999999899,0.570906122457236,0.7561418414115906,0.061875,0.9825
434,25,0.10904733373267088,0.05766793409378957,0.9999999999999891,0.5710577478073537,0.7440549731254578,0.056875,0.98625
435,25,0.10513739545987635,0.0554854981084489,0.9999999999999887,0.5710708186030388,0.7485513687133789,0.055,0.99125
436,25,0.11695215593609766,0.062107904642409,0.9999999999999899,0.5710670646652579,0.7517518997192383,0.061875,0.99625
437,25,0.11674528301875785,0.06199123356293046,0.9999999999999899,0.5710896306484937,0.7483081221580505,0.061875,0.998125
438,25,0.11667648791974858,0.061952440550688326,0.9999999999999899,0.5711309995129704,0.738457441329956,0.061875,0.99875
439,25,0.11674528301875785,0.06199123356293046,0.9999999999999899,0.5710187568329275,0.7424877882003784,0.061875,0.998125
440,25,0.11667648791974858,0.061952440550688326,0.9999999999999899,0.570892516747117,0.7418237328529358,0.061875,0.99875
441,25,0.11667648791974858,0.061952440550688326,0.9999999999999899,0.5708364854007959,0.7416362762451172,0.061875,0.99875
442,25,0.1293356848911193,0.06913890634820863,0.999999999999991,0.5709331358596682,0.7464781999588013,0.06875,0.994375
443,25,0.12979351032436226,0.06940063091482646,0.999999999999991,0.5706541172787547,0.7725415825843811,0.06875,0.990625
444,25,0.11336515513115361,0.06024096385542165,0.9595959595959499,0.5705207427963614,0.7624192833900452,0.061875,0.985625
445,25,0.11363636363625208,0.060394151303242175,0.9595959595959499,0.570495493914932,0.7602956295013428,0.061875,0.983125
446,25,0.11244019138744826,0.059758423394787,0.94949494949494,0.5704762824438512,0.765652060508728,0.061875,0.983125
447,25,0.12677725118471211,0.06780735107731302,0.9727272727272639,0.5703827859275044,0.757562518119812,0.06875,0.98625
448,25,0.1214285714284489,0.064968152866242,0.9272727272727189,0.5701461826637387,0.7468173503875732,0.06875,0.98125
449,25,0.1224004753415295,0.06547997457088363,0.9363636363636278,0.5704988535493613,0.7387986779212952,0.06875,0.983125
450,25,0.1088516746410368,0.057851239669421455,0.9191919191919099,0.5704755375161767,0.7368588447570801,0.061875,0.983125
451,25,0.10746268656705284,0.057106598984771544,0.9090909090909,0.5703861009329557,0.7496013045310974,0.061875,0.985
452,25,0.12085308056859839,0.06463878326996193,0.9272727272727189,0.5703465049900115,0.7540166974067688,0.06875,0.98625
453,25,0.12099644128101666,0.06472081218274107,0.9272727272727189,0.5700955825671553,0.7561630010604858,0.06875,0.985
454,25,0.12085308056859839,0.06463878326996193,0.9272727272727189,0.5703442629054188,0.7508090138435364,0.06875,0.98625
455,25,0.10878661087854963,0.05781448538754762,0.9191919191919099,0.5704780812188983,0.7414737939834595,0.061875,0.98375
456,25,0.11743772241981813,0.06238185255198484,0.9999999999999899,0.5704437867552042,0.7497905492782593,0.061875,0.991875
457,25,0.1172291296624117,0.06226415094339619,0.9999999999999899,0.5704028268903494,0.7530179023742676,0.061875,0.99375
458,25,0.1172291296624117,0.06226415094339619,0.9999999999999899,0.5704226113297045,0.7557783722877502,0.061875,0.99375
459,25,0.1172291296624117,0.06226415094339619,0.9999999999999899,0.5704057856649161,0.7546935677528381,0.061875,0.99375
460,25,0.11715976331349903,0.062225015713387774,0.9999999999999899,0.5703086516447365,0.7414807081222534,0.061875,0.994375
461,25,0.11709047900639465,0.06218592964824117,0.9999999999999899,0.5704502993449568,0.7349166870117188,0.061875,0.995
462,25,0.11709047900639465,0.06218592964824117,0.9999999999999899,0.5704126993380487,0.7421656250953674,0.061875,0.995
463,25,0.11709047900639465,0.06218592964824117,0.9999999999999899,0.5704940840788185,0.7410719394683838,0.061875,0.995
464,25,0.11709047900639465,0.06218592964824117,0.9999999999999899,0.5704780138656497,0.7427230477333069,0.061875,0.995
465,25,0.1172291296624117,0.06226415094339619,0.9999999999999899,0.5704977487213909,0.7466464042663574,0.061875,0.99375
466,25,0.11743772241981813,0.06238185255198484,0.9999999999999899,0.5704847710579634,0.7431979775428772,0.061875,0.991875
467,25,0.12925969447696473,0.06909547738693464,0.999999999999991,0.5704614258371293,0.7422949075698853,0.06875,0.995
468,25,0.11743772241981813,0.06238185255198484,0.9999999999999899,0.570433888155967,0.7355557084083557,0.061875,0.991875
469,25,0.1175771971495329,0.06246056782334381,0.9999999999999899,0.5706127959862352,0.745091438293457,0.061875,0.990625
470,25,0.1175771971495329,0.06246056782334381,0.9999999999999899,0.5706585226766765,0.7448729276657104,0.061875,0.990625
471,25,0.11799761620966234,0.06269791006966431,0.9999999999999899,0.5706350842118263,0.7434357404708862,0.061875,0.986875
472,25,0.1278863232680862,0.06831119544592026,0.9999999999999908,0.5705887353606522,0.7409336566925049,0.0675,0.988125
473,25,0.1304090100769378,0.06975269499048822,0.999999999999991,0.5704363220743836,0.7725143432617188,0.06875,0.985625
474,25,0.13025458851379162,0.06966434452184923,0.999999999999991,0.570390006583184,0.7593021988868713,0.06875,0.986875
475,25,0.11827956989236169,0.06285714285714282,0.9999999999999899,0.570461339391768,0.7572962641716003,0.061875,0.984375
476,25,0.11835026897777257,0.06289707750952983,0.9999999999999899,0.570395886991173,0.7614235877990723,0.061875,0.98375
477,25,0.11835026897777257,0.06289707750952983,0.9999999999999899,0.5703423270210624,0.7623533010482788,0.061875,0.98375
478,25,0.11835026897777257,0.06289707750952983,0.9999999999999899,0.570426027122885,0.7622215747833252,0.061875,0.98375
479,25,0.11785714285703178,0.0626185958254269,0.9999999999999899,0.5704044600389898,0.765530526638031,0.061875,0.988125
480,25,0.11111111111100604,0.05882352941176467,0.9999999999999893,0.5704774941131473,0.7654675841331482,0.058125,0.988125
481,25,0.11835026897777257,0.06289707750952983,0.9999999999999899,0.5703328209370375,0.7554695010185242,0.061875,0.98375
482,25,0.11835026897777257,0.06289707750952983,0.9999999999999899,0.5706512719392777,0.7450702786445618,0.061875,0.98375
483,25,0.11813842482089107,0.0627774254914394,0.9999999999999899,0.5707485728524625,0.7475098371505737,0.061875,0.985625
484,25,0.11771700356707099,0.06253948199620969,0.9999999999999899,0.5707024615257978,0.7471367120742798,0.061875,0.989375
485,25,0.11778703152874087,0.0625790139064475,0.9999999999999899,0.5706910919398069,0.7480548024177551,0.061875,0.98875
486,25,0.12994683992899825,0.06948831332912188,0.999999999999991,0.5707532670348883,0.7478014826774597,0.06875,0.989375
487,25,0.1296405421330548,0.06931316950220538,0.999999999999991,0.5704375613480807,0.7419285178184509,0.06875,0.991875
488,25,0.12632821723718965,0.06742281033396341,0.9999999999999907,0.5706746445596218,0.749821662902832,0.066875,0.991875
489,25,0.11764705882341855,0.062499999999999965,0.9999999999999899,0.5706705313175917,0.7496048808097839,0.061875,0.99
490,25,0.11736810906924328,0.06234256926952138,0.9999999999999899,0.5707096432894468,0.757323145866394,0.061875,0.9925
491,25,0.12941176470576116,0.06918238993710688,0.999999999999991,0.5707379155606032,0.7590764760971069,0.06875,0.99375
492,25,0.1293356848911193,0.06913890634820863,0.999999999999991,0.5706425031460821,0.7550797462463379,0.06875,0.994375
493,25,0.1293356848911193,0.06913890634820863,0.999999999999991,0.5707234475761652,0.7536653876304626,0.06875,0.994375
494,25,0.1172291296624117,0.06226415094339619,0.9999999999999899,0.5706716166064143,0.7539085745811462,0.061875,0.99375
495,25,0.1172291296624117,0.06226415094339619,0.9999999999999899,0.5706838817894458,0.7603736519813538,0.061875,0.99375
496,25,0.11715976331349903,0.062225015713387774,0.9999999999999899,0.5707140765152872,0.7357031106948853,0.061875,0.994375
497,25,0.11709047900639465,0.06218592964824117,0.9999999999999899,0.570758462715894,0.7359337210655212,0.061875,0.995
498,25,0.1293356848911193,0.06913890634820863,0.999999999999991,0.5706850711815059,0.7332434058189392,0.06875,0.994375
499,25,0.11709047900639465,0.06218592964824117,0.9999999999999899,0.570611736625433,0.7344971299171448,0.061875,0.995
500,25,0.1172291296624117,0.06226415094339619,0.9999999999999899,0.5704431924596429,0.7649493217468262,0.061875,0.99375
501,25,0.11736810906924328,0.06234256926952138,0.9999999999999899,0.5704864481464028,0.7599615454673767,0.061875,0.9925
502,25,0.11750741839751536,0.06242118537200501,0.9999999999999899,0.5704669377952815,0.7570019364356995,0.061875,0.99125
503,25,0.11771700356707099,0.06253948199620969,0.9999999999999899,0.5704982184059918,0.7573853731155396,0.061875,0.989375
504,25,0.11785714285703178,0.0626185958254269,0.9999999999999899,0.5704383639059961,0.7574133276939392,0.061875,0.988125
505,25,0.11778703152874087,0.0625790139064475,0.9999999999999899,0.5704799088835716,0.7534780502319336,0.061875,0.98875
506,25,0.11799761620966234,0.06269791006966431,0.9999999999999899,0.5705948161892593,0.7540558576583862,0.061875,0.986875
507,25,0.11835026897777257,0.06289707750952983,0.9999999999999899,0.5705744522809982,0.763859212398529,0.061875,0.98375
508,25,0.11849192100527439,0.06297709923664119,0.9999999999999899,0.5706462283059954,0.7380938529968262,0.061875,0.9825
509,25,0.11863391252235679,0.06305732484076429,0.9999999999999899,0.5707011920213699,0.7384053468704224,0.061875,0.98125
510,25,0.11863391252235679,0.06305732484076429,0.9999999999999899,0.5708038246072829,0.7361205220222473,0.061875,0.98125
511,25,0.11870503597111122,0.06309751434034414,0.9999999999999899,0.5708404111489653,0.735357940196991,0.061875,0.980625
512,25,0.1307189542482437,0.0699300699300699,0.999999999999991,0.5706780359335244,0.7639661431312561,0.06875,0.983125
513,25,0.1304090100769378,0.06975269499048822,0.999999999999991,0.5706679025478661,0.7531478404998779,0.06875,0.985625
514,25,0.11856287425138534,0.06301718650541054,0.9999999999999899,0.57070467190817,0.7494580149650574,0.061875,0.981875
515,25,0.11877624475093793,0.06313775510204078,0.9999999999999899,0.5706074421666563,0.7493637800216675,0.061875,0.98
516,25,0.11856287425138534,0.06301718650541054,0.9999999999999899,0.570514301918447,0.7514229416847229,0.061875,0.981875
517,25,0.13079667063007977,0.0699745547073791,0.999999999999991,0.5705456530675292,0.7517094612121582,0.06875,0.9825
518,25,0.1305637982194624,0.0698412698412698,0.999999999999991,0.5704655854776501,0.7429434657096863,0.06875,0.984375
519,25,0.13025458851379162,0.06966434452184923,0.999999999999991,0.5705093190446496,0.7397593855857849,0.06875,0.986875
520,25,0.11799761620966234,0.06269791006966431,0.9999999999999899,0.5705360473692417,0.7475948929786682,0.061875,0.986875
521,25,0.1307189542482437,0.0699300699300699,0.999999999999991,0.5705202385596931,0.7396461963653564,0.06875,0.983125
522,25,0.12979351032436226,0.06940063091482646,0.999999999999991,0.5701839251071215,0.7342561483383179,0.06875,0.990625
523,25,0.12979351032436226,0.06940063091482646,0.999999999999991,0.5703911333717406,0.7471516728401184,0.06875,0.990625
524,25,0.1298701298700083,0.0694444444444444,0.999999999999991,0.5705317766778171,0.7461763024330139,0.06875,0.99
525,25,0.1175771971495329,0.06246056782334381,0.9999999999999899,0.570464503839612,0.7461490631103516,0.061875,0.990625
526,25,0.1298701298700083,0.0694444444444444,0.999999999999991,0.5704445934481919,0.7572796940803528,0.06875,0.99
527,25,0.12979351032436226,0.06940063091482646,0.999999999999991,0.5704924445040525,0.7507622241973877,0.06875,0.990625
528,25,0.12979351032436226,0.06940063091482646,0.999999999999991,0.5705157026462256,0.7495567798614502,0.06875,0.990625
529,25,0.1175771971495329,0.06246056782334381,0.9999999999999899,0.5705047984607517,0.7498820424079895,0.061875,0.990625
530,25,0.11785714285703178,0.0626185958254269,0.9999999999999899,0.5705332082882524,0.7607862949371338,0.061875,0.988125
531,25,0.1298701298700083,0.0694444444444444,0.999999999999991,0.5706228690966964,0.7474018931388855,0.06875,0.99
532,25,0.12203791469182114,0.06527249683143216,0.9363636363636278,0.5703180119022727,0.7401275038719177,0.06875,0.98625
533,25,0.12351543942980646,0.0660736975857687,0.9454545454545369,0.5706782348453998,0.7536866068840027,0.06875,0.98375
534,25,0.10998206814095247,0.05844980940279539,0.92929292929292,0.5708116184547544,0.7517244815826416,0.061875,0.98375
535,25,0.11124401913864444,0.05912269548633182,0.9393939393939299,0.5707367168739438,0.7613053917884827,0.061875,0.983125
536,25,0.11230585424122669,0.05968253968253965,0.94949494949494,0.5706886702775955,0.7614074349403381,0.061875,0.984375
537,25,0.11237298266575821,0.05972045743329094,0.94949494949494,0.5707185257971287,0.7609991431236267,0.061875,0.98375
538,25,0.11230585424122669,0.05968253968253965,0.94949494949494,0.5707017808035016,0.7594766616821289,0.061875,0.984375
539,25,0.11524609843926384,0.061263560944479864,0.96969696969696,0.5705821393430233,0.7586188912391663,0.061875,0.979375
540,25,0.11820895522376923,0.0628172588832487,0.9999999999999899,0.5706334721297026,0.756752610206604,0.061875,0.985
541,25,0.11799761620966234,0.06269791006966431,0.9999999999999899,0.5706068679131567,0.7675206065177917,0.061875,0.986875
542,25,0.11778703152874087,0.0625790139064475,0.9999999999999899,0.5704763955622911,0.7631879448890686,0.061875,0.98875
543,25,0.11778703152874087,0.0625790139064475,0.9999999999999899,0.5705262488499284,0.7611187696456909,0.061875,0.98875
544,25,0.13048635824424323,0.06979695431472077,0.999999999999991,0.5703227122314274,0.7678090333938599,0.06875,0.985
545,25,0.1306413301661485,0.06988564167725536,0.999999999999991,0.57006282588467,0.7702056169509888,0.06875,0.98375
546,25,0.13095238095225842,0.07006369426751588,0.999999999999991,0.5701717028766871,0.766486406326294,0.06875,0.98125
547,25,0.11863391252235679,0.06305732484076429,0.9999999999999899,0.5703605600073933,0.751798152923584,0.061875,0.98125
548,25,0.116167664670547,0.06174411203055375,0.9797979797979699,0.5703538696281611,0.7588343024253845,0.061875,0.981875
549,25,0.116167664670547,0.06174411203055375,0.9797979797979699,0.5704000032506883,0.762644350528717,0.061875,0.981875
550,25,0.11490125673238391,0.0610687022900763,0.96969696969696,0.5705153292603791,0.7691764831542969,0.061875,0.9825
551,25,0.1305637982194624,0.0698412698412698,0.999999999999991,0.5706151559576392,0.7723768949508667,0.06875,0.984375
552,25,0.11827956989236169,0.06285714285714282,0.9999999999999899,0.570648734420538,0.7591990828514099,0.061875,0.984375
553,25,0.11820895522376923,0.0628172588832487,0.9999999999999899,0.5709505812451243,0.7529919147491455,0.061875,0.985
554,25,0.11778703152874087,0.0625790139064475,0.9999999999999899,0.5708657831139863,0.7702266573905945,0.061875,0.98875
555,25,0.1175771971495329,0.06246056782334381,0.9999999999999899,0.570513903517276,0.8227367401123047,0.061875,0.990625
556,25,0.11778703152874087,0.0625790139064475,0.9999999999999899,0.5702821094170213,0.8301814198493958,0.061875,0.98875
557,25,0.1300236406618168,0.06953223767383056,0.999999999999991,0.5701842204108835,0.833088755607605,0.06875,0.98875
558,25,0.13033175355438037,0.06970849176172365,0.999999999999991,0.5701097809150815,0.8297326564788818,0.06875,0.98625
559,25,0.11785714285703178,0.0626185958254269,0.9999999999999899,0.570246367380023,0.8234148621559143,0.061875,0.988125
560,25,0.11806797853298356,0.0627376425855513,0.9999999999999899,0.5699605321325362,0.8259254693984985,0.061875,0.98625
561,25,0.11813842482089107,0.0627774254914394,0.9999999999999899,0.5700322609767318,0.8294028639793396,0.061875,0.985625
562,25,0.11835026897777257,0.06289707750952983,0.9999999999999899,0.5702167994529009,0.8409994840621948,0.061875,0.98375
563,25,0.11799761620966234,0.06269791006966431,0.9999999999999899,0.5707827840559184,0.8093328475952148,0.061875,0.986875
564,25,0.11799761620966234,0.06269791006966431,0.9999999999999899,0.5704805984534324,0.803809642791748,0.061875,0.986875
565,25,0.11799761620966234,0.06269791006966431,0.9999999999999899,0.5705221759341658,0.8059691190719604,0.061875,0.986875
566,25,0.11785714285703178,0.0626185958254269,0.9999999999999899,0.5702971659041941,0.8111047148704529,0.061875,0.988125
567,25,0.11820895522376923,0.0628172588832487,0.9999999999999899,0.5702451674453914,0.8139455318450928,0.061875,0.985
568,25,0.11870503597111122,0.06309751434034414,0.9999999999999899,0.5702145756781101,0.8151668906211853,0.061875,0.980625
569,25,0.11863391252235679,0.06305732484076429,0.9999999999999899,0.5701936514116823,0.8151569962501526,0.061875,0.98125
570,25,0.11863391252235679,0.06305732484076429,0.9999999999999899,0.5702491576224565,0.8141687512397766,0.061875,0.98125
571,25,0.11856287425138534,0.06301718650541054,0.9999999999999899,0.5703510960564018,0.8188910484313965,0.061875,0.981875
572,25,0.11806797853298356,0.0627376425855513,0.9999999999999899,0.5708582521043718,0.7823564410209656,0.061875,0.98625
573,25,0.11561382598320441,0.0613535736875395,0.9999999999999898,0.5709560552798212,0.7754201292991638,0.060625,0.988125
574,25,0.11785714285703178,0.0626185958254269,0.9999999999999899,0.5707942602038384,0.7702796459197998,0.061875,0.988125
575,25,0.11709047900639465,0.06218592964824117,0.9999999999999899,0.5711066909134388,0.749243438243866,0.061875,0.995
576,25,0.11653914067087304,0.061874999999999965,0.9999999999999899,0.5712616171315312,0.7259528040885925,0.061875,1.0
577,25,0.11653914067087304,0.061874999999999965,0.9999999999999899,0.5712243990600109,0.729786217212677,0.061875,1.0
578,25,0.11653914067087304,0.061874999999999965,0.9999999999999899,0.5710537102818489,0.7465593218803406,0.061875,1.0
579,25,0.11695215593609766,0.062107904642409,0.9999999999999899,0.5705534041672945,0.8049081563949585,0.061875,0.99625
580,25,0.11709047900639465,0.06218592964824117,0.9999999999999899,0.5704786211252213,0.8063871264457703,0.061875,0.995
581,27,0.10653753026624282,0.05626598465473143,0.9999999999999887,0.5697830868139863,0.8290170431137085,0.055,0.9775
582,27,0.10718635809977663,0.056628056628056596,0.9999999999999887,0.5697786088660359,0.8443637490272522,0.055,0.97125
583,27,0.10744810744800565,0.056774193548387065,0.9999999999999887,0.5704064776562154,0.7507895827293396,0.055,0.96875
584,27,0.10744810744800565,0.056774193548387065,0.9999999999999887,0.5702616043202579,0.7496507167816162,0.055,0.96875
585,27,0.10744810744800565,0.056774193548387065,0.9999999999999887,0.5703045514039695,0.7535697817802429,0.055,0.96875
586,27,0.10738255033546872,0.05673758865248223,0.9999999999999887,0.570403939820826,0.7482080459594727,0.055,0.969375
587,27,0.10718635809977663,0.056628056628056596,0.9999999999999887,0.5704434009641409,0.7471997141838074,0.055,0.97125
588,27,0.10712111990251565,0.056591639871382604,0.9999999999999887,0.5704013537801802,0.7451828122138977,0.055,0.971875
589,27,0.10699088145886516,0.05651894669235706,0.9999999999999887,0.5703931623883546,0.7614302039146423,0.055,0.973125
590,27,0.10686095931987444,0.05644644002565744,0.9999999999999887,0.5703365307673812,0.7627134919166565,0.055,0.974375
591,27,0.10686095931987444,0.05644644002565744,0.9999999999999887,0.5704056604020298,0.7636376619338989,0.055,0.974375
592,27,0.10686095931987444,0.05644644002565744,0.9999999999999887,0.5703856758028268,0.7642672657966614,0.055,0.974375
593,27,0.10692588092334944,0.05648267008985876,0.9999999999999887,0.5703144642524421,0.7600926756858826,0.055,0.97375
594,27,0.10699088145886516,0.05651894669235706,0.9999999999999887,0.570276569314301,0.7590314745903015,0.055,0.973125
595,27,0.10679611650475314,0.056410256410256376,0.9999999999999887,0.5704540531150997,0.758798360824585,0.055,0.975
596,27,0.10666666666656556,0.05633802816901405,0.9999999999999887,0.5704100034199655,0.7608621716499329,0.055,0.97625
597,27,0.10692588092334944,0.05648267008985876,0.9999999999999887,0.5704307162575424,0.7613877654075623,0.055,0.97375
598,27,0.10718635809977663,0.056628056628056596,0.9999999999999887,0.5701994297467172,0.7627694606781006,0.055,0.97125
599,27,0.10757946210258756,0.05684754521963821,0.9999999999999887,0.5703511054627597,0.762518048286438,0.055,0.9675
600,27,0.10751374465475458,0.05681084570690765,0.9999999999999887,0.5702713408321142,0.7646768093109131,0.055,0.968125
601,27,0.10751374465475458,0.05681084570690765,0.9999999999999887,0.5704337936453521,0.7620653510093689,0.055,0.968125
602,27,0.10731707317063,0.05670103092783502,0.9999999999999887,0.570392185524106,0.764713704586029,0.055,0.97
603,27,0.09430496019586837,0.04948586118251925,0.9999999999999871,0.5703219485469162,0.7696999311447144,0.048125,0.9725
604,27,0.09442060085827902,0.04954954954954952,0.9999999999999871,0.5703528772480786,0.7680255770683289,0.048125,0.97125
605,27,0.0978593272170322,0.05144694533762055,0.9999999999999876,0.5702008481882512,0.7663667798042297,0.05,0.971875
606,27,0.1011578305910068,0.05327342747111678,0.999999999999988,0.5702729824557901,0.7574499249458313,0.051875,0.97375
607,27,0.09494826536813827,0.04984025559105428,0.9999999999999872,0.5703165310993791,0.7572975754737854,0.04875,0.978125
608,27,0.09390243902430064,0.04926423544465768,0.9999999999999871,0.5703357450477778,0.755096971988678,0.048125,0.976875
609,27,0.09384521633141563,0.04923273657289,0.9999999999999871,0.5703243393823505,0.7527691125869751,0.048125,0.9775
610,27,0.09390243902430064,0.04926423544465768,0.9999999999999871,0.5703441030159593,0.7542399764060974,0.048125,0.976875
611,27,0.10647307924974782,0.05623003194888176,0.9999999999999887,0.5703141978010535,0.750297486782074,0.055,0.978125
612,27,0.10640870616676731,0.056194125159642366,0.9999999999999887,0.5702935256250202,0.7510481476783752,0.055,0.97875
613,27,0.10315533980572728,0.05438259756877796,0.9999999999999883,0.5703322516009212,0.7520980834960938,0.053125,0.976875
614,27,0.09975669099747199,0.052496798975672186,0.9999999999999879,0.5704088164120913,0.7534884214401245,0.05125,0.97625
615,27,0.1059683313031882,0.05594855305466235,0.9999999999999886,0.5703867364674806,0.7520100474357605,0.054375,0.971875
616,27,0.10686095931987444,0.05644644002565744,0.9999999999999887,0.5704180955328048,0.7527702450752258,0.055,0.974375
617,27,0.10686095931987444,0.05644644002565744,0.9999999999999887,0.5703911357931792,0.752527117729187,0.055,0.974375
618,27,0.10699088145886516,0.05651894669235706,0.9999999999999887,0.5705195068195462,0.7455410957336426,0.055,0.973125
619,27,0.1079754601225971,0.05706874189364458,0.9999999999999887,0.5705167838931083,0.7425641417503357,0.055,0.96375
620,27,0.10771113831079147,0.05692108667529104,0.9999999999999887,0.5705057481303811,0.7423450350761414,0.055,0.96625
621,27,0.10771113831079147,0.05692108667529104,0.9999999999999887,0.5704573379456996,0.7417429685592651,0.055,0.96625
622,27,0.10804174340075708,0.057105775470473685,0.9999999999999887,0.5704572394117713,0.7422359585762024,0.055,0.963125
623,27,0.10777709736670744,0.056957928802588965,0.9999999999999887,0.5705404371395707,0.7452458739280701,0.055,0.965625
624,27,0.10817455439448882,0.05717998700454838,0.9999999999999887,0.5706248555518687,0.745600163936615,0.055,0.961875
625,27,0.1082410824107216,0.05721716514954483,0.9999999999999887,0.5705691841989755,0.7467522621154785,0.055,0.96125
626,27,0.10725167580733287,0.05666452028332257,0.9999999999999887,0.5705604499951005,0.7455135583877563,0.055,0.970625
627,27,0.10686095931987444,0.05644644002565744,0.9999999999999887,0.5705658723413944,0.7481204867362976,0.055,0.974375
628,27,0.10686095931987444,0.05644644002565744,0.9999999999999887,0.5706054779328406,0.7526767253875732,0.055,0.974375
629,27,0.10699088145886516,0.05651894669235706,0.9999999999999887,0.5705735865421593,0.7550277709960938,0.055,0.973125
630,27,0.10686095931987444,0.05644644002565744,0.9999999999999887,0.5704707128368318,0.7605149745941162,0.055,0.974375
631,27,0.10666666666656556,0.05633802816901405,0.9999999999999887,0.5703448269702495,0.758295476436615,0.055,0.97625
632,27,0.10679611650475314,0.056410256410256376,0.9999999999999887,0.5703522554598749,0.7566967010498047,0.055,0.975
633,27,0.10686095931987444,0.05644644002565744,0.9999999999999887,0.5704093591123819,0.7556865811347961,0.055,0.974375
634,27,0.10744810744800565,0.056774193548387065,0.9999999999999887,0.5704457739554346,0.7582932710647583,0.055,0.96875
635,27,0.10744810744800565,0.056774193548387065,0.9999999999999887,0.5704023358784616,0.7589219808578491,0.055,0.96875
636,27,0.10771113831079147,0.05692108667529104,0.9999999999999887,0.570252768471837,0.7550255656242371,0.055,0.96625
637,27,0.10731707317063,0.05670103092783502,0.9999999999999887,0.570259785298258,0.7531725168228149,0.055,0.97
638,27,0.10725167580733287,0.05666452028332257,0.9999999999999887,0.5702739693783223,0.747189998626709,0.055,0.970625
639,27,0.10718635809977663,0.056628056628056596,0.9999999999999887,0.570325824059546,0.7474508285522461,0.055,0.97125
640,27,0.10699088145886516,0.05651894669235706,0.9999999999999887,0.5704017347469926,0.7526575922966003,0.055,0.973125
641,27,0.10679611650475314,0.056410256410256376,0.9999999999999887,0.5703727920725942,0.7506159543991089,0.055,0.975
642,27,0.10699088145886516,0.05651894669235706,0.9999999999999887,0.5703156273439527,0.745141863822937,0.055,0.973125
643,27,0.10699088145886516,0.05651894669235706,0.9999999999999887,0.570198449138552,0.7427239418029785,0.055,0.973125
644,27,0.10692588092334944,0.05648267008985876,0.9999999999999887,0.5702086751908064,0.7439373135566711,0.055,0.97375
645,27,0.10738255033546872,0.05673758865248223,0.9999999999999887,0.5703198458068073,0.7469112277030945,0.055,0.969375
646,27,0.10751374465475458,0.05681084570690765,0.9999999999999887,0.5703962559625506,0.7487461566925049,0.055,0.968125
647,27,0.10731707317063,0.05670103092783502,0.9999999999999887,0.5703358883224428,0.7606949210166931,0.055,0.97
648,27,0.10705596107045817,0.056555269922879146,0.9999999999999887,0.5703359448537231,0.7574076652526855,0.055,0.9725
649,27,0.10705596107045817,0.056555269922879146,0.9999999999999887,0.5704498546011746,0.7588032484054565,0.055,0.9725
650,27,0.10666666666656556,0.05633802816901405,0.9999999999999887,0.570352220069617,0.7621474862098694,0.055,0.97625
651,27,0.10679611650475314,0.056410256410256376,0.9999999999999887,0.5702173071168363,0.7707720994949341,0.055,0.975
652,27,0.10640870616676731,0.056194125159642366,0.9999999999999887,0.5702173626236617,0.7778677344322205,0.055,0.97875
653,27,0.10608800482208144,0.05601527689369825,0.9999999999999887,0.5701297154650092,0.7753524780273438,0.055,0.981875
654,27,0.10615199034971841,0.056050955414012706,0.9999999999999887,0.5701740733347833,0.7721754908561707,0.055,0.98125
655,27,0.10589651022853978,0.055908513341804286,0.9999999999999887,0.5702810686640442,0.7768522500991821,0.055,0.98375
656,27,0.10576923076913046,0.055837563451776616,0.9999999999999887,0.5703429692424834,0.7777132987976074,0.055,0.985
657,27,0.10551558752987593,0.05569620253164554,0.9999999999999887,0.5702824480086565,0.784367561340332,0.055,0.9875
658,27,0.10608800482208144,0.05601527689369825,0.9999999999999887,0.5703324138745666,0.7962597608566284,0.055,0.981875
659,27,0.10596026490056178,0.05594405594405591,0.9999999999999887,0.5703986986726522,0.7914211750030518,0.055,0.983125
660,27,0.10602409638544164,0.055979643765903274,0.9999999999999887,0.5703425776027143,0.7815635204315186,0.055,0.9825
661,27,0.10634441087603211,0.05615826419910654,0.9999999999999887,0.5704213103838265,0.7775828838348389,0.055,0.979375
662,27,0.10653753026624282,0.05626598465473143,0.9999999999999887,0.5702686007507145,0.7779940366744995,0.055,0.9775
663,27,0.10539067231970621,0.05562659846547311,0.9999999999999886,0.5702594112791121,0.7821559309959412,0.054375,0.9775
664,27,0.09418960244639331,0.049422336328626415,0.9999999999999871,0.5702900224365294,0.7893884181976318,0.048125,0.97375
665,27,0.0942472460219419,0.049454078355812434,0.9999999999999871,0.5702848593704403,0.7823395729064941,0.048125,0.973125
666,27,0.09407452657290961,0.04935897435897433,0.9999999999999871,0.570229416359216,0.7788841724395752,0.048125,0.975
667,27,0.0942472460219419,0.049454078355812434,0.9999999999999871,0.5701760094612837,0.7763780355453491,0.048125,0.973125
668,27,0.0942472460219419,0.049454078355812434,0.9999999999999871,0.5702141318842768,0.7780173420906067,0.048125,0.973125
669,27,0.09430496019586837,0.04948586118251925,0.9999999999999871,0.5702589842118323,0.7806373238563538,0.048125,0.9725
670,27,0.09459459459450435,0.04964539007092195,0.9999999999999871,0.5702701395563782,0.7848297357559204,0.048125,0.969375
671,27,0.09552969993867193,0.050160771704180034,0.9999999999999872,0.5703193697147071,0.7779392004013062,0.04875,0.971875
672,27,0.10705596107045817,0.056555269922879146,0.9999999999999887,0.5703780164569616,0.7702555060386658,0.055,0.9725
673,27,0.10718635809977663,0.056628056628056596,0.9999999999999887,0.5704365416616202,0.769586443901062,0.055,0.97125
674,27,0.10725167580733287,0.05666452028332257,0.9999999999999887,0.5705237512290477,0.7717777490615845,0.055,0.970625
675,27,0.10731707317063,0.05670103092783502,0.9999999999999887,0.5706001345999538,0.7706514596939087,0.055,0.97
676,27,0.10744810744800565,0.056774193548387065,0.9999999999999887,0.5706217403151095,0.7707563042640686,0.055,0.96875
677,27,0.10718635809977663,0.056628056628056596,0.9999999999999887,0.5705354614555835,0.7660552859306335,0.055,0.97125
678,27,0.10712111990251565,0.056591639871382604,0.9999999999999887,0.5704417125508189,0.7617059350013733,0.055,0.971875
679,27,0.10738255033546872,0.05673758865248223,0.9999999999999887,0.5704960258491337,0.754288375377655,0.055,0.969375
680,27,0.10705596107045817,0.056555269922879146,0.9999999999999887,0.5706005590595304,0.7592743039131165,0.055,0.9725
681,27,0.10705596107045817,0.056555269922879146,0.9999999999999887,0.570506112575531,0.7613413333892822,0.055,0.9725
682,27,0.10692588092334944,0.05648267008985876,0.9999999999999887,0.5703574452921748,0.7758937478065491,0.055,0.97375
683,27,0.10686095931987444,0.05644644002565744,0.9999999999999887,0.5703312864340842,0.7755022048950195,0.055,0.974375
684,27,0.10615199034971841,0.056050955414012706,0.9999999999999887,0.5702639065124094,0.7749539017677307,0.055,0.98125
685,27,0.10634441087603211,0.05615826419910654,0.9999999999999887,0.5702215979062021,0.7751156091690063,0.055,0.979375
686,27,0.10640870616676731,0.056194125159642366,0.9999999999999887,0.5702925227209925,0.7774054408073425,0.055,0.97875
687,27,0.10679611650475314,0.056410256410256376,0.9999999999999887,0.5702943602204322,0.7762541174888611,0.055,0.975
688,27,0.10666666666656556,0.05633802816901405,0.9999999999999887,0.5702835270762443,0.76926189661026,0.055,0.97625
689,27,0.10660205935786381,0.05630198336532306,0.9999999999999887,0.5703319256193936,0.7662529945373535,0.055,0.976875
690,27,0.10686095931987444,0.05644644002565744,0.9999999999999887,0.5703971480950714,0.7521607279777527,0.055,0.974375
691,27,0.10705596107045817,0.056555269922879146,0.9999999999999887,0.5704450713284314,0.7529577612876892,0.055,0.9725
692,27,0.10744810744800565,0.056774193548387065,0.9999999999999887,0.5704363853670656,0.752730131149292,0.055,0.96875
693,27,0.10725167580733287,0.05666452028332257,0.9999999999999887,0.5704222531989217,0.7516635656356812,0.055,0.970625
694,27,0.10718635809977663,0.056628056628056596,0.9999999999999887,0.5704314992949366,0.7506116628646851,0.055,0.97125
695,27,0.10705596107045817,0.056555269922879146,0.9999999999999887,0.5701963906548917,0.7512648701667786,0.055,0.9725
696,27,0.10712111990251565,0.056591639871382604,0.9999999999999887,0.5702367767132819,0.7550206184387207,0.055,0.971875
697,27,0.10731707317063,0.05670103092783502,0.9999999999999887,0.5702702322602272,0.7540531754493713,0.055,0.97
698,27,0.10712111990251565,0.056591639871382604,0.9999999999999887,0.5703202874213457,0.7512287497520447,0.055,0.971875
699,27,0.10686095931987444,0.05644644002565744,0.9999999999999887,0.5703145866282284,0.7505356669425964,0.055,0.974375
700,27,0.10673135233464716,0.05637411915438818,0.9999999999999887,0.570213948842138,0.7522097826004028,0.055,0.975625
701,27,0.10712111990251565,0.056591639871382604,0.9999999999999887,0.5701841458305716,0.7543886303901672,0.055,0.971875
702,27,0.10673135233464716,0.05637411915438818,0.9999999999999887,0.569828478563577,0.7568308711051941,0.055,0.975625
703,27,0.10699088145886516,0.05651894669235706,0.9999999999999887,0.5699366443231701,0.7685487270355225,0.055,0.973125
704,27,0.10666666666656556,0.05633802816901405,0.9999999999999887,0.5699853559955954,0.7684030532836914,0.055,0.97625
705,27,0.10660205935786381,0.05630198336532306,0.9999999999999887,0.5701870204694569,0.771389365196228,0.055,0.976875
706,27,0.10640870616676731,0.056194125159642366,0.9999999999999887,0.5701089239493012,0.7768357992172241,0.055,0.97875
707,27,0.10628019323661421,0.0561224489795918,0.9999999999999887,0.5701943460851908,0.7839972972869873,0.055,0.98
708,27,0.10634441087603211,0.05615826419910654,0.9999999999999887,0.5700988573953509,0.7802443504333496,0.055,0.979375
709,27,0.10608800482208144,0.05601527689369825,0.9999999999999887,0.5699927613511682,0.7737924456596375,0.055,0.981875
710,27,0.10628019323661421,0.0561224489795918,0.9999999999999887,0.5700031109154224,0.7598150968551636,0.055,0.98
711,27,0.10615199034971841,0.056050955414012706,0.9999999999999887,0.570025918725878,0.7598442435264587,0.055,0.98125
712,27,0.10673135233464716,0.05637411915438818,0.9999999999999887,0.5701574817858637,0.7611771821975708,0.055,0.975625
713,27,0.10666666666656556,0.05633802816901405,0.9999999999999887,0.5700954566895962,0.7603135704994202,0.055,0.97625
714,27,0.10679611650475314,0.056410256410256376,0.9999999999999887,0.5702453027479351,0.7698971629142761,0.055,0.975
715,27,0.10679611650475314,0.056410256410256376,0.9999999999999887,0.5703468257375062,0.7641562223434448,0.055,0.975
716,27,0.10692588092334944,0.05648267008985876,0.9999999999999887,0.5703821752592921,0.7656106948852539,0.055,0.97375
717,27,0.10712111990251565,0.056591639871382604,0.9999999999999887,0.5703809259086847,0.7689254879951477,0.055,0.971875
718,27,0.10725167580733287,0.05666452028332257,0.9999999999999887,0.5702346199937165,0.7712993025779724,0.055,0.970625
719,27,0.10731707317063,0.05670103092783502,0.9999999999999887,0.5701837645284832,0.7688016295433044,0.055,0.97
720,27,0.10712111990251565,0.056591639871382604,0.9999999999999887,0.5702339605242014,0.7684808373451233,0.055,0.971875
721,27,0.10718635809977663,0.056628056628056596,0.9999999999999887,0.5701544846221804,0.7667444348335266,0.055,0.97125
722,27,0.09926470588225847,0.052224371373307515,0.9999999999999877,0.5702953730151057,0.7705454230308533,0.050625,0.969375
723,27,0.09459459459450435,0.04964539007092195,0.9999999999999871,0.5703428023308516,0.7722285985946655,0.048125,0.969375
724,27,0.09465273509517708,0.04967741935483868,0.9999999999999871,0.570316371601075,0.7697328329086304,0.048125,0.96875
725,27,0.0945365254756618,0.04961340206185564,0.9999999999999871,0.5703308775089682,0.7700255513191223,0.048125,0.97
726,27,0.09465273509517708,0.04967741935483868,0.9999999999999871,0.570371872074902,0.7662492990493774,0.048125,0.96875
727,27,0.09459459459450435,0.04964539007092195,0.9999999999999871,0.5704565858840942,0.7707769274711609,0.048125,0.969375
728,27,0.09482758620680609,0.049773755656108566,0.9999999999999871,0.5704865502752363,0.7726762294769287,0.048125,0.966875
729,27,0.09494451294688849,0.04983818770226534,0.9999999999999871,0.570491317808628,0.7757675647735596,0.048125,0.965625
730,27,0.10300429184539574,0.05429864253393662,0.9999999999999881,0.5703895171172917,0.7695729732513428,0.0525,0.966875
731,27,0.10744810744800565,0.056774193548387065,0.9999999999999887,0.5703180905804038,0.7687384486198425,0.055,0.96875
732,27,0.10731707317063,0.05670103092783502,0.9999999999999887,0.5703382988274097,0.7666394114494324,0.055,0.97
733,27,0.10738255033546872,0.05673758865248223,0.9999999999999887,0.5704686122387648,0.7651125192642212,0.055,0.969375
734,27,0.10751374465475458,0.05681084570690765,0.9999999999999887,0.5704372513853013,0.7686070203781128,0.055,0.968125
735,27,0.10744810744800565,0.056774193548387065,0.9999999999999887,0.5703501630015672,0.7658126950263977,0.055,0.96875
736,27,0.10718635809977663,0.056628056628056596,0.9999999999999887,0.5702751252427697,0.7600002884864807,0.055,0.97125
737,27,0.10712111990251565,0.056591639871382604,0.9999999999999887,0.5701787617988885,0.7572602033615112,0.055,0.971875
738,27,0.10705596107045817,0.056555269922879146,0.9999999999999887,0.5702185478992761,0.7557684183120728,0.055,0.9725
739,27,0.10718635809977663,0.056628056628056596,0.9999999999999887,0.570239695366472,0.760090172290802,0.055,0.97125
740,27,0.10731707317063,0.05670103092783502,0.9999999999999887,0.5702320820465684,0.7613345980644226,0.055,0.97
741,27,0.10705596107045817,0.056555269922879146,0.9999999999999887,0.5701649623550474,0.7716386914253235,0.055,0.9725
742,27,0.10699088145886516,0.05651894669235706,0.9999999999999887,0.5701453667134047,0.7679864168167114,0.055,0.973125
743,27,0.10692588092334944,0.05648267008985876,0.9999999999999887,0.5701567621901631,0.7671014666557312,0.055,0.97375
744,27,0.10699088145886516,0.05651894669235706,0.9999999999999887,0.5702622798457742,0.7695367932319641,0.055,0.973125
745,27,0.10731707317063,0.05670103092783502,0.9999999999999887,0.5703303212299943,0.7734363079071045,0.055,0.97
746,27,0.10744810744800565,0.056774193548387065,0.9999999999999887,0.5703026133403182,0.7724841833114624,0.055,0.96875
747,27,0.10692588092334944,0.05648267008985876,0.9999999999999887,0.5702529333904386,0.7686173319816589,0.055,0.97375
748,27,0.10653753026624282,0.05626598465473143,0.9999999999999887,0.5702776847220957,0.7684866189956665,0.055,0.9775
749,27,0.10673135233464716,0.05637411915438818,0.9999999999999887,0.5703480425663292,0.7712300419807434,0.055,0.975625
750,27,0.10686095931987444,0.05644644002565744,0.9999999999999887,0.5703075697086751,0.7743211984634399,0.055,0.974375
751,27,0.10699088145886516,0.05651894669235706,0.9999999999999887,0.5703673618286849,0.7794326543807983,0.055,0.973125
752,27,0.10705596107045817,0.056555269922879146,0.9999999999999887,0.57027967447415,0.7829207181930542,0.055,0.9725
753,27,0.10705596107045817,0.056555269922879146,0.9999999999999887,0.5702901218272746,0.7837949991226196,0.055,0.9725
754,27,0.10725167580733287,0.05666452028332257,0.9999999999999887,0.5703742287494242,0.7870081663131714,0.055,0.970625
755,27,0.10738255033546872,0.05673758865248223,0.9999999999999887,0.5704001856595278,0.7737481594085693,0.055,0.969375
756,27,0.10771113831079147,0.05692108667529104,0.9999999999999887,0.5703997934237123,0.7726935148239136,0.055,0.96625
757,27,0.10764525993873593,0.05688429217840979,0.9999999999999887,0.5704299631528557,0.7723265886306763,0.055,0.966875
758,27,0.10725167580733287,0.05666452028332257,0.9999999999999887,0.5704229226149619,0.772193193435669,0.055,0.970625
759,27,0.10738255033546872,0.05673758865248223,0.9999999999999887,0.5703666741214692,0.7748779058456421,0.055,0.969375
760,27,0.10705596107045817,0.056555269922879146,0.9999999999999887,0.5701874716952443,0.7779326438903809,0.055,0.9725
761,27,0.10653753026624282,0.05626598465473143,0.9999999999999887,0.5700199963897467,0.7896217107772827,0.055,0.9775
762,27,0.10640870616676731,0.056194125159642366,0.9999999999999887,0.570001101307571,0.7858068943023682,0.055,0.97875
763,27,0.10628019323661421,0.0561224489795918,0.9999999999999887,0.5700877293758094,0.7897220253944397,0.055,0.98
764,27,0.10621605310792584,0.05608667941363923,0.9999999999999887,0.5700688759237528,0.7911334037780762,0.055,0.980625
765,27,0.10660205935786381,0.05630198336532306,0.9999999999999887,0.5700635140575468,0.799677312374115,0.055,0.976875
766,27,0.10640870616676731,0.056194125159642366,0.9999999999999887,0.5699750594608486,0.8055889010429382,0.055,0.97875
767,27,0.10640870616676731,0.056194125159642366,0.9999999999999887,0.5699682505428791,0.8086506724357605,0.055,0.97875
768,27,0.10634441087603211,0.05615826419910654,0.9999999999999887,0.5698815602250398,0.8054336309432983,0.055,0.979375
769,27,0.10640870616676731,0.056194125159642366,0.9999999999999887,0.5697901592962444,0.7977973222732544,0.055,0.97875
770,27,0.10621605310792584,0.05608667941363923,0.9999999999999887,0.5698917610570788,0.7954371571540833,0.055,0.980625
771,27,0.10628019323661421,0.0561224489795918,0.9999999999999887,0.5699678870663046,0.7943922877311707,0.055,0.98
772,27,0.10647307924974782,0.05623003194888176,0.9999999999999887,0.569815950896591,0.7984728217124939,0.055,0.978125
773,27,0.10660205935786381,0.05630198336532306,0.9999999999999887,0.5701097702421248,0.799849271774292,0.055,0.976875
774,27,0.10679611650475314,0.056410256410256376,0.9999999999999887,0.5699893013574183,0.7960559129714966,0.055,0.975
775,27,0.10679611650475314,0.056410256410256376,0.9999999999999887,0.5700669984146952,0.7907511591911316,0.055,0.975
776,27,0.10085054677997701,0.05310300703774789,0.999999999999988,0.5699625352956355,0.7787530422210693,0.051875,0.976875
777,27,0.09390243902430064,0.04926423544465768,0.9999999999999871,0.5700917216390371,0.7807350754737854,0.048125,0.976875
778,27,0.09407452657290961,0.04935897435897433,0.9999999999999871,0.5700784161128104,0.7841808199882507,0.048125,0.975
779,27,0.09413202933976347,0.04939063502245026,0.9999999999999871,0.5701085507497191,0.7881025671958923,0.048125,0.974375
780,27,0.09418960244639331,0.049422336328626415,0.9999999999999871,0.5701631100289524,0.7880232930183411,0.048125,0.97375
781,27,0.0939597315435345,0.04929577464788729,0.9999999999999871,0.5700871630758048,0.7843719124794006,0.048125,0.97625
782,27,0.09384521633141563,0.04923273657289,0.9999999999999871,0.5701248826645314,0.7745214104652405,0.048125,0.9775
783,27,0.0935033394048895,0.049044585987261115,0.9999999999999871,0.570285019222647,0.7687779068946838,0.048125,0.98125
784,27,0.099696048632124,0.05246321177223286,0.9999999999999879,0.5702524368278682,0.7708727717399597,0.05125,0.976875
785,27,0.10673135233464716,0.05637411915438818,0.9999999999999887,0.5702908397093416,0.7796630859375,0.055,0.975625
786,27,0.10705596107045817,0.056555269922879146,0.9999999999999887,0.5702695434167981,0.7898849844932556,0.055,0.9725
787,27,0.10673135233464716,0.05637411915438818,0.9999999999999887,0.5701925317570568,0.7949240207672119,0.055,0.975625
788,27,0.10640870616676731,0.056194125159642366,0.9999999999999887,0.5701446864753962,0.7975559234619141,0.055,0.97875
789,27,0.10628019323661421,0.0561224489795918,0.9999999999999887,0.5700474152714015,0.7910767793655396,0.055,0.98
790,27,0.10596026490056178,0.05594405594405591,0.9999999999999887,0.5701041542366148,0.7957325577735901,0.055,0.983125
791,27,0.10608800482208144,0.05601527689369825,0.9999999999999887,0.56997693259269,0.7976316809654236,0.055,0.981875
792,27,0.10615199034971841,0.056050955414012706,0.9999999999999887,0.5699988502450287,0.8005282878875732,0.055,0.98125
793,27,0.10621605310792584,0.05608667941363923,0.9999999999999887,0.5699828812107444,0.8018548488616943,0.055,0.980625
794,27,0.10621605310792584,0.05608667941363923,0.9999999999999887,0.5699658739753067,0.802075207233429,0.055,0.980625
795,27,0.10602409638544164,0.055979643765903274,0.9999999999999887,0.5699683587066829,0.8012133836746216,0.055,0.9825
796,27,0.10615199034971841,0.056050955414012706,0.9999999999999887,0.5700004751048983,0.7896652817726135,0.055,0.98125
797,27,0.10589651022853978,0.055908513341804286,0.9999999999999887,0.5699538666382432,0.7863538265228271,0.055,0.98375
798,27,0.10640870616676731,0.056194125159642366,0.9999999999999887,0.5699500807374716,0.7849994897842407,0.055,0.97875
799,27,0.10634441087603211,0.05615826419910654,0.9999999999999887,0.5699660670384765,0.79078608751297,0.055,0.979375
800,27,0.10608800482208144,0.05601527689369825,0.9999999999999887,0.5698795984126628,0.7982287406921387,0.055,0.981875
801,27,0.10634441087603211,0.05615826419910654,0.9999999999999887,0.5698287798091769,0.8006951808929443,0.055,0.979375
802,27,0.10608800482208144,0.05601527689369825,0.9999999999999887,0.5698478419147431,0.7974156737327576,0.055,0.981875
803,27,0.10621605310792584,0.05608667941363923,0.9999999999999887,0.5698144596070052,0.7880536913871765,0.055,0.980625
804,27,0.10628019323661421,0.0561224489795918,0.9999999999999887,0.5698170169629156,0.7881313562393188,0.055,0.98
805,27,0.10634441087603211,0.05615826419910654,0.9999999999999887,0.5699379489570856,0.8014059662818909,0.055,0.979375
806,27,0.10602409638544164,0.055979643765903274,0.9999999999999887,0.5699392203241587,0.8132482767105103,0.055,0.9825
807,27,0.10615199034971841,0.056050955414012706,0.9999999999999887,0.5698766421340405,0.8171441555023193,0.055,0.98125
808,27,0.10615199034971841,0.056050955414012706,0.9999999999999887,0.5698625426739454,0.8177546262741089,0.055,0.98125
809,27,0.10615199034971841,0.056050955414012706,0.9999999999999887,0.5698405075259507,0.8067106604576111,0.055,0.98125
810,27,0.10640870616676731,0.056194125159642366,0.9999999999999887,0.5698445274308324,0.7969763278961182,0.055,0.97875
811,27,0.10634441087603211,0.05615826419910654,0.9999999999999887,0.5700724055431783,0.7944239974021912,0.055,0.979375
812,27,0.10640870616676731,0.056194125159642366,0.9999999999999887,0.570102646164596,0.8082790970802307,0.055,0.97875
813,27,0.10679611650475314,0.056410256410256376,0.9999999999999887,0.5700624160468578,0.8141739964485168,0.055,0.975
814,27,0.10673135233464716,0.05637411915438818,0.9999999999999887,0.5700368904136122,0.8102310299873352,0.055,0.975625
815,27,0.10634441087603211,0.05615826419910654,0.9999999999999887,0.5699506135471165,0.7968173027038574,0.055,0.979375
816,27,0.10621605310792584,0.05608667941363923,0.9999999999999887,0.570117574390024,0.7910448312759399,0.055,0.980625
817,27,0.10634441087603211,0.05615826419910654,0.9999999999999887,0.5701004483737051,0.7999117374420166,0.055,0.979375
818,27,0.10692588092334944,0.05648267008985876,0.9999999999999887,0.5701984832435847,0.8110406994819641,0.055,0.97375
819,27,0.10725167580733287,0.05666452028332257,0.9999999999999887,0.5701495982706547,0.8152379989624023,0.055,0.970625
820,27,0.10699088145886516,0.05651894669235706,0.9999999999999887,0.5700909304618835,0.8001511096954346,0.055,0.973125
821,27,0.10673135233464716,0.05637411915438818,0.9999999999999887,0.5700630355812609,0.785061240196228,0.055,0.975625
822,27,0.10686095931987444,0.05644644002565744,0.9999999999999887,0.5701108573190868,0.78829425573349,0.055,0.974375
823,27,0.10757946210258756,0.05684754521963821,0.9999999999999887,0.570174404270947,0.7993748784065247,0.055,0.9675
824,27,0.1079754601225971,0.05706874189364458,0.9999999999999887,0.5700924363918602,0.8053529858589172,0.055,0.96375
825,27,0.10738255033546872,0.05673758865248223,0.9999999999999887,0.5700249988771975,0.8000902533531189,0.055,0.969375
826,27,0.10692588092334944,0.05648267008985876,0.9999999999999887,0.5700392388552428,0.7915722727775574,0.055,0.97375
827,27,0.10686095931987444,0.05644644002565744,0.9999999999999887,0.5701374471560121,0.7882975339889526,0.055,0.974375
828,27,0.10725167580733287,0.05666452028332257,0.9999999999999887,0.5701261611096561,0.8032811284065247,0.055,0.970625
829,27,0.10712111990251565,0.056591639871382604,0.9999999999999887,0.570081943962723,0.8216503262519836,0.055,0.971875
830,27,0.10744810744800565,0.056774193548387065,0.9999999999999887,0.5700975776091218,0.8255195021629333,0.055,0.96875
831,27,0.10686095931987444,0.05644644002565744,0.9999999999999887,0.5700794408284128,0.8241056203842163,0.055,0.974375
832,27,0.10634441087603211,0.05615826419910654,0.9999999999999887,0.5698853143304586,0.8059884309768677,0.055,0.979375
833,27,0.10653753026624282,0.05626598465473143,0.9999999999999887,0.5700203773565591,0.7994924187660217,0.055,0.9775
834,27,0.10692588092334944,0.05648267008985876,0.9999999999999887,0.5700791274942457,0.8108630180358887,0.055,0.97375
835,27,0.10673135233464716,0.05637411915438818,0.9999999999999887,0.569775107819587,0.8178195953369141,0.055,0.975625
836,27,0.10634441087603211,0.05615826419910654,0.9999999999999887,0.5699788648076356,0.8092232942581177,0.055,0.979375
837,27,0.10628019323661421,0.0561224489795918,0.9999999999999887,0.5699856018647551,0.7935434579849243,0.055,0.98
838,27,0.10608800482208144,0.05601527689369825,0.9999999999999887,0.5699719429202378,0.7877755165100098,0.055,0.981875
839,27,0.10628019323661421,0.0561224489795918,0.9999999999999887,0.5699540603533387,0.7899324893951416,0.055,0.98
840,27,0.10647307924974782,0.05623003194888176,0.9999999999999887,0.5699161140248179,0.8062745928764343,0.055,0.978125
841,27,0.10666666666656556,0.05633802816901405,0.9999999999999887,0.5702052960544824,0.813527524471283,0.055,0.97625
842,27,0.10615199034971841,0.056050955414012706,0.9999999999999887,0.5701116878539324,0.8035169243812561,0.055,0.98125
843,27,0.10621605310792584,0.05608667941363923,0.9999999999999887,0.5699703071825206,0.7923187017440796,0.055,0.980625
844,27,0.10608800482208144,0.05601527689369825,0.9999999999999887,0.5699646437354385,0.79680335521698,0.055,0.981875
845,27,0.10660205935786381,0.05630198336532306,0.9999999999999887,0.5700384918414056,0.8101997375488281,0.055,0.976875
846,27,0.10666666666656556,0.05633802816901405,0.9999999999999887,0.5700672599114478,0.8133059740066528,0.055,0.97625
847,27,0.10596026490056178,0.05594405594405591,0.9999999999999887,0.5701515344344079,0.8058332204818726,0.055,0.983125
848,27,0.10602409638544164,0.055979643765903274,0.9999999999999887,0.570148872602731,0.7914884090423584,0.055,0.9825
849,27,0.10608800482208144,0.05601527689369825,0.9999999999999887,0.5699745438992977,0.7870917916297913,0.055,0.981875
850,27,0.10589651022853978,0.055908513341804286,0.9999999999999887,0.5699123302102089,0.8013030290603638,0.055,0.98375
851,27,0.0936170212765064,0.04910714285714283,0.9999999999999871,0.5699940052628517,0.8134079575538635,0.048125,0.98
852,27,0.10628019323661421,0.0561224489795918,0.9999999999999887,0.5699980062246323,0.8110089898109436,0.055,0.98
853,27,0.10596026490056178,0.05594405594405591,0.9999999999999887,0.5699126633442938,0.7960456609725952,0.055,0.983125
854,27,0.10589651022853978,0.055908513341804286,0.9999999999999887,0.5698936292529106,0.7910124659538269,0.055,0.98375
855,27,0.10640870616676731,0.056194125159642366,0.9999999999999887,0.5698415015265346,0.7967333793640137,0.055,0.97875
856,27,0.10647307924974782,0.05623003194888176,0.9999999999999887,0.5697361398860812,0.8031231164932251,0.055,0.978125
857,27,0.10699088145886516,0.05651894669235706,0.9999999999999887,0.5699721510149538,0.8121935725212097,0.055,0.973125
858,27,0.10660205935786381,0.05630198336532306,0.9999999999999887,0.5699793028086424,0.8020980954170227,0.055,0.976875
859,27,0.11877624475093793,0.06313775510204078,0.9999999999999899,0.5700139462947845,0.8003355860710144,0.061875,0.98
860,27,0.10660205935786381,0.05630198336532306,0.9999999999999887,0.5698561660945416,0.8039636611938477,0.055,0.976875
861,27,0.10372178157403208,0.05469755469755466,0.9999999999999883,0.5699500199593603,0.8054895997047424,0.053125,0.97125
862,27,0.09815950920236054,0.051612903225806424,0.9999999999999876,0.5701079213246704,0.8164309859275818,0.05,0.96875
863,27,0.09488601355505429,0.04980595084087966,0.9999999999999871,0.5701600203476846,0.8164986371994019,0.048125,0.96625
864,27,0.0950030845156404,0.04987046632124349,0.9999999999999871,0.5701827531680465,0.8147092461585999,0.048125,0.965
865,27,0.09512044471887159,0.04993514915693901,0.9999999999999871,0.5702262568101287,0.8155900835990906,0.048125,0.96375
866,27,0.10751374465475458,0.05681084570690765,0.9999999999999887,0.570246254466474,0.8012890219688416,0.055,0.968125
867,27,0.10731707317063,0.05670103092783502,0.9999999999999887,0.5703367805480957,0.8108986020088196,0.055,0.97
868,27,0.10777709736670744,0.056957928802588965,0.9999999999999887,0.5702555682137609,0.8071157336235046,0.055,0.965625
869,27,0.10777709736670744,0.056957928802588965,0.9999999999999887,0.5702756219729781,0.7992420792579651,0.055,0.965625
870,27,0.10790925812374817,0.05703175631885933,0.9999999999999887,0.5703624514676631,0.8000917434692383,0.055,0.964375
871,27,0.10738255033546872,0.05673758865248223,0.9999999999999887,0.5703278359025716,0.796635627746582,0.055,0.969375
872,27,0.10731707317063,0.05670103092783502,0.9999999999999887,0.5703389877639711,0.7910813689231873,0.055,0.97
873,27,0.10738255033546872,0.05673758865248223,0.9999999999999887,0.5702634895406663,0.7897149324417114,0.055,0.969375
874,27,0.10751374465475458,0.05681084570690765,0.9999999999999887,0.5704048575647175,0.7719696164131165,0.055,0.968125
875,27,0.10757946210258756,0.05684754521963821,0.9999999999999887,0.5702634340338409,0.7687488198280334,0.055,0.9675
876,27,0.10751374465475458,0.05681084570690765,0.9999999999999887,0.5705258491076529,0.7658534646034241,0.055,0.968125
877,27,0.10744810744800565,0.056774193548387065,0.9999999999999887,0.5704747217148542,0.7736735343933105,0.055,0.96875
878,27,0.10686095931987444,0.05644644002565744,0.9999999999999887,0.570496488828212,0.7683584094047546,0.055,0.974375
879,27,0.10660205935786381,0.05630198336532306,0.9999999999999887,0.5704129660129547,0.7757580876350403,0.055,0.976875
880,27,0.10679611650475314,0.056410256410256376,0.9999999999999887,0.570222874507308,0.783470630645752,0.055,0.975
881,27,0.10686095931987444,0.05644644002565744,0.9999999999999887,0.5703271414339542,0.7825254797935486,0.055,0.974375
882,27,0.10481413772080242,0.05530546623794209,0.9999999999999885,0.5701827649585902,0.7810423970222473,0.05375,0.971875
883,27,0.09663608562681923,0.05077120822622105,0.9999999999999875,0.5702262239344418,0.7857725024223328,0.049375,0.9725
884,27,0.09494826536813827,0.04984025559105428,0.9999999999999872,0.5700175188481807,0.8070346117019653,0.04875,0.978125
885,27,0.0939597315435345,0.04929577464788729,0.9999999999999871,0.5700681663863361,0.7993025183677673,0.048125,0.97625
886,27,0.0940170940170043,0.049327354260089655,0.9999999999999871,0.5700023245252669,0.8072333931922913,0.048125,0.975625
887,27,0.09442060085827902,0.04954954954954952,0.9999999999999871,0.5701152609661222,0.8119693398475647,0.048125,0.97125
888,27,0.0945365254756618,0.04961340206185564,0.9999999999999871,0.5701426336728036,0.8119465708732605,0.048125,0.97
889,27,0.0939597315435345,0.04929577464788729,0.9999999999999871,0.570150022059679,0.8065617680549622,0.048125,0.97625
890,27,0.09593199757125039,0.05038265306122446,0.9999999999999875,0.5700534161739051,0.8009322285652161,0.049375,0.98
891,27,0.10399032648115886,0.054846938775510175,0.9999999999999885,0.570032108258456,0.8011345863342285,0.05375,0.98
892,27,0.10564663023669398,0.05576923076923074,0.9999999999999886,0.570197406001389,0.7840346097946167,0.054375,0.975
893,27,0.10712111990251565,0.056591639871382604,0.9999999999999887,0.5703007168136537,0.79353928565979,0.055,0.971875
894,27,0.10712111990251565,0.056591639871382604,0.9999999999999887,0.5701912987418473,0.7887619733810425,0.055,0.971875
895,27,0.10666666666656556,0.05633802816901405,0.9999999999999887,0.5701086265780032,0.7828205823898315,0.055,0.97625
896,27,0.10653753026624282,0.05626598465473143,0.9999999999999887,0.5701520557887853,0.7831502556800842,0.055,0.9775
897,27,0.10679611650475314,0.056410256410256376,0.9999999999999887,0.570279724933207,0.7879179120063782,0.055,0.975
898,27,0.10718635809977663,0.056628056628056596,0.9999999999999887,0.5702859856933356,0.7840620279312134,0.055,0.97125
899,27,0.10731707317063,0.05670103092783502,0.9999999999999887,0.570436056368053,0.781489372253418,0.055,0.97
900,27,0.10731707317063,0.05670103092783502,0.9999999999999887,0.5703859571367502,0.7814161777496338,0.055,0.97
901,27,0.10705596107045817,0.056555269922879146,0.9999999999999887,0.5703067960217595,0.7815898060798645,0.055,0.9725
902,27,0.10725167580733287,0.05666452028332257,0.9999999999999887,0.5704544682987034,0.7831341028213501,0.055,0.970625
903,27,0.10777709736670744,0.056957928802588965,0.9999999999999887,0.5705163893662393,0.7557040452957153,0.055,0.965625
904,27,0.12065813528325028,0.06420233463035016,0.9999999999999899,0.570465883873403,0.754578709602356,0.061875,0.96375
905,27,0.10673135233464716,0.05637411915438818,0.9999999999999887,0.5702532503381371,0.79010009765625,0.055,0.975625
906,27,0.10692588092334944,0.05648267008985876,0.9999999999999887,0.570323225390166,0.789344310760498,0.055,0.97375
907,27,0.10866910866900575,0.0574564234990316,0.9999999999999888,0.570320264659822,0.7902486324310303,0.055625,0.968125
908,27,0.11992731677759762,0.0637886597938144,0.9999999999999899,0.5701753898337484,0.7907560467720032,0.061875,0.97
909,27,0.11985472154952401,0.06374758531873789,0.9999999999999899,0.5702214129641652,0.788386881351471,0.061875,0.970625
910,27,0.12036474164122413,0.06403622250970242,0.9999999999999899,0.5703176812827587,0.753685474395752,0.061875,0.96625
911,27,0.12058465286224951,0.06416072585871675,0.9999999999999899,0.570323618389666,0.7576393485069275,0.061875,0.964375
912,27,0.12065813528325028,0.06420233463035016,0.9999999999999899,0.5699621044844388,0.7483139038085938,0.061875,0.96375
913,27,0.11999999999988709,0.06382978723404252,0.9999999999999899,0.5701473457366228,0.7507495880126953,0.061875,0.969375
914,27,0.12007277137647887,0.06387096774193544,0.9999999999999899,0.5700951534509658,0.7461323738098145,0.061875,0.96875
915,27,0.11900425015167908,0.06326662362814715,0.9999999999999899,0.5702255509793759,0.7304169535636902,0.06125,0.968125
916,27,0.1078431372547998,0.05699481865284971,0.9999999999999887,0.5702280370332301,0.7294776439666748,0.055,0.965
917,27,0.10777709736670744,0.056957928802588965,0.9999999999999887,0.5702036403492093,0.7338815927505493,0.055,0.965625
918,27,0.10718635809977663,0.056628056628056596,0.9999999999999887,0.5701537945121526,0.7370997667312622,0.055,0.97125
919,27,0.10718635809977663,0.056628056628056596,0.9999999999999887,0.5700878436490894,0.7361506819725037,0.055,0.97125
920,27,0.10725167580733287,0.05666452028332257,0.9999999999999887,0.5701625307276845,0.7372968792915344,0.055,0.970625
921,27,0.1079754601225971,0.05706874189364458,0.9999999999999887,0.5701886676065624,0.7337257266044617,0.055,0.96375
922,27,0.10794420861117732,0.057051282051282015,0.9999999999999888,0.5700943228974938,0.78767991065979,0.055625,0.975
923,27,0.1125907990313706,0.05965362411802434,0.9999999999999893,0.5700493638217449,0.791233241558075,0.058125,0.974375
924,27,0.11636363636352663,0.06177606177606174,0.9999999999999897,0.5700013701245189,0.7839317917823792,0.06,0.97125
925,27,0.11970979443761404,0.06366559485530543,0.9999999999999899,0.5700480401702225,0.784509539604187,0.061875,0.971875
926,27,0.13157894736829795,0.07042253521126757,0.999999999999991,0.5700620764866471,0.7828717231750488,0.06875,0.97625
927,27,0.13118664281442707,0.07019783024888318,0.999999999999991,0.5699973822012544,0.78164142370224,0.06875,0.979375
928,27,0.13157894736829795,0.07042253521126757,0.999999999999991,0.5699580414406955,0.7775694131851196,0.06875,0.97625
929,27,0.13197360527882077,0.07064868336544633,0.999999999999991,0.5702686466835439,0.7477455139160156,0.06875,0.973125
930,27,0.13116726835126113,0.07018673535093363,0.9999999999999909,0.5702118285000324,0.7351596355438232,0.068125,0.970625
931,27,0.12727272727260794,0.06796116504854365,0.9999999999999906,0.5702652518264949,0.7327980995178223,0.065625,0.965625
932,27,0.12318840579698571,0.0656370656370656,0.9999999999999902,0.5703023014962674,0.7381285429000854,0.06375,0.97125
933,27,0.11970979443761404,0.06366559485530543,0.9999999999999899,0.5703435344435275,0.7358116507530212,0.061875,0.971875
934,27,0.10744810744800565,0.056774193548387065,0.9999999999999887,0.5701969182677566,0.7384698390960693,0.055,0.96875
935,27,0.10751374465475458,0.05681084570690765,0.9999999999999887,0.5702596605382859,0.7651655673980713,0.055,0.968125
936,27,0.10764525993873593,0.05688429217840979,0.9999999999999887,0.5703976860828698,0.767960786819458,0.055,0.966875
937,27,0.10744810744800565,0.056774193548387065,0.9999999999999887,0.5703475166857243,0.7762662768363953,0.055,0.96875
938,27,0.10764525993873593,0.05688429217840979,0.9999999999999887,0.570362512934953,0.7793766856193542,0.055,0.966875
939,27,0.10757946210258756,0.05684754521963821,0.9999999999999887,0.5704766810871661,0.7821112275123596,0.055,0.9675
940,27,0.10777709736670744,0.056957928802588965,0.9999999999999887,0.5705340554751456,0.777843713760376,0.055,0.965625
941,27,0.10712111990251565,0.056591639871382604,0.9999999999999887,0.5703799305669963,0.7783606648445129,0.055,0.971875
942,27,0.10673135233464716,0.05637411915438818,0.9999999999999887,0.5703389826603233,0.7806533575057983,0.055,0.975625
943,27,0.10757946210258756,0.05684754521963821,0.9999999999999887,0.5704334969632328,0.7848410606384277,0.055,0.9675
944,27,0.10764525993873593,0.05688429217840979,0.9999999999999887,0.5703674248605967,0.788317859172821,0.055,0.966875
945,27,0.10757946210258756,0.05684754521963821,0.9999999999999887,0.5701711095869542,0.7803020477294922,0.055,0.9675
946,27,0.10731707317063,0.05670103092783502,0.9999999999999887,0.5700547550432384,0.785968005657196,0.055,0.97
947,27,0.10705596107045817,0.056555269922879146,0.9999999999999887,0.5700326537713408,0.7873306274414062,0.055,0.9725
948,27,0.10718635809977663,0.056628056628056596,0.9999999999999887,0.5701274945214391,0.7867383360862732,0.055,0.97125
949,27,0.10777709736670744,0.056957928802588965,0.9999999999999887,0.5701679067499935,0.7898005843162537,0.055,0.965625
950,27,0.10777709736670744,0.056957928802588965,0.9999999999999887,0.5701407936401666,0.7888116240501404,0.055,0.965625
951,27,0.11571254567589571,0.06140917905623784,0.9999999999999896,0.5700294531136751,0.7836015224456787,0.059375,0.966875
952,27,0.11985472154952401,0.06374758531873789,0.9999999999999899,0.5700875813141465,0.783056378364563,0.061875,0.970625
953,27,0.11963746223553694,0.06362467866323904,0.9999999999999899,0.5701965079456568,0.7863712906837463,0.061875,0.9725
954,27,0.11999999999988709,0.06382978723404252,0.9999999999999899,0.5702962843887508,0.7722882628440857,0.061875,0.969375
955,27,0.12021857923485951,0.06395348837209298,0.9999999999999899,0.5702860948257148,0.7694363594055176,0.061875,0.9675
956,27,0.11963746223553694,0.06362467866323904,0.9999999999999899,0.5702173103019595,0.7706105709075928,0.061875,0.9725
957,27,0.11949305974641738,0.0635430038510911,0.9999999999999899,0.5701222309470176,0.7720704078674316,0.061875,0.97375
958,27,0.11949305974641738,0.0635430038510911,0.9999999999999899,0.5701587089523673,0.7726454138755798,0.061875,0.97375
959,27,0.11158277744076776,0.05908798972382784,0.9999999999999892,0.5702689244970679,0.7671851515769958,0.0575,0.973125
960,27,0.10744810744800565,0.056774193548387065,0.9999999999999887,0.5702762631699443,0.7673311829566956,0.055,0.96875
961,27,0.10712111990251565,0.056591639871382604,0.9999999999999887,0.5703685510344804,0.7632676362991333,0.055,0.971875
962,27,0.10666666666656556,0.05633802816901405,0.9999999999999887,0.5702958592772484,0.7674776911735535,0.055,0.97625
963,27,0.10634441087603211,0.05615826419910654,0.9999999999999887,0.5703124303184449,0.7680729031562805,0.055,0.979375
964,27,0.10679611650475314,0.056410256410256376,0.9999999999999887,0.5702224129624665,0.7651232481002808,0.055,0.975
965,27,0.10705596107045817,0.056555269922879146,0.9999999999999887,0.5702541901171208,0.7647210955619812,0.055,0.9725
966,27,0.10692588092334944,0.05648267008985876,0.9999999999999887,0.5700512544065713,0.7574729919433594,0.055,0.97375
967,27,0.10679611650475314,0.056410256410256376,0.9999999999999887,0.5703256828337908,0.7708519101142883,0.055,0.975
968,27,0.10673135233464716,0.05637411915438818,0.9999999999999887,0.5701553798653185,0.7774742245674133,0.055,0.975625
969,27,0.10725167580733287,0.05666452028332257,0.9999999999999887,0.570253177843988,0.7784196138381958,0.055,0.970625
970,27,0.10751374465475458,0.05681084570690765,0.9999999999999887,0.5701925726234913,0.7786547541618347,0.055,0.968125
971,27,0.10771113831079147,0.05692108667529104,0.9999999999999887,0.57016586702317,0.7859220504760742,0.055,0.96625
972,27,0.10731707317063,0.05670103092783502,0.9999999999999887,0.5700583539903163,0.7959371209144592,0.055,0.97
973,27,0.10699088145886516,0.05651894669235706,0.9999999999999887,0.5699644639715552,0.7887902855873108,0.055,0.973125
974,27,0.10647307924974782,0.05623003194888176,0.9999999999999887,0.5699783426895738,0.7843127250671387,0.055,0.978125
975,27,0.10647307924974782,0.05623003194888176,0.9999999999999887,0.5700142065435648,0.7866730093955994,0.055,0.978125
976,27,0.10628019323661421,0.0561224489795918,0.9999999999999887,0.5700519157387316,0.7883056402206421,0.055,0.98
977,27,0.10660205935786381,0.05630198336532306,0.9999999999999887,0.5699908263236284,0.7873903512954712,0.055,0.976875
978,27,0.10628019323661421,0.0561224489795918,0.9999999999999887,0.5700012477114796,0.7863955497741699,0.055,0.98
979,27,0.10583283223080762,0.05587301587301584,0.9999999999999887,0.5699407944455743,0.7892699241638184,0.055,0.984375
980,27,0.10596026490056178,0.05594405594405591,0.9999999999999887,0.5698772575706244,0.7914379835128784,0.055,0.983125
981,27,0.10589651022853978,0.055908513341804286,0.9999999999999887,0.5699897573329509,0.7987483143806458,0.055,0.98375
982,27,0.10653753026624282,0.05626598465473143,0.9999999999999887,0.5700530549325049,0.796444833278656,0.055,0.9775
983,27,0.10660205935786381,0.05630198336532306,0.9999999999999887,0.5700546351075172,0.7955220341682434,0.055,0.976875
984,27,0.10640870616676731,0.056194125159642366,0.9999999999999887,0.5700460248626769,0.7930164337158203,0.055,0.97875
985,27,0.10647307924974782,0.05623003194888176,0.9999999999999887,0.5701193350739777,0.7940337657928467,0.055,0.978125
986,27,0.10653753026624282,0.05626598465473143,0.9999999999999887,0.5701238500513136,0.7961036562919617,0.055,0.9775
987,27,0.10686095931987444,0.05644644002565744,0.9999999999999887,0.5700506053864955,0.7935845851898193,0.055,0.974375
988,27,0.10744810744800565,0.056774193548387065,0.9999999999999887,0.5701191499084234,0.7906564474105835,0.055,0.96875
989,27,0.10725167580733287,0.05666452028332257,0.9999999999999887,0.5702794583328068,0.793377697467804,0.055,0.970625
990,27,0.10692588092334944,0.05648267008985876,0.9999999999999887,0.5703463702462613,0.7928841710090637,0.055,0.97375
991,27,0.10686095931987444,0.05644644002565744,0.9999999999999887,0.5700989906676114,0.7935671806335449,0.055,0.974375
992,27,0.10718635809977663,0.056628056628056596,0.9999999999999887,0.5702231890521944,0.7846172451972961,0.055,0.97125
993,27,0.09459459459450435,0.04964539007092195,0.9999999999999871,0.5702138314954937,0.7727316617965698,0.048125,0.969375
994,27,0.09494451294688849,0.04983818770226534,0.9999999999999871,0.5702292921580374,0.7722554206848145,0.048125,0.965625
995,27,0.09459459459450435,0.04964539007092195,0.9999999999999871,0.5702444856055081,0.7758904695510864,0.048125,0.969375
996,27,0.0940170940170043,0.049327354260089655,0.9999999999999871,0.5702254462428391,0.7773030400276184,0.048125,0.975625
997,27,0.09418960244639331,0.049422336328626415,0.9999999999999871,0.5701904329657554,0.7757257223129272,0.048125,0.97375
998,27,0.09447852760727182,0.04958145524790725,0.9999999999999871,0.5702251804620028,0.7692230939865112,0.048125,0.970625
999,27,0.10738255033546872,0.05673758865248223,0.9999999999999887,0.5703731750324369,0.7681230306625366,0.055,0.969375
1000,27,0.10705596107045817,0.056555269922879146,0.9999999999999887,0.5704031382873654,0.7671170234680176,0.055,0.9725
1001,27,0.10653753026624282,0.05626598465473143,0.9999999999999887,0.5702532242052257,0.7929098010063171,0.055,0.9775
1002,27,0.10653753026624282,0.05626598465473143,0.9999999999999887,0.5703537384979427,0.7961956858634949,0.055,0.9775
1003,27,0.10666666666656556,0.05633802816901405,0.9999999999999887,0.5703612061589957,0.8062963485717773,0.055,0.97625
1004,27,0.10705596107045817,0.056555269922879146,0.9999999999999887,0.5702717822417617,0.8031380772590637,0.055,0.9725
1005,27,0.10679611650475314,0.056410256410256376,0.9999999999999887,0.5701573555730284,0.8012853264808655,0.055,0.975
1006,27,0.10596026490056178,0.05594405594405591,0.9999999999999887,0.5701021954603493,0.7991628646850586,0.055,0.983125
1007,27,0.10621605310792584,0.05608667941363923,0.9999999999999887,0.570133998747915,0.8006147146224976,0.055,0.980625
1008,27,0.10640870616676731,0.056194125159642366,0.9999999999999887,0.5702215635962784,0.8135342597961426,0.055,0.97875
1009,27,0.10692588092334944,0.05648267008985876,0.9999999999999887,0.5701780407503247,0.8124754428863525,0.055,0.97375
1010,27,0.10712111990251565,0.056591639871382604,0.9999999999999887,0.5701789044030011,0.8098165392875671,0.055,0.971875
1011,27,0.10640870616676731,0.056194125159642366,0.9999999999999887,0.569951395727694,0.806689441204071,0.055,0.97875
1012,27,0.10615199034971841,0.056050955414012706,0.9999999999999887,0.570000141132623,0.7966492176055908,0.055,0.98125
1013,27,0.10660205935786381,0.05630198336532306,0.9999999999999887,0.5700044186227023,0.8007523417472839,0.055,0.976875
1014,27,0.10699088145886516,0.05651894669235706,0.9999999999999887,0.5700818204879761,0.8116907477378845,0.055,0.973125
1015,27,0.10699088145886516,0.05651894669235706,0.9999999999999887,0.5700924464315176,0.810099720954895,0.055,0.973125
1016,27,0.10725167580733287,0.05666452028332257,0.9999999999999887,0.5700665919110179,0.8076118230819702,0.055,0.970625
1017,27,0.10679611650475314,0.056410256410256376,0.9999999999999887,0.5700024455226957,0.7984859943389893,0.055,0.975
1018,27,0.10679611650475314,0.056410256410256376,0.9999999999999887,0.5700454811006784,0.7978016138076782,0.055,0.975
1019,27,0.10718635809977663,0.056628056628056596,0.9999999999999887,0.5702503220178187,0.793842613697052,0.055,0.97125
1020,27,0.10686095931987444,0.05644644002565744,0.9999999999999887,0.5702883828431368,0.7960218787193298,0.055,0.974375
1021,27,0.10712111990251565,0.056591639871382604,0.9999999999999887,0.5701953805610538,0.7896312475204468,0.055,0.971875
1022,27,0.10712111990251565,0.056591639871382604,0.9999999999999887,0.5702218413725495,0.7873271703720093,0.055,0.971875
1023,27,0.10673135233464716,0.05637411915438818,0.9999999999999887,0.5701307420991362,0.7834666967391968,0.055,0.975625
1024,27,0.10666666666656556,0.05633802816901405,0.9999999999999887,0.570192261133343,0.7770558595657349,0.055,0.97625
1025,27,0.10647307924974782,0.05623003194888176,0.9999999999999887,0.5704186354577542,0.7824707627296448,0.055,0.978125
1026,27,0.10628019323661421,0.0561224489795918,0.9999999999999887,0.5702769638597965,0.7830508351325989,0.055,0.98
1027,27,0.10596026490056178,0.05594405594405591,0.9999999999999887,0.5703252738900483,0.7893158197402954,0.055,0.983125
1028,27,0.10570570570560545,0.055802155992390585,0.9999999999999887,0.5703474780730903,0.7832960486412048,0.055,0.985625
1029,27,0.10576923076913046,0.055837563451776616,0.9999999999999887,0.5701268943585456,0.7777122259140015,0.055,0.985
1030,27,0.10576923076913046,0.055837563451776616,0.9999999999999887,0.5701219947263598,0.7807278633117676,0.055,0.985
1031,27,0.10647307924974782,0.05623003194888176,0.9999999999999887,0.570193151012063,0.7894256711006165,0.055,0.978125
1032,27,0.10679611650475314,0.056410256410256376,0.9999999999999887,0.5701795183494687,0.7995316982269287,0.055,0.975
1033,27,0.10705596107045817,0.056555269922879146,0.9999999999999887,0.5700660696811974,0.798666775226593,0.055,0.9725
1034,27,0.09418960244638122,0.049773755656108566,0.8749999999999901,0.569925424773246,0.7774789929389954,0.055,0.966875
1035,27,0.09373097991468853,0.04951768488745978,0.8749999999999901,0.5700560226105154,0.7677062749862671,0.055,0.971875
1036,27,0.09436274509793709,0.04987046632124349,0.8749999999999901,0.5701235318742692,0.7800461053848267,0.055,0.965
1037,27,0.09476923076912823,0.05009759271307739,0.8749999999999901,0.5700534674338996,0.7892674803733826,0.055,0.960625
1038,27,0.09506172839495888,0.0502610966057441,0.8749999999999901,0.5700123044289649,0.7845422625541687,0.055,0.9575
1039,27,0.09517923362165229,0.05032679738562088,0.8749999999999901,0.5701016327552497,0.7823915481567383,0.055,0.95625
1040,27,0.09517923362165229,0.05032679738562088,0.8749999999999901,0.570045601259917,0.7808875441551208,0.055,0.95625
1041,27,0.09494451294687631,0.050195567144719656,0.8749999999999901,0.57005191847682,0.7793354392051697,0.055,0.95875
1042,27,0.10757946210258756,0.05684754521963821,0.9999999999999887,0.5702391022071243,0.7746802568435669,0.055,0.9675
1043,27,0.10712111990251565,0.056591639871382604,0.9999999999999887,0.5702367567829788,0.7883630990982056,0.055,0.971875
1044,27,0.10718635809977663,0.056628056628056596,0.9999999999999887,0.5701546471938491,0.7876517176628113,0.055,0.97125
1045,27,0.10725167580733287,0.05666452028332257,0.9999999999999887,0.5701227355189622,0.7930169105529785,0.055,0.970625
1046,27,0.10744810744800565,0.056774193548387065,0.9999999999999887,0.5702843404375016,0.7997599244117737,0.055,0.96875
1047,27,0.10738255033546872,0.05673758865248223,0.9999999999999887,0.570286150611937,0.8043848872184753,0.055,0.969375
1048,27,0.10609756097550915,0.05602060528010299,0.9999999999999886,0.5701733538508416,0.7946070432662964,0.054375,0.970625
1049,27,0.09476923076914037,0.049741602067183435,0.9999999999999871,0.5704302153550088,0.7993668913841248,0.048125,0.9675
1050,27,0.09494451294688849,0.04983818770226534,0.9999999999999871,0.5704050004668534,0.8065165281295776,0.048125,0.965625
1051,27,0.0950030845156404,0.04987046632124349,0.9999999999999871,0.5702951398305595,0.7937865853309631,0.048125,0.965
1052,27,0.09488601355505429,0.04980595084087966,0.9999999999999871,0.5702589057385922,0.7824755907058716,0.048125,0.96625
1053,27,0.10673135233464716,0.05637411915438818,0.9999999999999887,0.5701778757199645,0.7815412878990173,0.055,0.975625
1054,27,0.10692588092334944,0.05648267008985876,0.9999999999999887,0.5702530236728489,0.7812533378601074,0.055,0.97375
1055,27,0.10725167580733287,0.05666452028332257,0.9999999999999887,0.5701883898116649,0.7788638472557068,0.055,0.970625
1056,27,0.10712111990251565,0.056591639871382604,0.9999999999999887,0.5703246300108731,0.7862266898155212,0.055,0.971875
1057,27,0.10705596107045817,0.056555269922879146,0.9999999999999887,0.5700844440981746,0.796818733215332,0.055,0.9725
1058,27,0.10315533980572728,0.05438259756877796,0.9999999999999883,0.5702047012001276,0.7948535680770874,0.053125,0.976875
1059,27,0.11104331909690536,0.05878552971576224,0.9999999999999891,0.5704073176346719,0.783149778842926,0.056875,0.9675
1060,27,0.10655235762390389,0.056274256144890004,0.9999999999999886,0.5703953390009702,0.7753286361694336,0.054375,0.96625
1061,27,0.10705596107045817,0.056555269922879146,0.9999999999999887,0.5703924174234271,0.7741856575012207,0.055,0.9725
1062,27,0.10744810744800565,0.056774193548387065,0.9999999999999887,0.5703747645393014,0.7751957774162292,0.055,0.96875
1063,27,0.10725167580733287,0.05666452028332257,0.9999999999999887,0.5701655064336956,0.7750855684280396,0.055,0.970625
1064,27,0.10679611650475314,0.056410256410256376,0.9999999999999887,0.5701238728128374,0.7743557095527649,0.055,0.975
1065,27,0.10666666666656556,0.05633802816901405,0.9999999999999887,0.5701405621133745,0.77450031042099,0.055,0.97625
1066,27,0.10705596107045817,0.056555269922879146,0.9999999999999887,0.5702950541861356,0.7752367258071899,0.055,0.9725
1067,27,0.10705596107045817,0.056555269922879146,0.9999999999999887,0.5704647091403604,0.7663463354110718,0.055,0.9725
1068,27,0.10718635809977663,0.056628056628056596,0.9999999999999887,0.5703434010967612,0.7633817791938782,0.055,0.97125
1069,27,0.10764525993873593,0.05688429217840979,0.9999999999999887,0.5702764841169119,0.7669935822486877,0.055,0.966875
1070,27,0.10673135233464716,0.05637411915438818,0.9999999999999887,0.5702555469237268,0.7725903987884521,0.055,0.975625
1071,27,0.10628019323661421,0.0561224489795918,0.9999999999999887,0.5702450002543629,0.7730975151062012,0.055,0.98
1072,27,0.10666666666656556,0.05633802816901405,0.9999999999999887,0.5702499228157103,0.7763192057609558,0.055,0.97625
1073,27,0.1012812690664077,0.05334190231362465,0.999999999999988,0.5703217580355704,0.7654991149902344,0.051875,0.9725
1074,27,0.09926470588225847,0.052224371373307515,0.9999999999999877,0.5703143039345742,0.7581650614738464,0.050625,0.969375
1075,27,0.0988407565587833,0.05198973042362,0.9999999999999877,0.5702509455755354,0.764259934425354,0.050625,0.97375
1076,27,0.09610705596097896,0.050479233226837034,0.9999999999999875,0.570286127217114,0.7489733695983887,0.049375,0.978125
1077,27,0.09373097991470057,0.049169859514687074,0.9999999999999871,0.5703377624042332,0.7475904822349548,0.048125,0.97875
1078,27,0.09430496019586837,0.04948586118251925,0.9999999999999871,0.5703919238969684,0.7504597902297974,0.048125,0.9725
1079,27,0.09459459459450435,0.04964539007092195,0.9999999999999871,0.5704907264560461,0.7447506189346313,0.048125,0.969375
1080,27,0.09447852760727182,0.04958145524790725,0.9999999999999871,0.5704324571788311,0.7437101006507874,0.048125,0.970625
1081,27,0.10024449877741076,0.052767052767052736,0.9999999999999879,0.5704013358801603,0.7509901523590088,0.05125,0.97125
1082,27,0.10237659963427204,0.05394990366088629,0.9999999999999881,0.5704070854745805,0.7550950050354004,0.0525,0.973125
1083,27,0.10256410256400512,0.05405405405405402,0.9999999999999881,0.570390867292881,0.7547574043273926,0.0525,0.97125
1084,27,0.1049420378278443,0.05537669027688342,0.9999999999999885,0.5703465022891759,0.7549866437911987,0.05375,0.970625
1085,27,0.10731707317063,0.05670103092783502,0.9999999999999887,0.5704000229388475,0.7685326933860779,0.055,0.97
1086,27,0.10712111990251565,0.056591639871382604,0.9999999999999887,0.5703409580886364,0.7782780528068542,0.055,0.971875
1087,27,0.10679611650475314,0.056410256410256376,0.9999999999999887,0.570253549925983,0.7862225770950317,0.055,0.975
1088,27,0.10705596107045817,0.056555269922879146,0.9999999999999887,0.5702466353401542,0.7908205389976501,0.055,0.9725
1089,27,0.10712111990251565,0.056591639871382604,0.9999999999999887,0.5703083424270153,0.7846325039863586,0.055,0.971875
1090,27,0.10731707317063,0.05670103092783502,0.9999999999999887,0.5703964593820274,0.7732521295547485,0.055,0.97
1091,27,0.10771113831079147,0.05692108667529104,0.9999999999999887,0.5704492480307818,0.7660400867462158,0.055,0.96625
1092,27,0.10731707317063,0.05670103092783502,0.9999999999999887,0.5704136743582785,0.7780485153198242,0.055,0.97
1093,27,0.10744810744800565,0.056774193548387065,0.9999999999999887,0.5703639538772404,0.7756848335266113,0.055,0.96875
1094,27,0.10771113831079147,0.05692108667529104,0.9999999999999887,0.5702796365693211,0.7738920450210571,0.055,0.96625
1095,27,0.10751374465475458,0.05681084570690765,0.9999999999999887,0.5703935157135129,0.7596163749694824,0.055,0.968125
1096,27,0.10751374465475458,0.05681084570690765,0.9999999999999887,0.5704748355783522,0.7604060769081116,0.055,0.968125
1097,27,0.10705596107045817,0.056555269922879146,0.9999999999999887,0.5704386067949235,0.7721449732780457,0.055,0.9725
1098,27,0.10686095931987444,0.05644644002565744,0.9999999999999887,0.5703593066893518,0.7739260792732239,0.055,0.974375
1099,27,0.10660205935786381,0.05630198336532306,0.9999999999999887,0.5702980683743953,0.7688009142875671,0.055,0.976875
1100,27,0.10673135233464716,0.05637411915438818,0.9999999999999887,0.5702815502509475,0.7699030041694641,0.055,0.975625
1101,27,0.10686095931987444,0.05644644002565744,0.9999999999999887,0.5703673776425421,0.7651023268699646,0.055,0.974375
1102,27,0.10660205935786381,0.05630198336532306,0.9999999999999887,0.5704189693368972,0.7621975541114807,0.055,0.976875
1103,27,0.10660205935786381,0.05630198336532306,0.9999999999999887,0.5703433613479137,0.752970278263092,0.055,0.976875
1104,27,0.10686095931987444,0.05644644002565744,0.9999999999999887,0.5702881968393921,0.7587944865226746,0.055,0.974375
1105,27,0.10653753026624282,0.05626598465473143,0.9999999999999887,0.5702382585965097,0.7643592357635498,0.055,0.9775
1106,27,0.10621605310792584,0.05608667941363923,0.9999999999999887,0.570299303419888,0.7674057483673096,0.055,0.980625
1107,27,0.10673135233464716,0.05637411915438818,0.9999999999999887,0.5702135440148414,0.7732798457145691,0.055,0.975625
1108,27,0.10679611650475314,0.056410256410256376,0.9999999999999887,0.5702206276915968,0.7669587135314941,0.055,0.975
1109,27,0.10686095931987444,0.05644644002565744,0.9999999999999887,0.5703228177689016,0.7666412591934204,0.055,0.974375
1110,27,0.10634441087603211,0.05615826419910654,0.9999999999999887,0.5701879500970244,0.7939317226409912,0.055,0.979375
1111,27,0.10686095931987444,0.05644644002565744,0.9999999999999887,0.5702262233383953,0.7920450568199158,0.055,0.974375
1112,27,0.10647307924974782,0.05623003194888176,0.9999999999999887,0.5701720711775125,0.8063872456550598,0.055,0.978125
1113,27,0.10647307924974782,0.05623003194888176,0.9999999999999887,0.5701158610731363,0.8071957230567932,0.055,0.978125
1114,27,0.10692588092334944,0.05648267008985876,0.9999999999999887,0.5702328629978001,0.7980661988258362,0.055,0.97375
1115,27,0.10686095931987444,0.05644644002565744,0.9999999999999887,0.5701263872720301,0.8020977973937988,0.055,0.974375
1116,27,0.10634441087603211,0.05615826419910654,0.9999999999999887,0.5701223628036678,0.8025335669517517,0.055,0.979375
1117,27,0.10673135233464716,0.05637411915438818,0.9999999999999887,0.5701102079451084,0.7892677783966064,0.055,0.975625
1118,27,0.10686095931987444,0.05644644002565744,0.9999999999999887,0.5701760715991259,0.7851458787918091,0.055,0.974375
1119,27,0.10653753026624282,0.05626598465473143,0.9999999999999887,0.5699614982120693,0.7917318344116211,0.055,0.9775
1120,27,0.10679611650475314,0.056410256410256376,0.9999999999999887,0.5703747361153364,0.7879988551139832,0.055,0.975
1121,27,0.10718635809977663,0.056628056628056596,0.9999999999999887,0.5701557974144816,0.7805461883544922,0.055,0.97125
1122,27,0.10692588092334944,0.05648267008985876,0.9999999999999887,0.5701572562381625,0.7861895561218262,0.055,0.97375
1123,27,0.10653753026624282,0.05626598465473143,0.9999999999999887,0.5702964938431978,0.7811434864997864,0.055,0.9775
1124,27,0.10673135233464716,0.05637411915438818,0.9999999999999887,0.5702851767651737,0.7843394875526428,0.055,0.975625
1125,27,0.10660205935786381,0.05630198336532306,0.9999999999999887,0.570264963787049,0.7798154354095459,0.055,0.976875
1126,27,0.10738255033546872,0.05673758865248223,0.9999999999999887,0.5702922058664263,0.7694580554962158,0.055,0.969375
1127,27,0.10049019607833581,0.052903225806451584,0.9999999999999879,0.5703225853480398,0.7666712403297424,0.05125,0.96875
1128,27,0.0945365254756618,0.04961340206185564,0.9999999999999871,0.5702386974915862,0.7654783725738525,0.048125,0.97
1129,27,0.09436274509794917,0.04951768488745978,0.9999999999999871,0.570364295411855,0.7773565649986267,0.048125,0.971875
1130,27,0.09476923076914037,0.049741602067183435,0.9999999999999871,0.5704412551224232,0.7752792239189148,0.048125,0.9675
1131,27,0.09494451294688849,0.04983818770226534,0.9999999999999871,0.5705047899484634,0.7609531879425049,0.048125,0.965625
1132,27,0.09529702970287941,0.050032488628979827,0.9999999999999871,0.570621482860297,0.7602187395095825,0.048125,0.961875
1133,27,0.0950030845156404,0.04987046632124349,0.9999999999999871,0.5705796350724995,0.7645391821861267,0.048125,0.965
1134,27,0.09413202933976347,0.04939063502245026,0.9999999999999871,0.5707491607964039,0.7688863277435303,0.048125,0.974375
1135,27,0.10091185410324753,0.053137003841229165,0.999999999999988,0.5706291032955051,0.7705647945404053,0.051875,0.97625
1136,27,0.10666666666656556,0.05633802816901405,0.9999999999999887,0.5707365684397518,0.7685081362724304,0.055,0.97625
1137,27,0.10666666666656556,0.05633802816901405,0.9999999999999887,0.5707010269165039,0.763221025466919,0.055,0.97625
1138,27,0.10660205935786381,0.05630198336532306,0.9999999999999887,0.5705369537323713,0.7647861242294312,0.055,0.976875
1139,27,0.10602409638544164,0.055979643765903274,0.9999999999999887,0.5704601116478443,0.7650880813598633,0.055,0.9825
1140,27,0.10576923076913046,0.055837563451776616,0.9999999999999887,0.5704173103161156,0.7667492628097534,0.055,0.985
1141,27,0.10583283223080762,0.05587301587301584,0.9999999999999887,0.5703617692366243,0.7674546837806702,0.055,0.984375
1142,27,0.10647307924974782,0.05623003194888176,0.9999999999999887,0.5701654965989291,0.7683143019676208,0.055,0.978125
1143,27,0.10673135233464716,0.05637411915438818,0.9999999999999887,0.5703866033442319,0.7711833715438843,0.055,0.975625
1144,28,0.09413202933976347,0.04939063502245026,0.9999999999999871,0.5710351331345737,0.8420757055282593,0.048125,0.974375
1145,28,0.0931076178959208,0.04882688649334176,0.9999999999999871,0.5708448764495552,0.8588092923164368,0.048125,0.985625
1146,28,0.0929390464694345,0.04873417721518985,0.9999999999999871,0.5705091050639749,0.8667085766792297,0.048125,0.9875
1147,28,0.09265944644997169,0.04858044164037852,0.9999999999999871,0.5697529258020222,0.9121523499488831,0.048125,0.990625
1148,28,0.08098159509194673,0.04219948849104857,0.9999999999999849,0.5717707290686667,0.7810318470001221,0.04125,0.9775
1149,28,0.09373097991470057,0.049169859514687074,0.9999999999999871,0.5717381172627211,0.7871150970458984,0.048125,0.97875
1150,28,0.0940170940170043,0.049327354260089655,0.9999999999999871,0.5713616364449262,0.8035423755645752,0.048125,0.975625
1151,28,0.09378806333730393,0.04920127795527154,0.9999999999999871,0.5712057942152023,0.800523579120636,0.048125,0.978125
1152,28,0.09384521633141563,0.04923273657289,0.9999999999999871,0.5711928129754961,0.8018179535865784,0.048125,0.9775
1153,28,0.08118081180804008,0.04230769230769228,0.9999999999999849,0.5709473486244678,0.8003393411636353,0.04125,0.975
1154,28,0.0935033394048895,0.049044585987261115,0.9999999999999871,0.571068650688976,0.788896381855011,0.048125,0.98125
1155,28,0.09333333333324424,0.048951048951048924,0.9999999999999871,0.5709872557036578,0.7876183390617371,0.048125,0.983125
1156,28,0.08123076923069121,0.04233483001924308,0.9999999999999849,0.5715670073218644,0.7836392521858215,0.04125,0.974375
1157,28,0.09299516908203681,0.04876504116529446,0.9999999999999871,0.5709837185405194,0.7860411405563354,0.048125,0.986875
1158,28,0.09356014580793014,0.04907584448693433,0.9999999999999871,0.5709573586285114,0.7985583543777466,0.048125,0.980625
1159,28,0.10576923076913046,0.055837563451776616,0.9999999999999887,0.5710999031364917,0.7537736892700195,0.055,0.985
1160,28,0.10576923076913046,0.055837563451776616,0.9999999999999887,0.571310608331114,0.7498442530632019,0.055,0.985
